Galaxy,Subsample,Filter,z,t_L (Gyr),λ rf (μm),M rf,M F814W,N arms,R_25 (kpc),D/T,B/T,Bar/T,R/T,S/T,Disc h (kpc),Disc h err,Disc I_0 (μJy/sq.arcsec),Disc I_0 err,Bulge r_e (kpc),Bulge r_e err,Bulge I_e (μJy/sq.arcsec),Bulge I_e err,Bulge n,Bulge n err,Bar r_e (kpc),Bar r_e err,Bar I_e (μJy/sq.arcsec),Bar I_e err,Bar n,Bar n err,μ (deg),μ std,Δμ (deg),Δμ std,l_ψ (deg),l_ψ std,w (kpc),w std,r_end (kpc),r_end err,h_s (kpc),h_s std,W_i,W_i std,S,S std,A_sp
g1,COSMOS,F814W,0.376,4.08,0.586,-21.0,-21.44,2,14.871,0.573,0.056,0.0,0.0,0.371,3.332,0.049,17.6,0.8,0.991,0.042,17.3,1.1,0.65,0.07,,,,,,,10.8,3.3,-9.4,17.9,415.9,36.3,1.693,0.248,12821.007,0.0,6.955,3.829,1.76,0.66,0.18,0.19,0.257
g2,COSMOS,F814W,0.367,4.01,0.59,-21.32,-22.13,4,9.448,0.501,0.39,0.0,0.0,0.11,1.55,0.085,95.4,37.3,1.347,0.234,48.0,2.1,1.19,0.1,,,,,,,23.4,7.1,-19.9,27.9,143.8,46.9,0.785,0.033,5031.255,480.846,1.614,0.023,1.15,0.14,0.06,0.01,0.749
g4,COSMOS,F814W,0.381,4.13,0.584,-21.86,-22.46,4,16.122,0.511,0.079,0.0,0.0,0.41,3.053,0.034,41.3,2.5,1.279,0.366,12.8,5.2,2.45,0.43,,,,,,,17.4,4.1,-13.6,22.8,205.3,44.1,2.555,0.648,16232.757,0.0,5.755,4.764,3.94,5.59,-0.05,0.38,0.291
g5,COSMOS,F814W,0.376,4.09,0.586,-20.59,-20.95,2,9.071,0.747,0.027,0.0,0.0,0.226,1.773,0.013,61.0,1.1,0.35,0.034,29.9,6.3,0.77,0.3,,,,,,,21.2,3.6,-7.0,0.9,185.6,23.7,0.996,0.052,7816.588,0.0,11.001,8.025,2.1,1.06,-0.1,0.43,0.452
g7,COSMOS,F814W,0.31,3.51,0.615,-21.48,-22.28,2,14.334,0.294,0.207,0.418,0.0,0.082,3.864,0.063,11.4,0.6,0.448,0.01,289.6,7.5,1.19,0.04,2.185,0.037,41.2,1.5,1.06,0.04,6.4,0.3,-17.5,9.8,235.7,33.4,2.952,0.189,8809.332,424.198,1.962,0.733,7.58,6.99,-0.1,0.07,0.374
g8,COSMOS,F814W,0.268,3.12,0.636,-21.41,-21.91,2,14.953,0.462,0.053,0.221,0.0,0.265,3.859,0.049,16.8,0.8,0.488,0.026,63.0,4.4,1.06,0.09,2.907,0.067,14.7,0.5,0.55,0.03,15.2,1.5,6.6,5.8,243.8,5.4,1.567,0.015,9859.575,0.0,1.926,0.378,1.09,0.19,0.07,0.19,0.205
g9,COSMOS,F814W,0.93,7.42,0.418,-22.35,-23.07,3,24.545,0.516,0.244,0.0,0.0,0.24,4.644,0.078,30.9,1.6,0.525,0.06,255.9,60.1,5.15,0.73,,,,,,,20.9,7.7,-36.3,25.6,200.7,31.4,2.213,0.608,12733.876,407.153,14.397,5.825,4.38,6.86,-0.04,0.24,0.447
g11,COSMOS,F814W,0.31,3.51,0.615,-21.2,-21.68,2,15.457,0.527,0.039,0.054,0.0,0.38,3.116,0.042,24.6,0.5,0.756,0.02,28.4,1.3,0.56,0.05,2.628,0.0,6.4,0.2,0.25,0.0,11.0,3.0,-10.4,26.2,314.2,15.2,3.098,0.051,12295.202,257.599,6.232,1.889,1.0,0.0,0.0,0.0,0.338
g12,COSMOS,F814W,0.249,2.93,0.645,-21.86,-22.59,2,14.006,0.357,0.056,0.328,0.0,0.259,2.831,0.016,40.1,0.8,0.182,0.004,913.6,33.7,0.78,0.06,2.085,0.01,103.1,0.6,0.5,0.01,15.7,3.9,-25.5,41.7,225.7,30.8,2.249,0.127,8278.354,156.924,4.474,0.765,1.18,0.04,0.25,0.31,0.179
g13,COSMOS,F814W,0.274,3.17,0.633,-20.37,-20.69,3,8.831,0.716,0.032,0.124,0.0,0.128,1.444,0.013,74.6,1.6,0.298,0.02,83.2,9.9,0.31,0.14,1.52,0.063,11.9,0.9,1.27,0.12,15.6,3.5,-20.8,27.6,227.9,33.2,1.341,0.096,16087.044,2366.653,1.527,0.373,1.58,1.13,0.2,0.24,0.355
g14,COSMOS,F814W,0.897,7.28,0.425,-22.2,-22.82,3,25.647,0.692,0.121,0.0,0.0,0.188,6.067,0.088,20.0,0.6,1.372,0.056,44.7,3.4,1.01,0.09,,,,,,,16.3,2.7,-4.1,19.1,331.8,107.9,1.47,0.294,15640.487,960.058,13.688,7.074,4.54,1.28,0.36,0.09,0.602
g15,COSMOS,F814W,0.982,7.64,0.407,-21.15,-21.62,2,13.287,0.646,0.204,0.0,0.0,0.151,2.744,0.08,34.6,2.4,0.974,0.044,53.1,3.6,0.66,0.09,,,,,,,8.9,3.8,-33.7,7.3,186.4,35.7,0.848,0.069,6679.099,786.198,2.615,0.07,4.57,4.04,0.33,0.09,0.961
g16,COSMOS,F814W,0.28,3.23,0.63,-20.75,-21.3,2,12.797,0.739,0.136,0.0,0.0,0.126,1.669,0.007,80.2,0.9,0.33,0.006,199.5,4.9,1.0,0.0,,,,,,,13.8,5.0,-1.4,2.8,376.6,39.4,0.91,0.301,10530.814,168.595,5.25,0.006,6.4,1.18,0.15,0.19,0.599
g17,COSMOS,F814W,0.316,3.56,0.612,-21.85,-22.53,2,15.713,0.504,0.071,0.239,0.0,0.186,3.233,0.012,39.5,0.5,0.398,0.009,257.7,11.1,1.15,0.07,2.399,0.02,68.0,0.7,0.53,0.01,14.2,0.1,-35.3,10.3,204.0,4.0,2.305,0.696,8582.032,0.0,3.341,0.282,4.12,2.62,-0.24,0.16,0.349
g18,COSMOS,F814W,0.69,6.25,0.477,-22.39,-23.02,2,22.743,0.591,0.137,0.0,0.0,0.272,4.173,0.036,45.7,1.3,1.212,0.094,61.1,8.7,2.76,0.23,,,,,,,14.0,4.5,-29.2,8.0,246.8,20.7,2.957,0.885,12172.416,327.591,4.017,1.034,6.28,6.05,0.25,0.07,0.571
g19,COSMOS,F814W,0.352,3.88,0.596,-22.3,-22.99,2,22.388,0.625,0.095,0.02,0.0,0.26,4.607,0.019,34.4,0.4,1.207,0.019,62.8,1.8,0.66,0.04,0.318,0.013,305.5,25.3,0.45,0.12,15.8,0.7,-26.4,9.3,392.6,25.2,2.942,0.149,15587.349,143.59,5.945,0.572,0.66,0.2,0.28,0.3,0.255
g20,COSMOS,F814W,0.303,3.44,0.619,-20.99,-21.43,5,15.353,0.796,0.057,0.0,0.0,0.147,3.497,0.024,23.5,0.4,0.958,0.082,10.2,1.3,1.39,0.15,,,,,,,23.8,1.9,-13.1,28.6,145.4,57.8,1.394,0.289,11926.332,251.952,19.588,14.437,4.97,2.19,0.14,0.27,0.727
g21,COSMOS,F814W,0.844,7.04,0.437,-22.34,-22.96,2,21.688,0.402,0.265,0.196,0.0,0.137,4.167,0.06,40.0,1.4,0.267,0.008,2714.0,133.0,0.83,0.1,2.604,0.045,64.1,2.1,0.3,0.03,19.5,4.5,-58.0,8.1,176.5,40.6,1.529,0.084,8292.06,380.849,2.972,0.416,4.01,1.31,-0.22,0.21,0.751
g22,COSMOS,F814W,0.233,2.77,0.654,-22.35,-22.89,6,19.872,0.623,0.062,0.034,0.0,0.281,3.92,0.008,47.7,0.3,0.341,0.007,325.3,11.1,1.26,0.05,1.627,0.031,27.0,1.2,0.32,0.02,14.6,7.3,-0.8,20.6,250.6,105.6,1.92,0.717,12273.124,320.343,11.714,7.464,4.6,2.72,0.04,0.17,0.303
g23,COSMOS,F814W,0.687,6.23,0.478,-21.43,-21.96,2,18.157,0.839,0.013,0.0,0.0,0.148,3.826,0.037,29.0,0.6,1.43,0.326,3.3,0.9,1.0,0.0,,,,,,,15.1,1.4,3.0,1.7,158.8,36.3,1.633,0.431,11343.68,616.144,2.536,0.362,0.59,0.2,0.46,0.04,0.937
g26,COSMOS,F814W,0.2,2.43,0.672,-21.98,-22.28,2,16.377,0.564,0.093,0.0,0.0,0.343,3.038,0.009,59.2,0.6,1.003,0.008,59.9,0.7,0.52,0.01,,,,,,,14.5,2.2,-2.3,3.8,441.2,110.7,1.729,0.253,10474.006,44.378,3.417,0.39,1.93,0.28,-0.29,0.04,0.512
g27,COSMOS,F814W,0.369,4.03,0.589,-21.38,-22.18,2,12.017,0.362,0.135,0.42,0.0,0.083,2.892,0.031,21.0,0.6,0.536,0.026,106.3,7.7,1.56,0.11,2.952,0.049,27.0,1.0,1.08,0.03,6.8,2.3,-13.1,34.9,155.5,18.8,2.083,0.013,7264.376,0.0,9.804,7.605,0.79,0.25,-0.25,0.25,0.575
g29,COSMOS,F814W,0.801,6.83,0.448,-21.96,-22.59,3,20.226,0.562,0.087,0.0,0.0,0.352,3.845,0.055,33.3,1.9,1.505,0.609,12.2,8.5,3.63,1.01,,,,,,,16.9,1.9,-13.6,30.2,213.0,40.7,2.1,1.192,13348.46,0.0,16.255,8.043,3.38,2.94,-0.16,0.14,0.721
g31,COSMOS,F814W,0.232,2.76,0.654,-20.98,-21.44,2,8.698,0.494,0.332,0.0,0.0,0.174,1.371,0.007,97.1,1.8,0.397,0.003,419.7,4.6,1.0,0.0,,,,,,,12.3,2.9,-23.4,21.0,273.5,15.7,1.203,0.0,5211.64,0.0,1.043,0.565,4.51,2.94,0.38,0.1,0.303
g32,COSMOS,F814W,0.231,2.75,0.655,-22.2,-22.77,4,14.032,0.303,0.449,0.0,0.0,0.247,2.792,0.015,40.2,1.3,1.478,0.035,78.4,2.8,2.42,0.04,,,,,,,15.6,4.5,-44.8,11.2,187.4,32.4,1.403,0.288,6984.232,127.38,1.645,0.795,1.11,0.41,-0.14,0.24,0.407
g35,COSMOS,F814W,0.491,4.98,0.541,-21.98,-22.36,2,17.972,0.73,0.015,0.0,0.0,0.254,3.738,0.025,48.6,0.7,0.341,0.029,58.4,11.2,1.01,0.33,,,,,,,16.0,10.1,19.3,9.3,207.5,24.8,2.444,0.208,12736.541,308.229,37.488,1.39,1.42,0.82,0.29,0.24,0.393
g36,COSMOS,F814W,0.318,3.58,0.612,-22.32,-22.95,2,19.957,0.311,0.378,0.0,0.0,0.311,4.299,0.044,20.9,0.7,2.796,0.096,18.1,1.0,3.84,0.07,,,,,,,13.9,1.2,-17.1,20.2,303.1,9.5,3.035,0.494,11964.634,152.868,2.758,0.445,7.54,4.93,-0.28,0.26,0.338
g37,COSMOS,F814W,0.299,3.41,0.62,-19.57,-19.94,2,9.626,0.503,0.038,0.194,0.0,0.265,2.708,0.058,7.3,0.4,0.281,0.022,27.2,4.6,0.66,0.23,1.543,0.063,8.1,0.6,1.02,0.11,10.2,3.6,0.4,27.8,226.8,48.9,2.687,0.162,6880.678,768.725,18.51,13.263,1.07,0.73,0.17,0.38,0.222
g38,COSMOS,F814W,0.371,4.04,0.588,-20.86,-21.24,2,10.839,0.629,0.0,0.0,0.0,0.371,2.089,0.012,47.9,0.6,,,,,,,,,,,,,19.4,0.5,-38.1,16.4,249.3,56.1,1.513,0.315,5982.086,139.263,13.734,9.678,5.77,4.37,-0.02,0.32,0.428
g39,COSMOS,F814W,0.223,2.67,0.659,-21.15,-21.6,2,11.714,0.332,0.336,0.0,0.0,0.332,2.121,0.028,34.7,1.7,1.722,0.046,14.6,0.7,3.52,0.09,,,,,,,13.0,2.9,-26.6,8.2,284.0,40.2,1.566,0.247,4853.828,0.0,11.105,8.041,4.37,2.76,-0.21,0.09,0.221
g43,COSMOS,F814W,0.424,4.47,0.566,-21.94,-22.72,3,16.244,0.447,0.069,0.244,0.0,0.24,3.252,0.037,39.1,1.1,0.379,0.02,218.9,19.6,1.27,0.14,2.686,0.042,32.8,1.0,0.66,0.03,19.5,9.6,-46.0,13.2,160.6,28.6,2.262,0.768,10689.278,210.095,4.979,1.654,1.76,1.0,-0.07,0.19,0.424
g44,COSMOS,F814W,0.312,3.53,0.614,-22.67,-23.43,3,25.716,0.542,0.175,0.0,0.0,0.282,4.937,0.031,40.5,1.2,1.758,0.081,43.7,3.0,2.52,0.08,,,,,,,12.7,1.3,-33.0,18.0,274.5,25.4,3.973,0.674,16770.039,414.239,7.878,0.884,2.18,1.04,-0.07,0.17,0.259
g46,COSMOS,F814W,0.228,2.72,0.656,-21.24,-21.57,3,18.042,0.825,0.046,0.0,0.0,0.128,4.139,0.019,25.1,0.3,0.669,0.045,24.9,2.4,1.17,0.11,,,,,,,18.8,6.9,-1.0,24.4,302.5,27.2,1.826,0.46,10728.719,0.0,18.775,10.44,1.29,0.75,0.01,0.12,0.377
g47,COSMOS,F814W,0.314,3.55,0.613,-21.54,-22.08,2,14.459,0.681,0.058,0.095,0.0,0.165,2.904,0.012,45.1,0.5,0.423,0.022,95.7,5.3,1.13,0.09,2.714,0.099,9.7,0.7,1.27,0.1,3.2,0.2,-12.2,28.8,346.3,16.9,2.36,0.681,6200.685,0.0,1.722,0.987,2.33,0.14,0.33,0.25,0.532
g49,COSMOS,F814W,0.279,3.22,0.63,-21.25,-21.71,3,11.3,0.647,0.045,0.0,0.0,0.308,1.912,0.009,89.3,1.3,0.418,0.017,75.1,5.4,1.0,0.1,,,,,,,20.1,5.7,0.5,9.4,270.1,78.2,1.411,0.512,7959.526,0.0,4.178,2.047,5.69,6.95,0.25,0.31,0.468
g50,COSMOS,F814W,0.733,6.48,0.465,-21.83,-22.58,4,18.505,0.642,0.126,0.0,0.057,0.174,3.527,0.058,42.0,1.9,0.641,0.023,146.3,9.6,1.03,0.1,,,,,,,15.8,5.6,12.5,17.0,150.1,58.4,2.025,0.328,16082.339,941.515,4.033,0.183,2.09,0.85,0.05,0.06,0.618
g51,COSMOS,F814W,0.462,4.76,0.551,-20.92,-21.28,2,13.467,0.776,0.014,0.0,0.0,0.21,2.254,0.013,54.1,0.6,1.017,0.0,4.4,0.0,1.0,0.0,,,,,,,17.2,2.6,-20.0,4.5,191.4,30.4,1.548,0.082,8907.338,320.403,6.304,3.036,2.32,1.16,0.13,0.27,0.679
g53,COSMOS,F814W,0.172,2.13,0.688,-21.88,-22.4,5,18.051,0.303,0.141,0.106,0.0,0.451,5.938,0.046,6.6,0.1,1.137,0.032,52.0,3.6,1.36,0.03,2.101,0.079,17.4,1.8,1.14,0.07,14.3,4.7,16.9,23.3,335.9,110.8,3.212,0.281,16314.074,152.99,3.247,0.75,4.38,3.06,-0.25,0.3,0.161
g56,COSMOS,F814W,0.14,1.78,0.707,-20.55,-21.04,2,8.999,0.487,0.181,0.259,0.0,0.073,1.894,0.007,33.2,0.3,0.152,0.006,995.5,57.9,1.63,0.09,0.98,0.015,76.2,3.0,0.65,0.02,30.1,12.7,20.5,13.2,111.0,10.3,1.032,0.434,3978.231,0.0,0.859,0.088,5.79,3.64,-0.01,0.04,0.599
g57,COSMOS,F814W,0.358,3.93,0.594,-22.02,-22.6,5,18.907,0.607,0.031,0.0,0.0,0.361,3.353,0.022,51.4,0.5,0.409,0.015,85.6,6.1,1.33,0.13,,,,,,,14.0,4.1,-11.5,21.0,207.3,67.5,2.04,0.27,17767.805,0.0,10.078,6.382,3.36,1.77,-0.03,0.26,0.381
g59,COSMOS,F814W,0.269,3.13,0.635,-21.39,-21.8,2,15.864,0.409,0.078,0.103,0.0,0.41,4.528,0.05,11.1,0.4,0.383,0.009,195.0,8.7,1.06,0.07,1.74,0.025,29.5,0.8,0.25,0.0,9.6,0.6,5.6,4.5,399.5,26.4,3.132,0.0,7914.178,142.948,3.973,0.68,0.58,0.08,-0.45,0.04,0.169
g60,COSMOS,F814W,0.247,2.91,0.646,-21.39,-21.68,3,15.901,0.51,0.26,0.0,0.0,0.231,2.95,0.013,30.2,0.5,3.488,0.0,3.8,0.1,3.35,0.07,,,,,,,9.9,5.6,-26.2,13.9,311.4,119.4,2.252,0.448,12135.862,364.119,13.701,6.864,3.3,2.02,-0.31,0.09,0.444
g62,COSMOS,F814W,0.517,5.16,0.531,-21.47,-21.92,3,14.981,0.612,0.0,0.0,0.0,0.388,2.603,0.02,60.0,0.8,,,,,,,,,,,,,14.5,3.2,-10.0,11.5,226.7,75.6,2.463,0.377,10876.683,0.0,2.176,0.307,3.69,4.4,-0.14,0.24,0.453
g63,COSMOS,F814W,0.683,6.2,0.479,-22.91,-23.44,2,23.073,0.284,0.208,0.0,0.225,0.283,4.557,0.099,32.4,2.1,0.846,0.019,302.2,12.3,1.37,0.06,,,,,,,13.6,5.5,-37.3,1.9,252.4,61.4,4.453,0.0,17182.75,0.0,3.572,0.239,2.23,0.51,-0.46,0.04,0.387
g64,COSMOS,F814W,0.18,2.22,0.683,-20.64,-21.09,2,10.707,0.323,0.212,0.15,0.0,0.315,2.951,0.053,10.7,0.9,0.944,0.058,23.4,2.0,2.22,0.09,2.655,0.044,14.3,0.4,0.51,0.02,2.8,0.7,-2.7,20.9,208.9,23.2,2.109,0.3,5209.286,90.59,3.932,3.601,1.69,0.34,-0.04,0.01,0.164
g65,COSMOS,F814W,0.84,7.02,0.438,-22.46,-23.29,3,23.317,0.439,0.331,0.0,0.0,0.23,5.32,0.205,21.3,4.6,2.87,0.469,24.0,4.7,1.91,0.18,,,,,,,16.6,3.5,-3.1,31.2,235.1,43.5,1.346,0.529,17569.547,0.0,15.414,2.034,3.18,2.35,0.39,0.17,0.487
g66,COSMOS,F814W,0.343,3.8,0.6,-21.29,-21.75,4,21.071,0.487,0.096,0.0,0.0,0.417,5.001,0.08,11.0,0.6,1.565,0.22,6.6,1.3,2.12,0.21,,,,,,,18.7,7.6,-14.1,22.7,338.3,129.4,2.787,0.875,22840.17,0.0,32.869,7.697,3.05,1.54,-0.19,0.35,0.399
g68,COSMOS,F814W,0.347,3.83,0.598,-20.62,-21.16,2,12.994,0.459,0.351,0.0,0.0,0.19,3.395,0.067,10.6,0.6,0.915,0.034,43.4,2.8,2.06,0.09,,,,,,,18.0,5.1,-42.6,9.5,211.0,2.3,3.411,0.0,10113.771,500.383,2.978,0.132,0.64,0.0,-0.0,0.44,0.275
g69,COSMOS,F814W,0.725,6.44,0.467,-22.0,-22.79,4,22.296,0.483,0.277,0.0,0.0,0.24,4.104,0.084,26.2,2.3,2.114,0.26,22.1,4.0,2.3,0.2,,,,,,,15.4,3.4,-1.8,19.0,242.9,73.0,1.965,0.693,25209.033,0.0,8.075,3.31,6.7,3.39,0.11,0.31,0.637
g71,COSMOS,F814W,0.607,5.75,0.501,-22.22,-22.84,2,18.154,0.312,0.381,0.0,0.0,0.308,3.513,0.0,33.9,1.7,1.315,0.063,103.6,8.9,2.71,0.13,,,,,,,13.0,2.2,-61.8,3.0,248.3,7.8,3.306,0.133,10292.816,694.464,6.888,3.196,1.0,0.0,0.0,0.0,0.337
g73,COSMOS,F814W,0.85,7.07,0.436,-22.2,-23.33,2,18.825,0.296,0.179,0.227,0.0,0.299,4.013,0.155,18.8,2.2,0.898,0.031,137.6,8.0,1.21,0.09,4.956,0.23,10.2,1.3,1.13,0.12,14.6,7.1,-49.7,8.0,185.7,14.8,3.901,0.701,12064.35,297.918,4.658,1.066,0.5,0.21,-0.5,0.0,0.599
g74,COSMOS,F814W,0.94,7.47,0.416,-22.68,-23.37,3,27.769,0.463,0.26,0.0,0.0,0.277,5.345,0.156,30.5,2.4,1.846,0.055,70.8,2.7,0.92,0.05,,,,,,,17.8,3.2,-23.5,23.2,236.1,44.5,1.874,0.5,17796.429,271.47,36.072,22.913,2.15,0.7,0.26,0.19,0.622
g75,COSMOS,F814W,0.358,3.93,0.594,-21.27,-21.8,2,14.194,0.594,0.037,0.0,0.0,0.369,3.403,0.027,22.3,0.5,0.795,0.035,27.2,2.3,0.98,0.11,,,,,,,15.1,4.1,-0.1,9.2,352.5,7.2,2.248,0.79,10015.859,0.0,26.823,5.636,2.22,1.22,-0.0,0.5,0.305
g76,COSMOS,F814W,0.221,2.65,0.66,-20.72,-21.08,5,14.736,0.302,0.007,0.151,0.0,0.541,3.314,0.112,8.8,0.7,0.356,0.027,13.2,1.9,0.29,0.15,2.78,0.125,3.9,0.3,1.59,0.09,12.7,5.7,1.0,27.2,235.6,45.9,3.159,0.797,13641.568,0.0,10.657,8.038,2.19,0.98,0.32,0.05,0.158
g77,COSMOS,F814W,0.376,4.08,0.586,-19.46,-20.03,2,9.035,0.748,0.004,0.067,0.0,0.181,2.254,0.032,13.8,0.5,0.305,0.221,6.0,6.3,0.25,0.0,1.309,0.073,8.1,0.9,0.25,0.0,16.4,1.8,-21.1,20.3,213.0,17.7,1.306,0.038,6317.364,253.878,6.995,4.151,1.0,0.0,0.0,0.0,0.46
g79,COSMOS,F814W,0.345,3.82,0.599,-21.79,-22.52,2,17.463,0.49,0.177,0.124,0.0,0.209,4.331,0.028,21.5,0.4,0.868,0.035,73.2,5.0,2.49,0.1,3.383,0.04,16.2,0.5,0.33,0.01,13.3,0.0,-55.7,0.7,181.5,0.5,3.073,0.55,8551.683,193.382,2.531,0.269,0.6,0.08,-0.35,0.12,0.17
g81,COSMOS,F814W,0.99,7.68,0.405,-22.61,-23.57,2,21.956,0.296,0.295,0.0,0.0,0.409,3.916,0.079,38.2,2.3,0.329,0.007,2679.1,95.4,1.0,0.0,,,,,,,19.3,4.8,-31.5,8.6,336.5,40.4,2.329,0.51,12841.312,712.7,6.208,3.039,1.0,0.0,-0.34,0.18,0.499
g82,COSMOS,F814W,0.444,4.63,0.558,-21.6,-22.29,2,20.768,0.673,0.288,0.0,0.0,0.038,4.228,0.032,26.2,0.6,1.011,0.031,66.4,3.5,2.17,0.08,,,,,,,5.7,0.6,7.1,11.7,165.5,23.4,2.218,0.259,12841.328,0.0,4.313,1.453,1.4,1.12,-0.07,0.48,0.555
g84,COSMOS,F814W,0.522,5.2,0.53,-20.56,-21.24,2,10.534,0.529,0.144,0.0,0.0,0.328,2.005,0.056,38.6,4.0,1.01,0.186,20.4,6.2,2.97,0.52,,,,,,,24.2,0.9,-35.3,12.4,240.7,1.8,1.275,0.085,5649.895,0.0,12.186,1.458,1.97,0.39,0.22,0.13,0.14
g85,COSMOS,F814W,0.387,4.18,0.581,-21.15,-21.61,4,13.212,0.675,0.014,0.0,0.0,0.311,2.685,0.018,39.4,0.5,0.312,0.025,47.9,7.0,0.32,0.17,,,,,,,16.0,4.4,7.3,10.1,204.7,62.3,1.906,0.706,9767.516,0.0,8.58,9.015,5.87,4.67,0.11,0.23,0.318
g87,COSMOS,F814W,0.431,4.53,0.563,-22.3,-23.02,2,19.314,0.473,0.215,0.0,0.068,0.244,3.703,0.049,42.5,2.3,1.294,0.054,80.2,5.1,1.77,0.07,,,,,,,9.1,10.8,-2.1,18.6,286.9,103.3,2.237,0.703,10553.372,168.621,13.389,2.161,2.21,0.63,0.01,0.03,0.358
g89,COSMOS,F814W,0.843,7.04,0.437,-21.91,-22.37,2,21.957,0.541,0.099,0.0,0.0,0.359,5.262,0.096,17.9,0.8,0.684,0.022,90.8,6.3,0.94,0.11,,,,,,,15.7,0.2,24.7,2.7,315.2,13.1,3.434,0.868,9820.003,227.091,30.593,1.436,0.71,0.0,-0.5,0.0,0.317
g93,COSMOS,F814W,0.521,5.19,0.53,-21.44,-21.9,2,16.183,0.612,0.147,0.0,0.0,0.241,2.65,0.038,52.7,2.5,1.563,0.337,10.6,3.3,2.53,0.36,,,,,,,10.0,2.1,-15.2,0.9,338.9,27.4,1.622,0.505,12238.519,199.939,10.556,7.745,3.01,1.19,-0.19,0.07,0.565
g95,COSMOS,F814W,0.322,3.62,0.61,-22.45,-23.03,3,19.646,0.544,0.201,0.0,0.0,0.256,3.426,0.014,62.3,1.1,2.24,0.059,27.1,1.0,1.97,0.04,,,,,,,15.2,6.0,-37.0,23.8,158.8,54.7,1.801,0.137,7665.722,112.329,4.867,1.219,1.31,0.35,-0.08,0.16,0.517
g96,COSMOS,F814W,0.247,2.91,0.646,-21.56,-22.22,3,14.888,0.211,0.214,0.285,0.0,0.29,3.806,0.04,9.1,0.2,0.301,0.001,822.9,6.9,1.11,0.02,2.836,0.008,30.0,0.2,0.48,0.0,11.6,4.6,-16.2,10.2,231.4,80.1,3.551,0.827,14563.127,101.803,19.368,21.116,3.03,3.67,-0.07,0.2,0.169
g98,COSMOS,F814W,0.227,2.71,0.657,-20.45,-20.69,3,12.624,0.768,0.028,0.0,0.0,0.204,2.794,0.016,21.8,0.4,0.406,0.016,23.8,1.6,0.64,0.08,,,,,,,12.5,5.6,-6.9,24.4,374.4,92.8,2.034,0.125,9374.664,571.214,6.376,2.261,1.08,0.35,-0.18,0.29,0.314
g99,COSMOS,F814W,1.017,7.78,0.4,-21.89,-22.43,2,17.529,0.658,0.073,0.0,0.0,0.269,3.552,0.065,41.7,1.8,0.889,0.09,41.7,7.4,1.27,0.26,,,,,,,23.3,1.2,-29.5,35.3,194.2,8.1,2.269,0.427,13892.894,0.0,23.683,16.735,0.85,0.27,-0.2,0.25,0.518
g100,COSMOS,F814W,0.169,2.1,0.69,-19.94,-20.17,2,9.095,0.513,0.0,0.144,0.0,0.342,2.012,0.017,17.6,0.4,,,,,,,1.616,0.023,13.6,0.3,0.67,0.02,10.1,0.8,-20.2,20.2,385.7,8.3,1.815,0.348,6006.434,123.03,10.968,1.666,3.5,1.6,-0.22,0.27,0.375
g102,COSMOS,F814W,0.504,5.07,0.536,-21.33,-21.92,2,13.873,0.28,0.194,0.317,0.0,0.208,3.251,0.0,16.1,0.4,0.374,0.01,392.4,18.6,0.8,0.07,1.965,0.025,49.3,1.4,0.36,0.02,8.9,4.0,-19.6,24.7,268.1,31.7,3.212,0.0,11424.343,0.0,17.202,12.963,1.0,0.0,0.0,0.0,0.238
g103,COSMOS,F814W,0.266,3.1,0.637,-22.24,-22.69,3,20.669,0.601,0.017,0.021,0.0,0.361,3.784,0.012,52.0,0.4,0.622,0.054,30.5,3.7,0.89,0.13,1.92,0.053,10.1,0.9,0.25,0.0,15.4,3.4,-36.1,6.0,221.1,50.0,3.133,0.851,10974.753,188.996,5.653,3.485,2.32,1.15,-0.12,0.07,0.306
g104,COSMOS,F814W,0.23,2.74,0.655,-21.27,-21.41,3,11.348,0.348,0.179,0.0,0.0,0.473,2.461,0.027,27.1,1.1,1.477,0.018,27.4,0.4,0.49,0.01,,,,,,,19.4,5.2,-45.3,11.5,279.2,54.6,1.849,0.081,8326.899,107.626,3.706,2.196,6.72,7.15,0.34,0.17,0.513
g107,COSMOS,F814W,0.227,2.71,0.657,-20.68,-21.08,4,8.284,0.824,0.017,0.0,0.0,0.159,1.393,0.003,108.1,0.8,0.139,0.007,190.9,16.0,0.25,0.0,,,,,,,22.1,11.3,-8.4,27.0,110.9,24.9,0.745,0.225,2777.588,118.896,1.305,0.061,1.92,2.92,0.32,0.25,0.442
g108,COSMOS,F814W,0.317,3.57,0.612,-21.62,-22.36,2,18.811,0.295,0.596,0.0,0.0,0.11,5.015,0.054,8.9,0.3,1.547,0.023,55.2,1.5,3.11,0.04,,,,,,,5.2,2.1,-34.6,12.3,389.9,133.6,3.028,0.549,11162.241,0.0,6.241,1.43,0.83,0.26,-0.38,0.07,0.474
g111,COSMOS,F814W,0.762,6.63,0.457,-22.28,-22.86,2,17.766,0.744,0.001,0.0,0.038,0.217,3.301,0.023,80.3,1.1,0.025,658.259,1691.6,63197943.7,0.43,18288.18,,,,,,,12.7,0.6,-8.3,17.1,297.8,26.9,1.889,0.185,13108.651,919.008,3.524,0.129,3.13,2.38,0.12,0.01,0.454
g112,COSMOS,F814W,0.431,4.53,0.563,-21.82,-22.31,3,21.121,0.732,0.048,0.0,0.0,0.22,4.598,0.021,32.0,0.4,1.269,0.037,22.6,0.9,1.0,0.0,,,,,,,25.7,10.9,-34.6,12.8,227.2,80.1,3.078,0.657,14625.6,0.0,18.895,15.482,1.0,0.0,0.0,0.0,0.497
g113,COSMOS,F814W,0.407,4.34,0.573,-21.19,-21.48,1,18.562,0.709,0.0,0.119,0.0,0.172,3.41,0.019,28.2,0.4,,,,,,,1.735,0.054,16.8,1.0,1.86,0.09,12.2,0.0,24.8,0.0,199.3,0.0,3.393,0.0,11747.787,190.945,2.529,0.0,2.47,0.0,0.5,0.0,1.0
g114,COSMOS,F814W,0.381,4.13,0.584,-21.24,-21.69,2,15.164,0.559,0.029,0.0,0.0,0.412,2.382,0.016,46.6,0.6,0.433,0.027,48.1,4.0,1.0,0.0,,,,,,,20.9,2.0,-28.2,13.3,233.5,3.9,2.499,0.011,15226.769,321.75,2.729,0.146,0.78,0.27,-0.41,0.09,0.153
g116,COSMOS,F814W,0.335,3.73,0.604,-21.78,-22.69,2,14.303,0.346,0.218,0.314,0.0,0.122,3.557,0.026,19.2,0.4,0.33,0.003,855.9,12.0,0.7,0.02,2.649,0.018,44.9,0.5,0.5,0.01,16.2,9.8,-31.4,14.7,190.9,34.1,2.093,0.081,9763.391,0.0,2.159,0.578,3.62,2.18,-0.22,0.24,0.495
g118,COSMOS,F814W,0.23,2.74,0.655,-21.66,-22.1,4,12.729,0.493,0.101,0.0,0.0,0.406,2.354,0.013,58.2,1.2,0.37,0.006,290.7,4.6,1.0,0.0,,,,,,,13.1,1.8,-7.8,36.5,422.6,117.5,1.666,0.265,9977.933,0.0,1.476,1.099,1.55,1.16,0.11,0.46,0.242
g119,COSMOS,F814W,0.494,5.0,0.54,-21.99,-22.47,2,17.696,0.243,0.117,0.0,0.23,0.41,3.925,0.083,16.4,1.1,1.498,0.025,67.1,1.7,0.39,0.02,,,,,,,15.9,0.5,-48.5,17.3,226.1,8.9,2.974,0.213,12941.332,247.439,3.405,0.204,3.48,1.32,-0.12,0.34,0.62
g120,COSMOS,F814W,0.917,7.37,0.42,-21.65,-22.27,3,14.785,0.377,0.204,0.0,0.0,0.419,3.328,0.103,23.4,1.6,1.021,0.021,97.6,3.3,0.41,0.04,,,,,,,18.8,4.0,-39.0,22.4,208.9,33.8,2.414,0.633,12418.115,0.0,4.789,3.125,7.54,7.91,-0.45,0.04,0.47
g121,COSMOS,F814W,0.53,5.25,0.527,-21.58,-22.09,4,17.838,0.651,0.102,0.0,0.0,0.247,3.534,0.058,30.3,3.2,1.933,0.934,6.0,3.6,2.07,0.56,,,,,,,25.6,5.7,-6.7,22.1,157.8,53.0,1.447,0.621,14515.567,568.409,12.71,2.488,8.28,6.94,0.21,0.33,0.593
g123,COSMOS,F814W,0.103,1.34,0.731,-21.94,-22.1,2,12.65,0.556,0.178,0.16,0.0,0.106,2.254,0.001,118.5,0.2,0.28,0.001,1001.9,4.4,1.35,0.01,1.195,0.002,148.0,0.7,0.48,0.0,16.4,6.6,-26.4,40.3,227.5,10.9,1.357,0.292,5278.11,0.0,6.267,4.108,2.23,0.33,0.37,0.12,0.317
g124,COSMOS,F814W,0.313,3.54,0.614,-21.32,-21.81,2,12.352,0.682,0.029,0.0,0.0,0.288,2.167,0.013,67.5,1.1,0.286,0.015,123.9,12.4,0.83,0.17,,,,,,,18.3,6.0,-32.8,18.5,227.6,31.4,1.995,0.248,8719.857,159.809,4.282,0.733,0.95,0.05,-0.06,0.38,0.45
g125,COSMOS,F814W,0.114,1.47,0.724,-19.64,-19.79,4,6.311,0.607,0.053,0.0,0.0,0.34,1.204,0.006,43.8,0.9,0.193,0.009,65.4,5.9,1.83,0.15,,,,,,,25.6,4.1,-28.1,14.4,170.3,53.3,0.913,0.165,5065.76,139.45,1.767,0.919,2.58,1.59,-0.13,0.29,0.339
g128,COSMOS,F814W,0.839,7.02,0.438,-22.85,-23.76,2,24.314,0.292,0.135,0.167,0.0,0.405,5.279,0.144,22.5,1.9,1.984,0.087,46.8,2.8,1.04,0.07,6.866,0.143,16.7,0.8,0.37,0.03,14.3,0.1,-36.7,12.1,225.6,11.5,2.383,0.895,14949.333,182.089,6.598,2.68,2.23,1.58,0.18,0.07,0.534
g130,COSMOS,F814W,0.316,3.56,0.612,-20.95,-21.49,2,10.822,0.309,0.061,0.367,0.0,0.263,2.428,0.0,20.2,0.4,0.185,0.011,266.1,31.4,1.4,0.27,2.437,0.034,23.0,0.5,0.91,0.03,12.0,1.4,-50.1,2.5,234.0,19.8,2.27,0.129,6399.56,0.0,1.977,0.459,1.0,0.0,0.0,0.0,0.247
g131,COSMOS,F814W,0.342,3.79,0.601,-19.89,-20.23,2,9.487,0.469,0.302,0.0,0.0,0.229,2.012,0.091,14.2,2.4,1.633,0.069,9.2,0.4,1.0,0.0,,,,,,,19.4,2.8,27.8,4.9,267.7,8.1,1.494,0.109,9256.973,0.0,3.309,0.425,2.98,0.81,0.18,0.17,0.358
g132,COSMOS,F814W,0.11,1.42,0.726,-19.92,-20.21,2,8.086,0.626,0.116,0.075,0.0,0.183,1.715,0.004,38.2,0.2,0.266,0.007,93.8,4.2,2.39,0.08,1.747,0.017,7.7,0.2,0.32,0.01,16.4,1.1,-64.4,1.8,114.4,7.2,1.616,0.0,3292.491,66.666,0.822,0.01,0.65,0.01,-0.22,0.11,0.109
g134,COSMOS,F814W,0.408,4.35,0.572,-21.18,-21.6,3,16.636,0.742,0.021,0.0,0.0,0.237,3.549,0.022,29.8,0.5,0.496,0.03,26.5,2.9,0.61,0.14,,,,,,,21.0,9.0,32.2,25.7,224.9,31.5,1.141,0.175,19766.11,0.0,16.433,6.741,4.88,2.63,0.07,0.31,0.502
g135,COSMOS,F814W,0.666,6.11,0.484,-21.42,-21.84,2,18.322,0.635,0.056,0.0,0.0,0.309,4.345,0.05,20.1,0.5,0.636,0.034,50.7,5.5,1.1,0.18,,,,,,,13.3,3.8,-14.2,23.3,274.9,44.6,1.921,0.349,13252.315,0.0,5.38,1.382,2.76,0.25,0.03,0.47,0.444
g136,COSMOS,F814W,0.571,5.52,0.513,-21.46,-22.04,2,12.234,0.63,0.205,0.0,0.0,0.165,1.962,0.023,97.0,3.8,0.706,0.031,133.3,10.2,1.25,0.11,,,,,,,21.5,2.9,-18.0,2.7,169.3,42.2,0.801,0.05,5775.503,582.84,11.928,8.65,4.46,1.0,-0.25,0.11,0.55
g137,COSMOS,F814W,0.53,5.25,0.527,-22.88,-23.69,3,29.124,0.373,0.436,0.0,0.0,0.191,5.943,0.087,26.8,1.0,2.71,0.1,35.4,2.2,3.15,0.08,,,,,,,6.6,6.5,-15.1,17.9,274.4,73.7,2.026,0.483,11585.424,320.898,9.093,8.656,0.9,0.96,0.07,0.29,0.638
g138,COSMOS,F814W,0.466,4.79,0.55,-22.02,-22.75,2,20.211,0.289,0.413,0.0,0.0,0.298,5.972,0.0,9.1,0.3,1.61,0.017,73.6,1.0,1.6,0.0,,,,,,,14.5,2.2,-44.1,16.6,297.4,25.7,5.161,0.046,17514.259,617.58,37.659,23.297,1.0,0.0,0.0,0.0,0.231
g139,COSMOS,F814W,0.356,3.92,0.594,-21.58,-22.12,3,14.314,0.443,0.134,0.0,0.0,0.424,2.902,0.035,32.4,1.4,0.789,0.034,60.9,4.1,1.43,0.08,,,,,,,15.7,4.0,6.3,31.7,329.8,62.3,1.634,0.245,9295.399,111.251,24.953,5.511,1.0,0.0,0.0,0.0,0.245
g141,COSMOS,F814W,0.734,6.49,0.465,-21.14,-21.74,2,13.528,0.716,0.043,0.0,0.0,0.241,2.622,0.035,49.1,1.6,0.357,0.04,68.8,17.1,0.99,0.45,,,,,,,10.7,1.1,-11.7,26.4,270.2,39.1,1.3,0.006,8573.648,227.28,6.238,4.7,11.06,9.69,-0.24,0.24,0.62
g143,COSMOS,F814W,0.371,4.04,0.588,-22.13,-22.91,2,16.919,0.27,0.0,0.507,0.0,0.223,4.21,0.067,16.4,0.9,,,,,,,2.659,0.018,62.3,0.6,0.92,0.01,18.4,5.4,-53.9,9.2,214.1,26.8,2.448,0.0,8102.74,0.0,2.786,0.611,1.52,0.66,-0.21,0.26,0.276
g144,COSMOS,F814W,0.708,6.35,0.472,-22.22,-22.97,2,17.835,0.805,0.029,0.0,0.0,0.166,3.144,0.015,85.6,0.9,0.563,0.036,81.2,10.1,0.77,0.18,,,,,,,18.2,2.5,36.8,5.9,192.2,12.3,1.65,0.035,15529.002,0.0,4.37,0.645,11.37,9.41,0.18,0.29,0.783
g145,COSMOS,F814W,0.383,4.14,0.583,-22.02,-22.62,3,18.257,0.642,0.039,0.0,0.0,0.319,3.048,0.021,76.4,0.7,0.463,0.015,93.6,5.3,0.95,0.09,,,,,,,10.8,7.3,28.6,13.1,277.6,62.5,2.311,0.806,17392.165,540.915,11.478,9.789,9.29,8.71,0.03,0.46,0.307
g146,COSMOS,F814W,1.008,7.75,0.401,-21.49,-21.96,2,17.893,0.408,0.316,0.0,0.0,0.276,2.996,0.132,28.0,4.6,1.014,0.171,76.3,22.7,2.7,0.46,,,,,,,21.4,0.3,-15.2,20.2,236.3,11.8,1.127,0.146,5395.192,0.0,4.518,0.423,1.5,0.02,0.44,0.07,0.335
g147,COSMOS,F814W,0.118,1.52,0.721,-21.63,-21.81,2,13.159,0.432,0.09,0.393,0.0,0.085,3.093,0.004,28.3,0.1,0.359,0.002,252.6,1.6,1.35,0.01,2.223,0.002,56.7,0.1,0.7,0.0,7.4,0.8,4.3,19.5,354.8,6.0,2.536,0.663,6540.721,24.676,7.904,2.2,1.03,0.35,0.25,0.37,0.252
g148,COSMOS,F814W,0.69,6.25,0.477,-22.42,-23.26,2,20.024,0.585,0.263,0.0,0.0,0.152,3.741,0.039,54.1,1.7,1.09,0.022,185.0,6.5,1.33,0.05,,,,,,,6.6,1.4,8.5,22.6,401.9,191.4,1.738,0.182,13524.028,323.397,17.922,16.102,1.51,0.14,0.09,0.47,0.503
g152,COSMOS,F814W,0.369,4.03,0.589,-22.17,-22.98,2,18.37,0.369,0.105,0.241,0.0,0.285,4.735,0.0,16.7,0.1,0.291,0.004,763.6,22.7,1.21,0.06,2.799,0.023,43.4,0.5,0.55,0.01,13.8,2.1,-43.0,12.7,307.0,24.9,4.129,0.514,12591.854,0.0,15.084,12.03,1.0,0.0,0.0,0.0,0.396
g153,COSMOS,F814W,0.267,3.11,0.636,-21.71,-22.29,2,20.166,0.214,0.265,0.172,0.0,0.35,7.124,0.151,2.9,0.2,1.431,0.027,48.6,1.5,1.86,0.04,4.832,0.023,7.4,0.1,0.25,0.0,17.2,0.8,-1.6,19.8,284.7,4.4,3.096,0.416,20762.944,176.956,6.621,0.793,0.79,0.15,-0.29,0.19,0.2
g154,COSMOS,F814W,0.599,5.7,0.504,-21.58,-22.37,2,15.298,0.625,0.119,0.0,0.0,0.255,2.672,0.046,68.8,3.6,0.723,0.073,60.1,9.9,1.5,0.23,,,,,,,19.9,4.0,-21.2,5.6,193.5,29.3,2.154,0.188,11395.137,222.033,6.666,4.08,1.65,1.21,-0.08,0.43,0.338
g156,COSMOS,F814W,0.186,2.28,0.68,-21.9,-22.42,2,19.354,0.27,0.229,0.285,0.0,0.216,5.15,0.034,10.1,0.1,0.375,0.001,655.3,2.8,1.3,0.01,3.317,0.006,32.0,0.1,0.51,0.0,13.1,1.0,-32.9,0.6,239.9,51.4,4.804,1.505,13871.474,86.43,38.596,29.497,1.26,0.4,-0.21,0.05,0.348
g157,COSMOS,F814W,0.373,4.06,0.587,-21.27,-22.15,2,14.488,0.499,0.162,0.0,0.0,0.338,2.805,0.033,37.0,1.2,1.195,0.038,49.5,1.8,0.37,0.04,,,,,,,9.0,5.7,14.9,31.4,291.3,28.8,1.605,0.236,6332.179,513.764,1.892,1.11,4.56,2.99,-0.18,0.16,0.426
g160,COSMOS,F814W,0.276,3.19,0.632,-21.4,-21.76,2,18.558,0.321,0.369,0.0,0.0,0.31,4.551,0.102,9.8,0.8,3.411,0.101,7.3,0.4,1.94,0.06,,,,,,,13.6,1.3,15.4,2.9,465.3,62.8,1.712,0.126,11875.324,240.193,6.552,0.946,5.73,0.99,0.05,0.17,0.181
g161,COSMOS,F814W,0.363,3.98,0.591,-21.52,-22.01,2,13.308,0.71,0.032,0.0,0.0,0.258,2.436,0.012,69.9,1.2,0.662,0.048,37.2,4.6,1.06,0.17,,,,,,,17.1,2.4,-37.0,22.4,261.7,44.9,2.106,0.159,7317.331,0.0,2.853,1.425,1.26,0.85,-0.49,0.01,0.324
g163,COSMOS,F814W,0.478,4.88,0.545,-22.7,-23.51,2,22.844,0.407,0.177,0.287,0.0,0.129,4.999,0.04,30.1,0.7,1.195,0.064,92.1,8.1,2.31,0.11,5.635,0.052,28.3,0.5,0.56,0.0,9.3,4.8,-19.7,0.7,186.9,0.4,4.729,0.8,18274.099,662.959,3.481,0.9,0.76,0.1,0.1,0.12,0.227
g164,COSMOS,F814W,0.313,3.54,0.614,-21.71,-22.3,4,16.955,0.387,0.272,0.0,0.0,0.341,3.688,0.037,20.5,0.7,1.943,0.119,15.1,1.5,3.7,0.13,,,,,,,14.4,2.4,-17.3,12.7,279.6,75.5,2.52,0.491,11985.432,495.55,3.609,4.058,2.38,0.82,-0.19,0.27,0.349
g166,COSMOS,F814W,0.271,3.15,0.634,-20.81,-21.08,4,16.013,0.459,0.095,0.0,0.0,0.445,4.271,0.069,8.1,0.4,1.325,0.025,18.0,0.6,0.56,0.03,,,,,,,13.8,2.7,-0.9,9.0,332.6,119.5,2.776,0.39,17984.195,728.269,3.659,0.825,2.78,2.3,-0.38,0.2,0.255
g167,COSMOS,F814W,0.48,4.9,0.545,-21.62,-22.26,3,18.07,0.485,0.115,0.0,0.0,0.401,3.644,0.056,28.9,1.1,2.518,0.279,5.6,1.1,3.31,0.29,,,,,,,14.1,1.0,-7.4,17.7,312.0,102.1,2.183,0.342,12997.2,0.0,10.375,9.507,1.97,0.93,0.17,0.14,0.362
g168,COSMOS,F814W,0.703,6.32,0.473,-22.19,-23.08,2,19.955,0.398,0.213,0.117,0.0,0.271,4.485,0.086,23.7,1.3,0.876,0.038,136.6,10.7,2.02,0.13,2.291,0.048,50.9,2.5,0.25,0.0,12.5,1.0,-20.8,23.9,255.7,37.7,2.03,0.115,10646.263,390.683,12.78,3.374,0.71,0.42,-0.05,0.37,0.421
g170,COSMOS,F814W,0.705,6.33,0.473,-22.77,-23.38,4,24.259,0.412,0.102,0.0,0.0,0.486,5.215,0.068,32.7,1.7,1.043,0.283,39.6,19.5,5.23,0.98,,,,,,,25.2,12.6,-42.1,25.4,223.6,55.8,3.45,1.024,19067.303,0.0,22.972,19.27,1.39,0.95,-0.04,0.28,0.428
g171,COSMOS,F814W,0.708,6.35,0.472,-22.6,-23.33,4,23.91,0.585,0.049,0.0,0.0,0.366,3.816,0.023,71.6,1.0,0.37,0.013,344.3,20.6,0.69,0.1,,,,,,,21.3,5.0,-20.5,18.4,193.4,52.2,2.179,0.917,15659.622,284.412,7.06,2.958,3.04,5.06,-0.12,0.2,0.407
g172,COSMOS,F814W,0.102,1.33,0.731,-20.04,-20.2,3,8.664,0.682,0.006,0.01,0.0,0.302,1.762,0.004,35.9,0.2,0.184,0.007,20.3,1.7,0.32,0.09,0.843,0.033,5.0,0.3,0.37,0.07,10.8,1.5,-8.4,10.5,281.7,83.7,1.129,0.337,7476.148,158.926,2.335,0.339,5.59,2.21,0.04,0.12,0.619
g173,COSMOS,F814W,0.516,5.15,0.532,-21.99,-22.64,2,12.118,0.647,0.064,0.157,0.0,0.132,2.014,0.019,153.8,5.6,0.506,0.035,151.8,21.2,1.22,0.21,1.825,0.128,40.3,5.5,1.17,0.14,8.7,12.8,-1.6,4.2,191.0,42.6,1.338,0.102,6705.124,0.0,1.988,0.09,3.77,4.6,-0.05,0.0,0.59
g174,COSMOS,F814W,0.774,6.7,0.454,-21.81,-22.36,2,17.611,0.346,0.342,0.0,0.0,0.312,2.714,0.109,40.6,4.7,1.92,0.139,31.4,3.9,2.6,0.19,,,,,,,16.3,3.7,7.9,1.5,325.5,8.4,2.449,0.112,15947.789,0.0,11.69,4.404,0.69,0.09,-0.08,0.48,0.415
g175,COSMOS,F814W,0.694,6.27,0.476,-22.03,-22.79,3,20.47,0.56,0.087,0.0,0.0,0.354,4.477,0.049,26.7,0.6,0.989,0.03,44.1,2.5,0.84,0.07,,,,,,,19.6,6.5,-19.1,29.6,165.3,32.8,2.635,1.087,16541.053,409.32,6.849,3.718,0.88,0.38,-0.21,0.24,0.611
g177,COSMOS,F814W,0.357,3.92,0.594,-22.29,-22.93,4,20.367,0.314,0.043,0.181,0.0,0.463,3.24,0.117,33.5,2.0,0.293,0.007,356.6,15.1,0.75,0.07,3.397,0.053,25.6,0.6,0.61,0.02,20.7,3.9,1.4,22.2,239.8,55.9,3.444,0.819,22483.761,286.928,5.913,2.08,1.96,1.43,-0.07,0.22,0.302
g178,COSMOS,F814W,0.446,4.64,0.557,-21.0,-21.3,2,16.048,0.572,0.09,0.0,0.0,0.338,3.916,0.077,14.7,0.8,1.713,0.116,10.7,1.2,1.07,0.13,,,,,,,19.0,1.7,-3.8,14.3,322.3,78.9,1.468,0.42,8053.75,289.913,4.567,1.132,5.83,1.84,0.27,0.06,0.408
g179,COSMOS,F814W,0.341,3.79,0.601,-22.62,-23.41,2,24.765,0.646,0.066,0.221,0.0,0.068,5.598,0.013,38.5,0.3,0.658,0.022,126.7,6.8,1.62,0.07,3.559,0.026,41.1,0.6,0.85,0.01,18.8,7.3,-19.3,32.7,174.3,14.6,2.031,0.347,14068.685,0.0,45.515,3.221,6.66,0.71,0.06,0.15,0.714
g180,COSMOS,F814W,0.38,4.12,0.584,-21.93,-22.66,2,16.801,0.289,0.098,0.406,0.0,0.208,4.245,0.055,12.8,0.5,0.712,0.035,101.0,4.5,0.96,0.06,3.498,0.054,23.5,0.9,0.86,0.03,15.4,1.8,-57.4,8.4,206.0,19.9,2.267,0.547,7693.145,118.486,2.79,0.673,0.48,0.12,-0.4,0.1,0.353
g181,COSMOS,F814W,0.54,5.32,0.523,-21.95,-22.43,3,17.492,0.374,0.065,0.0,0.0,0.56,3.144,0.081,31.0,2.6,0.316,0.017,389.6,30.4,1.0,0.0,,,,,,,19.9,3.6,-56.7,6.5,328.4,95.2,2.036,0.008,8281.643,378.143,4.123,3.201,0.43,0.06,-0.02,0.44,0.258
g182,COSMOS,F814W,0.842,7.03,0.438,-22.06,-23.1,2,21.799,0.4,0.177,0.0,0.0,0.424,3.733,0.118,26.2,2.4,2.027,0.054,34.9,1.4,0.56,0.04,,,,,,,16.7,4.2,3.5,5.2,195.9,11.9,2.94,0.07,10808.658,585.972,3.119,0.178,3.49,2.27,-0.43,0.06,0.351
EGS10221,CEERS,F115W,1.228,8.52,0.518,-19.75,-20.14,2,,0.385,0.022,0.198,0.0,0.395,2.088,0.069,13.0,0.7,0.423,0.082,6.4,2.0,1.18,0.38,3.315,0.041,9.1,0.2,0.25,0.0,11.3,4.8,-52.3,17.0,93.5,12.5,2.108,0.008,9178.094,517.012,2.029,0.084,0.59,0.3,0.27,0.14,0.541
EGS10221,CEERS,F150W,1.228,8.52,0.674,-20.02,-20.14,2,9.557,0.444,0.028,0.167,0.0,0.362,2.207,0.061,14.0,0.7,0.448,0.067,9.2,2.3,1.21,0.31,3.141,0.046,9.3,0.2,0.25,0.0,17.9,1.2,-32.9,19.3,117.2,13.3,1.855,0.036,8527.823,436.849,2.6,0.075,0.84,0.56,-0.02,0.41,0.535
EGS10221,CEERS,F200W,1.228,8.52,0.893,-20.16,-20.14,2,10.156,0.548,0.053,0.134,0.0,0.265,3.033,0.081,10.7,0.7,0.786,0.163,5.8,1.7,1.54,0.31,2.857,0.042,10.7,0.2,0.25,0.0,16.7,5.6,-6.2,31.1,125.7,11.8,1.617,0.118,10818.397,3136.018,2.235,0.413,0.46,0.08,0.3,0.03,0.469
EGS13670,CEERS,F115W,1.416,9.06,0.478,-22.5,-22.98,3,14.651,0.488,0.065,0.0,0.0,0.446,2.365,0.015,117.9,1.1,0.547,0.005,155.4,1.7,1.0,0.0,,,,,,,18.8,9.3,0.5,17.6,144.0,23.9,1.799,0.204,10997.286,426.183,6.764,1.607,0.65,0.19,-0.13,0.28,0.819
EGS13670,CEERS,F150W,1.416,9.06,0.621,-22.82,-22.98,3,14.232,0.519,0.083,0.0,0.0,0.398,2.164,0.01,201.9,1.5,0.537,0.004,276.6,2.4,1.0,0.0,,,,,,,20.3,8.6,-5.2,16.1,153.6,24.5,1.9,0.376,12508.526,556.748,5.946,1.184,0.57,0.38,-0.17,0.31,0.824
EGS13670,CEERS,F200W,1.416,9.06,0.824,-22.99,-22.98,3,15.589,0.519,0.092,0.0,0.0,0.389,1.799,0.006,341.2,2.1,0.471,0.003,465.8,3.8,1.0,0.0,,,,,,,20.9,8.0,1.0,12.0,207.8,45.5,2.022,0.185,14944.239,0.0,2.047,0.539,1.25,1.65,-0.31,0.13,0.762
EGS13670,CEERS,F277W,1.416,9.06,1.153,-23.29,-22.98,3,,0.418,0.139,0.0,0.0,0.443,1.504,0.032,521.1,23.8,0.671,0.017,457.1,8.5,1.0,0.0,,,,,,,17.5,1.5,6.6,36.0,203.2,22.1,2.179,0.247,14953.782,0.0,3.899,2.639,0.99,0.85,-0.08,0.05,0.623
EGS13670,CEERS,F356W,1.416,9.06,1.475,-23.37,-22.98,3,17.228,0.409,0.172,0.0,0.0,0.419,1.558,0.019,507.3,13.5,0.685,0.008,580.0,5.5,1.0,0.0,,,,,,,15.3,4.1,3.5,42.2,196.4,23.5,2.254,0.254,13520.786,628.646,3.462,1.9,1.32,1.0,0.05,0.17,0.639
EGS13670,CEERS,F410M,1.416,9.06,1.694,-23.49,-22.98,3,15.35,0.402,0.184,0.0,0.0,0.414,1.512,0.016,590.9,13.9,0.683,0.007,697.9,5.6,1.0,0.0,,,,,,,14.7,4.5,3.1,42.0,193.6,24.3,2.223,0.261,13052.943,571.188,3.7,2.451,1.63,1.49,0.06,0.22,0.665
EGS13670,CEERS,F444W,1.416,9.06,1.83,-23.53,-22.98,3,18.382,0.398,0.188,0.0,0.0,0.414,1.549,0.016,582.0,13.6,0.699,0.007,710.1,5.1,1.0,0.0,,,,,,,15.1,4.1,-3.2,39.2,188.3,26.7,2.381,0.32,12185.4,416.526,3.162,1.725,1.51,1.7,-0.02,0.16,0.677
EGS14565,CEERS,F115W,1.661,9.63,0.434,-21.7,-22.45,3,16.663,0.385,0.032,0.0,0.0,0.583,5.609,0.155,11.3,0.8,0.555,0.011,35.8,0.8,1.0,0.0,,,,,,,18.1,2.6,-20.2,21.9,299.5,86.5,2.517,0.323,14585.565,393.373,14.54,6.572,1.38,0.68,0.16,0.14,0.49
EGS14565,CEERS,F150W,1.661,9.63,0.564,-22.1,-22.45,3,,0.573,0.032,0.0,0.0,0.395,3.37,0.021,61.7,0.7,0.486,0.008,67.0,1.3,1.0,0.0,,,,,,,15.6,1.4,-12.5,15.2,283.9,84.0,2.016,0.464,9968.966,183.215,8.971,1.563,2.4,3.03,0.23,0.28,0.608
EGS14565,CEERS,F200W,1.661,9.63,0.748,-22.4,-22.45,3,17.49,0.619,0.042,0.0,0.0,0.339,2.913,0.011,121.0,0.8,0.489,0.006,113.3,1.6,1.0,0.0,,,,,,,19.0,2.7,-10.2,29.4,256.6,60.1,2.167,0.172,14791.179,0.0,13.092,9.628,1.42,1.0,0.09,0.28,0.709
EGS14565,CEERS,F277W,1.661,9.63,1.047,-22.62,-22.45,3,22.841,0.508,0.106,0.0,0.0,0.386,2.945,0.015,127.1,1.8,0.861,0.007,113.7,0.8,1.0,0.0,,,,,,,19.4,4.8,-5.9,31.1,291.4,81.7,2.709,0.319,13480.462,184.547,8.124,2.106,1.65,0.91,-0.02,0.11,0.565
EGS14565,CEERS,F410M,1.661,9.63,1.538,-22.87,-22.45,3,26.084,0.563,0.128,0.0,0.0,0.309,2.582,0.011,226.3,2.1,0.837,0.007,182.3,1.4,1.0,0.0,,,,,,,17.6,4.5,-9.7,13.3,254.3,68.4,2.089,0.428,13839.251,300.679,3.816,1.42,0.97,0.46,-0.01,0.17,0.675
EGS14565,CEERS,F444W,1.661,9.63,1.661,-22.94,-22.45,3,28.484,0.54,0.154,0.0,0.0,0.306,2.673,0.01,210.7,1.9,0.926,0.006,191.6,1.0,1.0,0.0,,,,,,,16.1,1.1,-3.6,23.9,254.1,70.5,2.189,0.472,14984.039,0.0,4.721,0.476,1.34,0.71,-0.15,0.2,0.657
EGS21378,CEERS,F150W,3.301,11.57,0.349,-20.68,,1,,0.478,0.205,0.0,0.0,0.317,2.496,0.117,32.4,2.7,0.372,0.009,280.3,11.3,0.73,0.05,,,,,,,6.8,0.0,1.5,0.0,263.5,0.0,1.773,0.0,5722.402,253.8,7.958,0.0,1.0,0.0,0.0,0.0,0.609
EGS21378,CEERS,F200W,3.301,11.57,0.463,-22.51,,1,,0.371,0.307,0.0,0.0,0.322,3.192,0.059,82.4,3.5,0.422,0.002,2090.4,14.3,0.69,0.01,,,,,,,8.1,0.0,-1.7,0.0,364.4,0.0,2.134,0.0,5817.214,100.226,25.974,0.0,1.0,0.0,0.0,0.0,0.356
EGS21378,CEERS,F277W,3.301,11.57,0.648,-23.28,,1,,0.331,0.397,0.0,0.0,0.272,2.5,0.0,245.1,2.4,0.538,0.001,3357.0,15.2,0.64,0.01,,,,,,,6.5,0.0,18.6,0.0,378.8,0.0,2.515,0.0,5955.578,0.0,24.998,0.0,1.0,0.0,0.0,0.0,0.317
EGS21891,CEERS,F115W,1.126,8.18,0.543,-21.63,-21.79,5,15.744,0.592,0.092,0.0,0.0,0.316,2.984,0.015,65.6,0.7,0.649,0.0,79.2,0.6,1.2,0.0,,,,,,,23.4,6.9,27.9,18.5,137.7,46.2,1.492,0.551,10042.409,148.505,9.899,5.055,6.15,3.71,-0.08,0.25,0.563
EGS21891,CEERS,F150W,1.126,8.18,0.706,-21.77,-21.79,5,15.926,0.567,0.101,0.0,0.0,0.332,2.741,0.019,83.0,1.4,0.649,0.011,90.9,2.5,1.2,0.03,,,,,,,23.1,5.0,23.2,23.9,143.0,48.1,1.541,0.548,10245.738,185.587,8.742,5.278,5.93,3.99,-0.25,0.22,0.528
EGS21891,CEERS,F200W,1.126,8.18,0.936,-21.8,-21.79,5,16.162,0.517,0.144,0.0,0.0,0.339,2.738,0.015,79.8,1.0,0.8,0.0,104.5,0.6,1.17,0.0,,,,,,,23.9,6.2,17.8,14.4,146.3,45.4,1.655,0.494,8854.936,132.557,10.71,6.616,7.3,4.82,-0.22,0.19,0.497
EGS21891,CEERS,F277W,1.126,8.18,1.31,-21.92,-21.79,5,17.282,0.309,0.208,0.0,0.0,0.483,2.758,0.0,52.1,1.2,0.951,0.016,90.8,2.3,1.14,0.02,,,,,,,17.6,5.1,12.7,22.0,173.9,51.6,2.396,0.881,7316.77,0.0,11.703,8.111,6.05,5.24,-0.19,0.28,0.336
EGS21891,CEERS,F356W,1.126,8.18,1.676,-21.9,-21.79,5,16.591,0.383,0.155,0.0,0.0,0.463,2.819,0.022,59.4,1.6,0.796,0.0,110.1,1.9,0.92,0.0,,,,,,,22.7,9.3,12.1,18.6,167.9,42.8,1.962,0.634,9315.812,270.436,10.03,7.717,4.48,2.9,-0.19,0.17,0.38
EGS21891,CEERS,F410M,1.126,8.18,1.925,-21.87,-21.79,5,16.394,0.543,0.114,0.0,0.0,0.343,2.413,0.018,105.7,2.2,0.64,0.011,128.4,3.9,0.7,0.04,,,,,,,13.1,13.4,35.9,17.1,150.8,53.9,1.447,0.693,8674.554,374.513,3.721,0.892,6.79,5.66,-0.04,0.34,0.538
EGS21891,CEERS,F444W,1.126,8.18,2.08,-21.82,-21.79,5,16.84,0.547,0.116,0.0,0.0,0.337,2.591,0.014,91.2,1.3,0.644,0.005,136.3,2.3,0.54,0.02,,,,,,,17.0,13.4,43.6,16.8,144.1,46.0,1.527,0.673,10122.333,331.096,2.935,1.068,5.55,4.74,0.12,0.41,0.501
EGS22339,CEERS,F115W,1.543,9.37,0.454,-22.66,-23.33,2,20.54,0.532,0.19,0.0,0.0,0.278,5.11,0.033,45.8,0.7,0.971,0.011,148.3,2.7,1.95,0.02,,,,,,,13.4,6.7,-18.8,3.1,272.1,95.4,2.855,0.292,14828.262,235.813,30.972,15.491,3.41,1.82,0.0,0.0,0.665
EGS22339,CEERS,F150W,1.543,9.37,0.59,-22.99,-23.33,2,19.583,0.418,0.277,0.0,0.0,0.305,3.734,0.0,85.1,0.8,1.049,0.009,246.5,3.2,1.95,0.02,,,,,,,12.7,7.5,-10.1,6.7,285.8,107.4,3.529,0.61,15491.356,222.655,30.796,8.847,2.44,1.61,0.0,0.0,0.579
EGS22339,CEERS,F200W,1.543,9.37,0.782,-23.3,-23.33,2,20.879,0.449,0.313,0.0,0.0,0.238,3.44,0.0,139.6,0.8,1.022,0.005,408.7,3.6,1.81,0.01,,,,,,,11.3,9.2,1.7,7.1,247.1,84.0,3.393,0.407,14872.516,206.243,38.323,0.0,2.77,1.82,0.0,0.0,0.595
EGS22339,CEERS,F277W,1.543,9.37,1.096,-23.65,-23.33,2,23.049,0.469,0.36,0.0,0.0,0.171,3.871,0.019,161.3,1.9,1.08,0.005,659.9,4.9,1.33,0.01,,,,,,,11.7,7.2,9.3,3.7,236.1,87.1,3.445,0.209,14435.39,215.353,37.25,0.0,1.14,0.33,0.0,0.0,0.653
EGS22339,CEERS,F356W,1.543,9.37,1.401,-23.81,-23.33,2,22.73,0.453,0.384,0.0,0.0,0.163,3.558,0.018,203.4,2.5,1.04,0.005,874.0,6.3,1.31,0.01,,,,,,,10.6,6.7,2.9,6.6,238.4,90.5,3.162,0.391,12640.906,265.231,35.965,0.0,2.16,1.24,0.0,0.0,0.663
EGS22339,CEERS,F410M,1.543,9.37,1.609,-23.92,-23.33,2,21.599,0.435,0.404,0.0,0.0,0.161,3.441,0.016,239.6,2.7,1.002,0.004,1091.7,6.8,1.36,0.01,,,,,,,10.2,6.5,10.7,1.8,236.8,88.1,3.275,0.2,13275.877,241.327,35.223,0.0,1.88,0.93,0.0,0.0,0.647
EGS22339,CEERS,F444W,1.543,9.37,1.738,-23.92,-23.33,2,24.077,0.436,0.405,0.0,0.0,0.16,3.489,0.02,227.2,3.2,1.002,0.005,1086.1,8.6,1.37,0.01,,,,,,,11.3,7.2,13.8,2.0,238.3,90.2,3.248,0.279,14078.972,292.34,35.846,0.0,1.83,1.05,0.0,0.0,0.644
EGS22922,CEERS,F115W,1.905,10.08,0.397,-22.46,-23.24,2,21.381,0.454,0.155,0.0,0.0,0.391,4.491,0.046,48.0,0.8,0.941,0.006,201.9,1.9,0.57,0.01,,,,,,,23.5,13.3,-65.9,10.9,166.6,8.2,2.376,0.89,10189.828,0.0,5.279,2.381,1.73,1.5,-0.05,0.31,0.692
EGS22922,CEERS,F150W,1.905,10.08,0.517,-22.83,-23.24,2,32.84,0.426,0.186,0.0,0.0,0.388,5.202,0.051,49.4,0.9,1.163,0.006,253.0,1.9,0.6,0.01,,,,,,,24.4,7.1,-51.0,31.2,141.7,21.2,2.615,0.949,10088.362,0.0,20.554,19.649,1.41,1.3,-0.24,0.27,0.703
EGS22922,CEERS,F200W,1.905,10.08,0.685,-23.13,-23.24,2,26.431,0.387,0.233,0.0,0.0,0.381,4.231,0.037,94.5,1.6,1.07,0.004,427.5,2.5,0.54,0.01,,,,,,,24.8,7.6,-51.9,31.3,143.4,14.5,2.644,0.693,9500.45,201.03,19.722,18.034,0.91,0.71,0.11,0.07,0.693
EGS22922,CEERS,F277W,1.905,10.08,0.959,-23.32,-23.24,2,26.706,0.314,0.406,0.0,0.0,0.281,4.381,0.05,84.8,2.1,1.412,0.005,505.8,3.1,0.8,0.01,,,,,,,15.5,0.7,-30.6,5.1,120.8,1.4,3.244,0.989,8773.054,147.684,18.719,19.95,0.67,0.37,0.38,0.15,0.785
EGS22922,CEERS,F356W,1.905,10.08,1.226,-23.45,-23.24,2,28.321,0.278,0.441,0.0,0.0,0.28,4.413,0.05,83.7,2.1,1.363,0.005,650.3,3.6,0.83,0.01,,,,,,,12.5,2.4,-9.0,18.7,115.8,7.8,3.562,0.858,8836.704,162.855,18.355,19.905,0.46,0.11,0.24,0.32,0.817
EGS22922,CEERS,F410M,1.905,10.08,1.409,-23.5,-23.24,2,28.621,0.256,0.457,0.0,0.0,0.286,4.472,0.051,79.2,2.0,1.296,0.004,754.3,3.4,0.81,0.01,,,,,,,13.3,5.6,5.5,14.2,132.5,14.8,3.134,0.845,10951.686,0.0,18.03,19.208,0.54,0.21,0.09,0.49,0.85
EGS22922,CEERS,F444W,1.905,10.08,1.522,-23.58,-23.24,2,26.645,0.218,0.356,0.0,0.0,0.427,3.49,0.049,91.7,3.3,0.919,0.003,971.0,5.2,0.65,0.01,,,,,,,33.3,4.5,-60.7,0.9,173.5,5.0,2.956,0.463,11055.7,0.0,12.12,8.044,0.38,0.01,-0.28,0.25,0.614
EGS23205,CEERS,F200W,2.136,10.44,0.635,-23.45,-23.75,2,24.042,0.417,0.106,0.145,0.0,0.332,3.651,0.029,129.9,2.3,0.564,0.013,563.9,21.0,1.49,0.05,2.3,0.014,164.8,2.0,0.37,0.01,8.1,1.6,-20.8,21.6,205.2,3.0,2.498,1.031,7906.023,119.105,11.663,7.764,5.48,0.58,-0.26,0.12,0.436
EGS23205,CEERS,F277W,2.136,10.44,0.888,-23.9,-23.75,2,21.455,0.428,0.093,0.224,0.0,0.255,3.217,0.0,244.8,1.5,0.511,0.004,1161.6,16.5,0.64,0.02,2.641,0.013,277.8,2.1,0.48,0.0,10.2,1.0,-7.4,14.4,191.1,11.3,2.557,0.588,7817.944,0.0,16.499,12.815,3.89,1.04,-0.13,0.29,0.428
EGS23205,CEERS,F356W,2.136,10.44,1.136,-24.32,-23.75,2,26.737,0.418,0.085,0.256,0.0,0.241,2.783,0.016,466.4,5.4,0.498,0.005,2051.8,44.2,0.64,0.04,2.522,0.014,503.1,4.0,0.59,0.01,9.7,1.5,6.3,14.8,187.5,6.1,2.319,0.578,8541.407,168.537,12.416,8.308,3.42,1.61,-0.18,0.27,0.435
EGS23205,CEERS,F410M,2.136,10.44,1.305,-24.52,-23.75,2,24.287,0.389,0.086,0.283,0.0,0.241,2.721,0.016,534.7,6.5,0.474,0.005,2971.4,68.0,0.65,0.06,2.529,0.013,673.3,4.5,0.62,0.01,8.4,2.6,4.1,15.4,184.9,7.2,2.252,0.578,8061.588,97.047,8.858,5.288,2.42,1.23,-0.15,0.26,0.436
EGS23205,CEERS,F444W,2.136,10.44,1.41,-24.57,-23.75,2,29.381,0.395,0.093,0.27,0.0,0.242,2.701,0.017,604.5,7.9,0.475,0.006,3243.6,81.2,0.71,0.07,2.512,0.015,728.6,5.5,0.57,0.01,9.0,2.0,-0.8,18.9,184.2,5.5,2.397,0.528,7731.06,119.401,12.302,8.46,2.28,1.06,-0.11,0.32,0.438
EGS23259,CEERS,F115W,1.533,9.34,0.456,-21.51,,3,16.484,0.507,0.118,0.0,0.0,0.375,4.422,0.046,25.5,0.5,0.826,0.011,91.2,1.9,1.21,0.02,,,,,,,32.2,7.2,-53.0,22.9,117.2,21.0,1.478,0.255,12319.525,0.0,24.725,16.333,2.27,0.46,0.27,0.15,0.631
EGS23259,CEERS,F150W,1.533,9.34,0.593,-21.98,,3,18.159,0.535,0.127,0.0,0.0,0.338,4.171,0.034,44.3,0.7,0.813,0.008,157.9,2.8,1.17,0.02,,,,,,,32.0,5.1,-48.8,17.1,134.3,29.9,1.678,0.231,12801.726,0.0,8.714,5.069,2.05,0.48,-0.01,0.12,0.531
EGS23259,CEERS,F200W,1.533,9.34,0.786,-22.32,,3,17.741,0.448,0.164,0.0,0.0,0.387,3.295,0.024,78.5,1.3,0.84,0.006,282.3,3.2,0.99,0.01,,,,,,,26.6,5.7,-35.7,28.1,164.0,39.8,2.249,0.419,8881.276,286.146,3.426,2.651,4.25,1.16,0.02,0.35,0.481
EGS24154,CEERS,F115W,1.174,8.34,0.531,-22.78,-23.46,4,21.552,0.479,0.067,0.249,0.0,0.205,4.383,0.027,61.6,0.9,0.409,0.003,511.6,5.5,0.86,0.01,2.78,0.007,93.5,0.4,0.3,0.0,19.7,2.8,7.8,12.0,161.5,22.4,2.988,1.818,21559.947,0.0,3.899,2.272,1.92,1.01,0.15,0.43,0.551
EGS24154,CEERS,F150W,1.174,8.34,0.69,-23.24,-23.46,4,22.44,0.526,0.081,0.202,0.0,0.191,3.732,0.013,137.9,1.0,0.425,0.003,800.4,9.4,1.08,0.02,2.776,0.009,133.4,0.6,0.3,0.0,18.9,3.0,4.2,11.4,196.8,46.7,2.115,0.274,21645.986,0.0,3.171,1.007,2.0,0.98,0.13,0.14,0.529
EGS24154,CEERS,F200W,1.174,8.34,0.915,-23.62,-23.46,4,24.602,0.474,0.113,0.158,0.0,0.255,3.885,0.012,168.0,1.3,0.52,0.005,960.0,13.2,1.2,0.02,2.652,0.01,161.7,1.3,0.3,0.0,18.2,3.2,7.6,16.9,205.2,37.6,3.68,1.074,22022.227,0.0,3.088,1.852,0.84,0.2,-0.31,0.18,0.383
EGS24154,CEERS,F277W,1.174,8.34,1.282,-23.98,-23.46,4,28.004,0.404,0.125,0.167,0.0,0.304,3.492,0.0,239.8,1.6,0.579,0.006,1297.7,18.1,0.85,0.02,2.577,0.02,213.5,2.8,0.36,0.01,20.7,4.1,1.1,22.3,199.3,35.0,3.621,0.558,22017.392,0.0,6.914,8.873,1.83,1.1,-0.18,0.38,0.341
EGS24154,CEERS,F356W,1.174,8.34,1.639,-24.07,-23.46,4,28.27,0.381,0.14,0.16,0.0,0.318,3.372,0.0,260.7,2.1,0.597,0.009,1398.4,32.6,1.0,0.04,2.569,0.023,214.3,4.6,0.37,0.01,20.0,2.1,-5.6,23.6,217.7,52.8,3.492,0.533,22030.112,0.0,9.238,12.994,1.84,1.11,-0.15,0.38,0.338
EGS24154,CEERS,F410M,1.174,8.34,1.882,-24.06,-23.46,4,28.864,0.386,0.132,0.191,0.0,0.29,3.404,0.0,257.8,1.6,0.528,0.004,1913.2,30.2,0.82,0.03,2.801,0.015,247.6,3.0,0.34,0.01,19.1,2.8,-16.4,32.1,191.9,42.3,2.98,0.234,15329.215,363.045,9.816,13.781,1.83,1.1,-0.14,0.39,0.362
EGS24154,CEERS,F444W,1.174,8.34,2.034,-24.01,-23.46,4,27.224,0.386,0.13,0.196,0.0,0.289,3.392,0.0,252.5,1.9,0.53,0.003,1953.1,26.3,0.58,0.03,2.785,0.014,237.4,2.5,0.37,0.01,18.5,2.3,-16.6,27.7,205.4,53.0,3.108,0.398,17850.305,851.409,9.525,13.669,1.83,1.1,-0.17,0.4,0.361
EGS24268,CEERS,F200W,2.305,10.67,0.602,-22.05,-22.24,2,23.498,0.678,0.079,0.0,0.0,0.243,2.305,0.013,169.6,1.8,0.485,0.007,158.7,2.3,1.0,0.0,,,,,,,35.8,4.0,-40.5,46.1,172.3,24.9,1.715,0.418,10212.37,0.0,2.051,1.136,1.65,0.78,0.16,0.37,0.64
EGS24268,CEERS,F277W,2.305,10.67,0.843,-22.29,-22.24,2,18.388,0.591,0.197,0.0,0.0,0.212,2.267,0.012,194.1,2.5,0.668,0.005,257.7,1.6,1.0,0.0,,,,,,,27.8,2.3,-43.3,27.9,183.3,7.4,2.077,0.205,5946.457,0.0,1.852,1.203,2.68,1.26,-0.12,0.12,0.555
EGS24268,CEERS,F356W,2.305,10.67,1.078,-22.59,-22.24,2,17.735,0.571,0.243,0.0,0.0,0.187,1.869,0.008,352.3,4.0,0.529,0.003,670.2,4.3,1.0,0.0,,,,,,,34.9,4.1,27.4,15.7,147.3,13.2,1.903,0.0,6186.274,157.066,1.62,1.098,3.16,1.54,0.28,0.14,0.568
EGS24268,CEERS,F410M,2.305,10.67,1.238,-22.74,-22.24,2,,0.588,0.232,0.0,0.0,0.18,1.504,0.009,669.0,10.0,0.426,0.004,1132.6,12.3,1.0,0.0,,,,,,,30.9,6.2,-68.4,5.0,176.9,15.6,1.579,0.12,6285.542,0.0,3.11,1.623,4.46,1.68,-0.15,0.36,0.535
EGS24268,CEERS,F444W,2.305,10.67,1.338,-22.81,-22.24,2,23.568,0.522,0.321,0.0,0.0,0.158,1.94,0.01,388.3,5.2,0.526,0.003,1098.7,5.9,1.0,0.0,,,,,,,34.5,8.5,42.6,34.4,147.9,18.5,1.923,0.0,10134.801,0.0,1.664,1.173,3.06,2.0,0.02,0.24,0.527
EGS25604,CEERS,F115W,1.664,9.63,0.433,-22.29,-23.49,1,17.096,0.38,0.368,0.0,0.0,0.253,3.668,0.039,52.2,1.4,0.976,0.01,243.0,3.7,1.8,0.02,,,,,,,3.8,0.0,4.4,0.0,315.1,0.0,1.136,0.0,5704.979,0.0,11.738,0.0,2.51,0.0,0.13,0.0,0.407
EGS25604,CEERS,F150W,1.664,9.63,0.563,-22.9,-23.49,1,20.316,0.414,0.368,0.0,0.0,0.219,3.252,0.021,129.3,2.1,0.888,0.006,513.8,5.5,1.76,0.01,,,,,,,4.1,0.0,4.8,0.0,314.4,0.0,1.656,0.0,5720.553,0.0,30.334,0.0,2.16,0.0,0.15,0.0,0.392
EGS25604,CEERS,F200W,1.664,9.63,0.747,-23.37,-23.49,1,22.373,0.428,0.373,0.0,0.0,0.2,3.165,0.013,220.4,2.5,0.883,0.005,801.8,8.0,1.94,0.02,,,,,,,4.0,0.0,5.4,0.0,317.0,0.0,1.812,0.0,5740.649,0.0,30.362,0.0,2.08,0.0,0.18,0.0,0.367
EGS25604,CEERS,F277W,1.664,9.63,1.046,-23.88,-23.49,1,27.933,0.439,0.336,0.0,0.0,0.225,2.704,0.017,476.2,8.1,0.842,0.005,1639.6,15.7,0.99,0.01,,,,,,,7.6,0.0,-13.9,0.0,350.1,0.0,2.189,0.0,5876.899,0.0,27.423,0.0,1.92,0.0,0.23,0.0,0.324
EGS25604,CEERS,F356W,1.664,9.63,1.338,-24.06,-23.49,1,26.212,0.377,0.359,0.0,0.0,0.263,2.602,0.0,516.2,5.5,0.759,0.003,2484.8,19.4,0.95,0.01,,,,,,,9.4,0.0,-24.5,0.0,371.8,0.0,2.406,0.0,5834.523,0.0,26.022,0.0,1.8,0.0,0.27,0.0,0.305
EGS25604,CEERS,F410M,1.664,9.63,1.536,-24.2,-23.49,1,27.895,0.458,0.351,0.0,0.0,0.191,2.496,0.011,758.3,9.4,0.703,0.004,3243.8,31.8,1.1,0.02,,,,,,,2.9,0.0,-23.9,0.0,368.3,0.0,2.356,0.0,5762.599,0.0,23.972,0.0,1.41,0.0,-0.5,0.0,0.339
EGS25604,CEERS,F444W,1.664,9.63,1.66,-24.31,-23.49,1,28.721,0.459,0.355,0.0,0.0,0.186,2.484,0.014,834.8,13.0,0.674,0.004,3876.3,45.5,1.06,0.02,,,,,,,3.7,0.0,-28.6,0.0,373.8,0.0,2.205,0.0,5783.915,0.0,23.431,0.0,1.3,0.0,-0.46,0.0,0.361
EGS25879,CEERS,F115W,1.47,9.19,0.467,-23.33,-24.27,3,22.173,0.524,0.204,0.0,0.0,0.272,4.469,0.038,83.1,1.4,1.256,0.007,297.5,1.7,1.0,0.0,,,,,,,26.1,8.4,-53.1,9.2,198.0,33.1,2.258,0.652,14744.061,0.0,3.724,2.291,9.09,2.1,-0.09,0.49,0.838
EGS25879,CEERS,F150W,1.47,9.19,0.608,-23.88,-24.27,3,26.851,0.481,0.205,0.0,0.0,0.315,4.157,0.027,152.5,2.2,1.265,0.005,479.6,2.2,1.0,0.0,,,,,,,26.5,4.8,-54.9,11.8,227.9,26.3,2.289,1.011,15403.918,0.0,4.63,2.635,7.79,2.71,-0.16,0.38,0.647
EGS25879,CEERS,F200W,1.47,9.19,0.806,-24.27,-24.27,3,26.707,0.37,0.191,0.0,0.0,0.439,4.286,0.03,163.4,3.0,1.217,0.005,772.0,3.8,1.0,0.0,,,,,,,24.5,6.4,-43.2,18.1,279.5,50.8,3.062,0.542,17341.738,0.0,3.837,1.439,10.3,1.67,-0.43,0.05,0.436
EGS25879,CEERS,F277W,1.47,9.19,1.128,-24.77,-24.27,3,27.893,0.329,0.251,0.0,0.0,0.42,4.256,0.039,257.8,7.0,1.489,0.01,908.1,6.3,1.0,0.0,,,,,,,28.1,3.6,-14.4,23.7,219.7,32.4,3.278,0.125,20068.393,0.0,3.039,0.998,6.71,0.76,-0.29,0.31,0.43
EGS25879,CEERS,F356W,1.47,9.19,1.442,-25.03,-24.27,3,29.945,0.276,0.298,0.0,0.0,0.426,4.388,0.044,244.4,7.1,1.396,0.008,1124.2,6.8,1.0,0.0,,,,,,,27.4,4.4,-10.3,22.5,206.9,28.3,3.432,0.022,18312.005,0.0,2.869,0.676,8.89,2.17,-0.35,0.34,0.429
EGS25879,CEERS,F410M,1.47,9.19,1.657,-25.21,-24.27,3,29.913,0.332,0.244,0.0,0.0,0.424,4.171,0.028,434.8,8.7,1.315,0.007,1601.9,9.6,1.0,0.0,,,,,,,28.8,5.7,-14.6,23.3,213.0,34.8,3.266,0.016,20383.065,0.0,2.746,1.167,4.78,2.9,-0.27,0.34,0.428
EGS25879,CEERS,F444W,1.47,9.19,1.79,-25.22,-24.27,3,30.133,0.336,0.247,0.0,0.0,0.417,3.975,0.036,477.4,12.8,1.288,0.01,1622.5,13.5,1.0,0.0,,,,,,,27.9,5.7,-30.0,17.1,201.9,29.2,3.21,0.059,17086.851,807.879,2.75,1.07,4.37,1.34,-0.22,0.35,0.437
EGS26748,CEERS,F115W,1.204,8.44,0.524,-21.71,-22.12,2,14.733,0.535,0.013,0.0,0.0,0.452,2.598,0.013,60.7,0.4,0.228,0.003,117.6,2.5,0.5,0.0,,,,,,,18.9,5.4,-16.7,17.0,332.3,39.8,2.128,0.211,11532.757,180.974,6.005,0.681,2.1,0.42,0.15,0.11,0.527
EGS26748,CEERS,F150W,1.204,8.44,0.681,-22.01,-22.12,2,19.634,0.575,0.023,0.0,0.0,0.403,2.536,0.011,90.3,0.5,0.342,0.006,163.8,4.6,1.0,0.0,,,,,,,19.0,4.9,-27.4,9.4,323.9,26.4,2.332,0.271,10816.404,185.98,7.617,3.003,1.85,0.61,0.16,0.1,0.569
EGS26748,CEERS,F200W,1.204,8.44,0.903,-22.18,-22.12,2,17.225,0.626,0.033,0.0,0.0,0.341,2.621,0.009,112.5,0.6,0.394,0.006,189.4,4.1,1.0,0.0,,,,,,,19.4,4.7,-25.8,8.2,320.0,23.8,2.261,0.435,11081.181,146.858,4.828,1.198,1.63,0.53,0.2,0.07,0.54
EGS26748,CEERS,F277W,1.204,8.44,1.264,-22.43,-22.12,2,16.002,0.477,0.059,0.0,0.0,0.464,2.344,0.015,124.5,2.2,0.579,0.009,160.0,3.9,0.78,0.03,,,,,,,15.6,7.9,-15.4,13.9,372.6,18.8,2.73,0.465,11681.274,0.0,2.82,1.762,6.27,4.05,0.38,0.12,0.522
EGS26748,CEERS,F356W,1.204,8.44,1.617,-22.43,-22.12,2,15.823,0.55,0.051,0.0,0.0,0.398,2.076,0.01,192.8,1.5,0.529,0.009,193.4,4.8,1.0,0.0,,,,,,,16.9,6.0,-25.5,0.6,314.8,39.0,2.776,0.286,10125.538,163.775,6.3,3.857,1.11,0.07,-0.07,0.37,0.602
EGS26748,CEERS,F410M,1.204,8.44,1.857,-22.46,-22.12,2,17.137,0.375,0.078,0.0,0.0,0.547,2.405,0.024,97.5,2.9,0.559,0.006,241.0,6.3,0.51,0.05,,,,,,,18.5,9.0,-18.0,10.2,358.6,2.4,2.853,0.0,11850.699,0.0,2.352,1.161,6.88,4.52,0.34,0.15,0.475
EGS26748,CEERS,F444W,1.204,8.44,2.006,-22.38,-22.12,2,15.249,0.426,0.068,0.0,0.0,0.507,2.051,0.016,140.7,2.4,0.489,0.009,180.4,3.9,1.0,0.0,,,,,,,17.4,9.0,-30.2,2.2,353.4,6.8,2.757,0.051,11824.241,0.0,2.839,1.672,7.33,5.88,0.37,0.12,0.516
EGS26831,CEERS,F200W,1.543,9.37,0.782,-22.43,-22.47,2,,0.512,0.08,0.229,0.0,0.179,4.944,0.047,43.8,0.7,0.82,0.028,132.5,6.3,1.17,0.05,2.552,0.034,79.5,1.6,0.5,0.0,28.5,6.6,-68.3,14.0,112.0,0.7,3.505,1.666,6037.072,0.0,3.756,0.857,0.65,0.28,0.1,0.31,0.511
EGS26831,CEERS,F277W,1.543,9.37,1.096,-22.76,-22.47,2,22.808,0.475,0.123,0.223,0.0,0.178,3.481,0.016,120.9,1.3,0.706,0.006,389.4,4.6,0.53,0.01,2.524,0.015,129.7,1.3,0.25,0.0,22.9,2.8,-12.3,18.9,151.8,40.9,2.866,1.382,7086.992,115.705,6.967,4.837,7.94,8.35,0.15,0.45,0.609
EGS26831,CEERS,F356W,1.543,9.37,1.401,-22.93,-22.47,2,22.728,0.433,0.168,0.23,0.0,0.169,3.354,0.016,143.8,1.6,0.74,0.004,567.8,2.8,0.5,0.0,2.542,0.013,146.1,1.3,0.25,0.0,26.4,5.0,-42.2,6.4,140.5,30.8,2.741,1.301,7524.727,143.278,4.609,1.629,7.36,8.3,0.18,0.44,0.66
EGS26831,CEERS,F410M,1.543,9.37,1.609,-23.07,-22.47,2,21.934,0.401,0.19,0.225,0.0,0.184,3.386,0.02,148.8,2.1,0.734,0.004,742.3,3.9,0.5,0.0,2.619,0.015,159.6,2.0,0.25,0.0,27.4,5.1,-47.0,12.9,147.5,37.4,2.733,1.271,8096.418,209.518,3.434,0.689,7.45,8.15,0.21,0.46,0.651
EGS26831,CEERS,F444W,1.543,9.37,1.738,-23.08,-22.47,2,22.892,0.393,0.201,0.226,0.0,0.181,3.415,0.018,155.0,2.0,0.743,0.003,749.0,2.9,0.5,0.0,2.555,0.014,164.8,1.6,0.25,0.0,21.7,1.7,8.3,22.2,145.9,32.0,2.874,1.364,8124.972,171.198,4.845,3.547,7.67,7.86,0.18,0.43,0.679
EGS27059,CEERS,F115W,1.094,8.07,0.551,-22.32,-22.82,4,16.964,0.736,0.04,0.0,0.0,0.223,3.33,0.01,114.1,0.6,0.68,0.004,115.7,1.0,0.5,0.0,,,,,,,19.2,3.5,-3.8,23.7,227.0,48.0,1.541,0.289,16056.613,1057.992,6.52,3.268,3.51,2.72,-0.27,0.2,0.547
EGS27059,CEERS,F150W,1.094,8.07,0.717,-22.68,-22.82,4,17.353,0.728,0.052,0.0,0.0,0.22,2.871,0.008,212.8,0.8,0.613,0.003,229.4,2.6,0.67,0.01,,,,,,,20.6,7.7,-15.5,33.8,187.3,49.1,1.857,0.223,11208.604,0.0,10.252,5.982,1.99,0.33,0.06,0.26,0.525
EGS27059,CEERS,F200W,1.094,8.07,0.95,-23.0,-22.82,4,18.704,0.763,0.065,0.0,0.0,0.172,2.68,0.005,340.7,1.0,0.588,0.003,385.3,4.0,0.81,0.01,,,,,,,20.8,7.5,-11.9,30.1,184.7,50.3,1.771,0.122,11024.334,0.0,10.141,5.011,1.54,0.45,-0.08,0.06,0.487
EGS27059,CEERS,F277W,1.094,8.07,1.33,-23.34,-22.82,4,20.106,0.67,0.072,0.0,0.0,0.259,2.304,0.009,545.0,4.0,0.718,0.008,354.2,6.9,1.03,0.03,,,,,,,22.7,3.7,7.1,22.9,233.4,86.0,2.261,0.282,17954.808,451.19,6.365,3.032,1.81,1.03,-0.13,0.11,0.341
EGS27059,CEERS,F356W,1.094,8.07,1.702,-23.51,-22.82,4,21.275,0.622,0.09,0.0,0.0,0.288,2.435,0.009,553.7,4.4,0.745,0.008,482.7,9.4,1.03,0.03,,,,,,,26.2,5.2,-14.2,21.8,230.5,73.7,2.71,0.0,11313.768,0.0,7.84,4.695,2.13,1.71,-0.12,0.36,0.308
EGS27059,CEERS,F410M,1.094,8.07,1.954,-23.47,-22.82,4,23.875,0.592,0.112,0.0,0.0,0.297,2.632,0.01,425.4,6.1,0.728,0.018,350.2,13.7,1.45,0.05,,,,,,,25.3,4.7,10.0,35.1,231.9,65.0,2.546,0.228,14272.471,0.0,5.298,2.234,1.57,0.83,-0.21,0.41,0.324
EGS27059,CEERS,F444W,1.094,8.07,2.111,-23.41,-22.82,4,24.023,0.682,0.077,0.0,0.0,0.241,2.48,0.0,507.5,0.0,0.514,0.005,479.8,5.9,1.0,0.0,,,,,,,26.6,6.1,0.8,41.6,238.3,53.9,2.54,0.185,11535.533,490.978,11.524,6.566,1.41,0.88,-0.03,0.4,0.376
EGS27976,CEERS,F115W,1.05,7.91,0.563,-21.59,-21.84,3,15.003,0.6,0.01,0.0,0.0,0.39,2.229,0.007,101.4,0.5,0.188,0.005,88.0,3.2,1.0,0.0,,,,,,,15.9,8.3,-34.6,41.6,146.1,30.8,2.449,0.539,11161.987,0.0,19.143,7.784,2.77,4.73,-0.3,0.18,0.803
EGS27976,CEERS,F150W,1.05,7.91,0.732,-21.79,-21.84,3,14.722,0.641,0.006,0.0,0.0,0.353,2.004,0.005,152.3,0.4,0.024,0.0,3848.4,62.6,1.0,0.0,,,,,,,15.5,10.9,-33.8,36.1,141.5,38.4,2.326,0.37,10749.377,0.0,11.286,5.475,1.81,2.15,-0.3,0.25,0.82
EGS27976,CEERS,F200W,1.05,7.91,0.971,-21.9,-21.84,3,15.969,0.611,0.012,0.0,0.0,0.377,1.889,0.005,189.5,0.6,0.157,0.006,196.7,12.9,1.0,0.0,,,,,,,22.3,7.9,-42.3,40.5,175.9,38.9,2.349,0.494,11529.177,0.0,20.871,7.062,1.48,1.54,-0.18,0.26,0.779
EGS27976,CEERS,F277W,1.05,7.91,1.359,-22.06,-21.84,3,16.225,0.662,0.012,0.0,0.0,0.326,1.867,0.005,239.9,1.0,0.321,0.017,56.6,4.1,1.0,0.0,,,,,,,15.5,8.1,-44.2,37.5,134.2,35.5,2.267,0.331,10892.289,0.0,7.178,2.299,1.59,2.27,-0.21,0.11,0.819
EGS27976,CEERS,F356W,1.05,7.91,1.738,-22.14,-21.84,3,16.007,0.641,0.01,0.0,0.0,0.348,1.74,0.004,275.9,1.1,0.196,0.022,136.8,25.8,1.0,0.0,,,,,,,19.5,7.9,-43.3,42.3,150.4,34.1,2.107,0.331,12743.447,0.0,11.095,5.536,2.54,3.7,-0.13,0.22,0.814
EGS27976,CEERS,F410M,1.05,7.91,1.996,-22.09,-21.84,3,16.537,0.654,0.014,0.0,0.0,0.332,1.831,0.005,258.3,1.4,0.322,0.024,67.6,7.4,1.0,0.0,,,,,,,12.3,8.5,-41.0,34.1,124.1,35.1,2.156,0.435,10838.831,0.0,6.331,1.378,2.52,5.77,-0.28,0.1,0.849
EGS27976,CEERS,F444W,1.05,7.91,2.157,-21.98,-21.84,3,15.685,0.66,0.012,0.0,0.0,0.328,1.767,0.004,240.4,1.1,0.25,0.024,85.3,13.1,1.0,0.0,,,,,,,12.0,11.5,-37.2,42.8,135.2,31.3,2.071,0.288,12953.566,0.0,4.597,1.067,2.33,3.43,-0.15,0.21,0.839
EGS30172,CEERS,F150W,3.29,11.56,0.35,-20.7,,2,,0.465,0.0,0.338,0.0,0.196,0.681,0.012,260.4,7.8,,,,,,,1.731,0.032,75.9,2.3,0.25,0.0,18.2,7.6,-39.8,29.8,75.5,19.3,0.799,0.05,3549.666,80.757,3.226,3.021,1.0,0.0,0.0,0.0,0.937
EGS30172,CEERS,F200W,3.29,11.56,0.464,-21.05,,2,,0.425,0.0,0.408,0.0,0.166,0.678,0.01,330.8,7.9,,,,,,,1.753,0.018,114.3,2.2,0.25,0.0,26.3,7.7,-61.4,0.6,71.0,16.2,0.754,0.0,4171.04,103.779,1.093,0.409,1.0,0.0,0.0,0.0,0.933
EGS30172,CEERS,F277W,3.29,11.56,0.649,-21.2,,2,,0.461,0.0,0.363,0.0,0.176,0.947,0.013,210.4,6.5,,,,,,,1.469,0.015,138.0,2.3,0.25,0.0,20.5,15.8,-44.7,13.5,66.1,15.5,1.215,0.124,3977.566,84.241,1.988,0.864,1.0,0.0,0.0,0.0,0.765
EGS30836,CEERS,F115W,1.116,8.15,0.545,-22.49,-23.06,3,15.294,0.414,0.091,0.129,0.0,0.366,3.091,0.027,58.0,1.1,0.467,0.019,190.0,13.3,2.62,0.1,2.35,0.016,53.3,0.8,0.25,0.0,18.7,5.4,-21.8,35.1,228.3,39.9,2.232,0.708,11175.503,0.0,3.414,0.761,5.29,2.56,-0.22,0.24,0.596
EGS30836,CEERS,F150W,1.116,8.15,0.709,-22.92,-23.06,3,17.983,0.379,0.087,0.184,0.0,0.35,3.5,0.025,67.6,1.1,0.396,0.008,478.8,15.2,1.55,0.04,2.517,0.031,79.4,1.2,0.47,0.01,20.1,4.4,-13.7,34.6,225.3,38.4,2.041,0.285,11782.15,0.0,3.572,1.376,4.04,2.9,-0.04,0.18,0.584
EGS30836,CEERS,F200W,1.116,8.15,0.94,-23.22,-23.06,3,19.299,0.377,0.113,0.197,0.0,0.314,3.479,0.018,87.6,1.1,0.456,0.007,646.0,17.1,1.4,0.04,2.594,0.022,106.6,1.6,0.52,0.01,20.6,5.4,-14.6,36.4,220.5,39.9,2.069,0.297,11612.31,342.73,2.955,0.919,4.3,2.64,-0.17,0.24,0.57
EGS30836,CEERS,F277W,1.116,8.15,1.317,-23.62,-23.06,3,21.044,0.316,0.123,0.26,0.0,0.301,3.388,0.027,117.2,2.4,0.514,0.004,1126.9,15.5,0.62,0.02,2.489,0.024,186.5,2.4,0.45,0.01,18.9,9.4,-10.7,42.1,198.1,40.4,2.598,0.806,11134.057,820.203,2.104,0.791,3.53,2.13,-0.18,0.38,0.577
EGS30836,CEERS,F356W,1.116,8.15,1.684,-23.69,-23.06,3,21.347,0.314,0.188,0.184,0.0,0.314,3.181,0.022,133.0,2.4,0.648,0.005,1191.9,17.9,0.8,0.02,2.909,0.026,123.2,2.6,0.25,0.0,21.6,9.4,-26.4,41.1,188.0,32.1,2.559,0.646,11510.612,0.0,2.232,0.696,2.48,2.83,-0.13,0.35,0.559
EGS30836,CEERS,F410M,1.116,8.15,1.934,-23.66,-23.06,3,20.4,0.293,0.185,0.18,0.0,0.342,3.25,0.024,123.4,2.3,0.57,0.004,1286.9,19.1,0.82,0.02,2.909,0.024,116.4,2.5,0.37,0.01,20.5,10.4,-15.4,42.8,218.0,60.3,2.446,0.748,12240.393,0.0,3.57,2.756,3.68,4.48,-0.1,0.4,0.54
EGS30836,CEERS,F444W,1.116,8.15,2.089,-23.61,-23.06,3,20.486,0.286,0.152,0.267,0.0,0.294,3.365,0.031,113.7,2.7,0.509,0.003,1538.7,11.2,0.5,0.0,3.272,0.022,175.1,1.8,0.46,0.01,21.7,7.2,-10.3,45.4,213.5,43.0,2.185,0.889,12878.825,0.0,2.404,0.558,3.42,2.66,0.15,0.36,0.637
EGS31125,CEERS,F200W,2.06,10.33,0.65,-22.92,-23.42,2,,0.413,0.299,0.0,0.0,0.288,2.545,0.0,127.8,0.0,0.733,0.005,462.2,5.9,1.7,0.02,,,,,,,27.6,0.5,-58.3,12.6,162.1,37.6,2.397,0.859,9665.428,0.0,3.826,0.321,1.23,1.16,-0.32,0.13,0.67
EGS31125,CEERS,F277W,2.06,10.33,0.91,-23.69,-23.42,2,20.636,0.39,0.248,0.0,0.0,0.361,2.587,0.0,236.1,0.0,0.822,0.004,729.9,7.0,1.17,0.01,,,,,,,35.6,3.4,-52.3,17.5,214.2,76.5,2.525,0.0,10124.336,0.0,4.706,0.989,4.14,2.33,-0.37,0.09,0.508
EGS31125,CEERS,F356W,2.06,10.33,1.164,-24.21,-23.42,2,21.591,0.263,0.308,0.0,0.0,0.429,2.587,0.0,256.3,0.0,1.034,0.01,867.5,12.0,1.35,0.02,,,,,,,37.4,1.1,-67.8,0.8,243.5,13.2,2.465,0.0,9855.197,0.0,5.923,0.423,9.03,0.64,-0.5,0.0,0.338
EGS31125,CEERS,F410M,2.06,10.33,1.337,-24.47,-23.42,2,23.865,0.248,0.339,0.0,0.0,0.413,2.631,0.0,296.6,0.0,1.086,0.004,1155.9,9.7,1.2,0.01,,,,,,,37.5,1.4,-68.4,8.1,216.4,46.2,1.793,0.223,9079.934,0.0,4.392,0.371,6.74,0.74,-0.46,0.04,0.486
EGS31125,CEERS,F444W,2.06,10.33,1.445,-24.54,-23.42,2,23.441,0.211,0.379,0.0,0.0,0.41,2.927,0.0,218.7,0.0,1.212,0.007,1079.7,10.5,1.29,0.01,,,,,,,38.0,1.2,-65.3,4.7,240.6,10.0,1.732,0.081,10733.601,0.0,5.804,1.184,8.78,1.41,-0.5,0.0,0.388
EGS31281,CEERS,F115W,1.554,9.39,0.452,-21.6,-22.57,4,,0.461,0.109,0.0,0.0,0.431,3.655,0.038,33.6,0.7,0.743,0.014,71.7,2.1,1.41,0.03,,,,,,,17.2,7.7,-20.4,17.5,189.0,48.6,1.793,0.331,9281.586,769.908,8.332,11.438,0.75,0.31,0.2,0.24,0.289
EGS31281,CEERS,F150W,1.554,9.39,0.588,-22.1,-22.57,4,23.247,0.482,0.196,0.0,0.0,0.322,3.836,0.034,54.3,1.4,0.857,0.02,120.3,4.2,2.08,0.04,,,,,,,17.7,8.3,-5.1,36.2,210.5,47.9,1.639,0.295,13157.228,0.0,6.475,8.968,0.76,0.31,0.18,0.23,0.332
EGS31281,CEERS,F200W,1.554,9.39,0.779,-22.52,-22.57,4,19.357,0.433,0.269,0.0,0.0,0.299,3.217,0.023,98.7,2.7,0.944,0.022,198.4,6.7,2.25,0.04,,,,,,,20.4,8.5,-14.7,36.8,209.4,45.0,1.599,0.506,11327.35,953.478,8.342,6.364,0.78,0.3,0.1,0.13,0.347
EGS31281,CEERS,F277W,1.554,9.39,1.091,-23.06,-22.57,4,17.521,0.61,0.137,0.0,0.0,0.253,1.786,0.01,692.1,5.7,0.501,0.002,784.4,6.3,0.64,0.01,,,,,,,18.4,6.8,-19.3,26.9,193.5,59.2,1.829,0.526,9162.655,135.521,3.19,1.644,0.76,0.31,0.18,0.23,0.285
EGS31281,CEERS,F356W,1.554,9.39,1.395,-23.22,-22.57,4,19.83,0.647,0.169,0.0,0.0,0.184,1.923,0.007,725.5,5.2,0.582,0.003,886.9,8.4,0.77,0.02,,,,,,,20.6,6.2,-41.1,18.0,189.6,60.9,1.955,0.495,9446.809,0.0,5.624,4.305,0.76,0.31,0.19,0.24,0.357
EGS31281,CEERS,F410M,1.554,9.39,1.602,-23.35,-22.57,4,20.244,0.636,0.157,0.0,0.0,0.207,1.718,0.011,1020.3,11.7,0.568,0.004,1062.0,11.9,0.63,0.02,,,,,,,18.1,5.9,-18.4,21.7,193.1,60.4,1.643,0.543,8916.637,127.867,2.124,0.85,0.75,0.31,0.2,0.24,0.344
EGS31281,CEERS,F444W,1.554,9.39,1.731,-23.42,-22.57,4,18.021,0.622,0.121,0.0,0.0,0.257,1.493,0.007,1367.8,10.4,0.463,0.003,1242.4,9.0,0.5,0.0,,,,,,,17.3,6.6,-14.4,25.3,257.1,90.4,1.815,0.649,11869.667,0.0,1.764,1.06,0.73,0.31,0.21,0.25,0.328
EGS31720,CEERS,F115W,1.066,7.97,0.559,-20.94,-21.47,2,13.466,0.551,0.116,0.0,0.0,0.333,2.251,0.013,45.7,0.4,0.534,0.003,75.3,0.4,1.0,0.0,,,,,,,9.3,0.7,44.9,5.2,192.3,7.9,2.757,0.192,8040.853,153.048,14.313,9.923,0.67,0.32,-0.5,0.0,0.488
EGS31720,CEERS,F150W,1.066,7.97,0.726,-21.36,-21.47,2,15.505,0.569,0.13,0.0,0.0,0.301,2.335,0.011,61.6,0.5,0.561,0.003,116.2,0.6,1.0,0.0,,,,,,,11.3,2.2,28.9,11.9,191.6,5.8,2.861,0.0,8088.365,0.0,5.827,1.622,0.7,0.32,-0.5,0.0,0.511
EGS31720,CEERS,F200W,1.066,7.97,0.963,-21.61,-21.47,2,15.268,0.537,0.151,0.0,0.0,0.312,2.263,0.009,79.7,0.7,0.522,0.002,173.7,0.8,1.0,0.0,,,,,,,11.3,1.2,44.0,3.9,188.7,5.9,2.726,0.0,7665.777,129.701,8.293,4.456,0.69,0.32,-0.43,0.07,0.493
EGS31720,CEERS,F277W,1.066,7.97,1.348,-21.85,-21.47,2,15.12,0.515,0.178,0.0,0.0,0.307,2.058,0.009,109.4,1.2,0.682,0.004,172.2,0.9,1.0,0.0,,,,,,,13.0,3.1,9.7,34.5,183.9,16.5,2.46,0.0,6104.46,120.804,3.732,0.397,0.71,0.29,-0.1,0.19,0.502
EGS31720,CEERS,F356W,1.066,7.97,1.725,-21.97,-21.47,2,15.685,0.509,0.178,0.0,0.0,0.313,1.962,0.008,133.6,1.4,0.67,0.003,214.6,1.2,1.0,0.0,,,,,,,13.2,2.8,3.1,40.7,179.9,20.4,2.349,0.0,5983.634,123.758,3.595,0.162,0.7,0.31,-0.27,0.02,0.518
EGS31720,CEERS,F410M,1.066,7.97,1.981,-21.85,-21.47,2,14.557,0.499,0.162,0.0,0.0,0.338,1.753,0.013,161.2,2.7,0.589,0.005,218.7,1.9,1.0,0.0,,,,,,,12.5,3.2,42.0,1.0,194.3,23.6,2.361,0.0,8484.42,0.0,10.143,3.02,0.71,0.29,-0.23,0.06,0.471
EGS31720,CEERS,F444W,1.066,7.97,2.14,-21.79,-21.47,2,15.013,0.509,0.172,0.0,0.0,0.32,1.873,0.013,135.1,2.3,0.659,0.005,204.2,1.8,1.0,0.0,,,,,,,12.8,4.0,24.1,23.4,181.9,16.1,2.348,0.0,7112.883,206.872,5.992,0.139,0.79,0.22,-0.23,0.1,0.534
JADES131726,JADES,F182M,1.37,8.93,0.778,-22.87,-22.95,3,18.255,0.636,0.043,0.0,0.0,0.321,2.183,0.009,443.7,2.7,0.287,0.004,523.1,11.2,1.0,0.0,,,,,,,16.6,1.5,-37.7,10.8,233.1,52.9,2.69,0.315,8859.612,204.896,12.082,9.513,2.55,0.51,0.04,0.23,0.561
JADES131726,JADES,F210M,1.37,8.93,0.883,-23.13,-22.95,3,19.253,0.654,0.05,0.0,0.0,0.296,2.269,0.008,536.1,3.0,0.314,0.004,648.8,12.7,1.0,0.0,,,,,,,18.9,4.4,-18.1,12.1,229.8,43.3,2.408,0.345,8661.37,181.369,10.357,7.857,2.31,0.47,0.02,0.24,0.569
JADES131726,JADES,F444W,1.37,8.93,1.865,-23.68,-22.95,3,22.576,0.577,0.091,0.0,0.0,0.332,2.172,0.007,833.6,7.6,0.61,0.008,516.0,7.6,1.0,0.0,,,,,,,19.1,3.3,-4.4,25.5,218.1,29.9,2.65,0.374,8391.837,126.35,9.101,1.987,2.12,0.59,-0.0,0.24,0.514
JADES156224,JADES,F182M,1.52,9.31,0.732,-22.64,-22.74,2,13.309,0.501,0.168,0.0,0.0,0.332,1.953,0.02,241.8,7.3,0.899,0.013,222.7,2.1,1.0,0.0,,,,,,,14.2,0.7,-32.1,18.3,273.2,23.0,2.14,0.49,5541.809,120.659,2.078,0.317,10.7,5.03,-0.2,0.36,0.627
JADES156224,JADES,F210M,1.52,9.31,0.831,-22.77,-22.74,2,12.997,0.515,0.155,0.0,0.0,0.33,1.75,0.016,344.2,8.9,0.792,0.012,288.3,3.0,1.0,0.0,,,,,,,14.8,0.3,-35.6,22.4,271.6,18.7,2.088,0.523,5559.509,83.056,2.284,0.676,9.74,4.39,-0.21,0.33,0.662
JADES156224,JADES,F444W,1.52,9.31,1.754,-23.58,-22.74,2,17.661,0.565,0.184,0.0,0.0,0.252,1.571,0.008,1131.1,21.5,1.034,0.009,537.6,4.7,1.0,0.0,,,,,,,16.1,2.1,-9.1,19.1,208.3,49.4,1.18,0.137,4721.222,105.465,2.864,0.354,2.58,0.67,0.5,0.0,0.702
JADES158887,JADES,F090W,1.08,8.02,0.433,-20.87,-22.2,3,10.75,0.401,0.041,0.0,0.0,0.558,2.325,0.039,39.9,1.0,0.445,0.011,32.7,0.8,1.0,0.0,,,,,,,22.6,2.5,-6.7,11.0,236.0,31.6,2.215,0.351,9383.638,0.0,3.127,0.991,1.4,0.69,-0.14,0.35,0.561
JADES158887,JADES,F115W,1.08,8.02,0.555,-21.52,-22.2,3,12.096,0.48,0.068,0.0,0.0,0.452,2.575,0.02,66.7,1.1,0.463,0.006,92.2,1.4,1.0,0.0,,,,,,,23.1,3.5,-22.7,24.0,235.3,28.6,2.589,0.512,8060.983,0.0,3.58,1.029,1.07,1.04,-0.21,0.34,0.609
JADES158887,JADES,F150W,1.08,8.02,0.722,-22.02,-22.2,3,13.178,0.53,0.074,0.0,0.0,0.396,1.785,0.012,191.7,2.9,0.4,0.006,213.1,3.9,1.0,0.0,,,,,,,28.4,8.6,-9.9,55.1,184.3,42.0,1.587,0.217,6943.389,0.0,2.99,0.925,4.02,4.85,-0.2,0.22,0.592
JADES158887,JADES,F200W,1.08,8.02,0.957,-22.45,-22.2,3,14.374,0.545,0.078,0.0,0.0,0.377,1.558,0.007,365.6,3.8,0.34,0.005,460.7,8.9,1.0,0.0,,,,,,,28.6,8.8,-13.0,54.1,180.3,46.8,1.4,0.208,6830.305,0.0,3.067,1.557,3.77,4.11,-0.09,0.17,0.571
JADES158887,JADES,F277W,1.08,8.02,1.339,-22.85,-22.2,3,16.24,0.543,0.082,0.0,0.0,0.374,1.602,0.011,586.8,7.7,0.421,0.01,457.8,13.3,1.0,0.0,,,,,,,31.5,10.3,-51.5,27.4,179.6,12.3,1.989,0.277,9377.433,331.057,2.817,1.284,1.55,0.83,0.03,0.23,0.562
JADES158887,JADES,F335M,1.08,8.02,1.618,-23.05,-22.2,3,16.475,0.538,0.09,0.0,0.0,0.372,1.576,0.007,714.4,6.7,0.405,0.007,648.7,13.9,1.0,0.0,,,,,,,31.8,10.3,-48.9,30.5,176.3,15.5,1.935,0.262,10285.204,273.899,2.723,1.261,1.64,1.03,0.01,0.23,0.569
JADES158887,JADES,F356W,1.08,8.02,1.713,-23.06,-22.2,3,17.347,0.534,0.089,0.0,0.0,0.377,1.576,0.01,725.7,9.5,0.398,0.01,672.4,23.0,1.0,0.0,,,,,,,31.5,10.2,-48.6,32.1,175.4,16.8,1.887,0.217,10345.496,331.882,2.68,1.273,1.77,1.19,0.01,0.23,0.569
JADES158887,JADES,F410M,1.08,8.02,1.967,-23.0,-22.2,3,17.062,0.538,0.076,0.0,0.0,0.386,1.48,0.008,763.1,7.8,0.314,0.009,867.9,34.9,1.0,0.0,,,,,,,31.2,10.3,-50.9,31.1,174.2,17.4,1.851,0.205,10213.651,273.639,2.678,1.357,2.08,1.61,0.01,0.28,0.576
JADES158887,JADES,F444W,1.08,8.02,2.126,-22.94,-22.2,3,16.805,0.533,0.075,0.0,0.0,0.392,1.465,0.008,746.9,8.0,0.308,0.01,844.3,39.7,1.0,0.0,,,,,,,30.9,11.1,-49.8,30.7,174.2,14.8,1.903,0.271,10717.604,317.243,2.617,1.316,2.51,2.49,-0.11,0.33,0.571
JADES158906,JADES,F090W,1.92,10.11,0.309,-20.92,-21.78,2,9.736,0.467,0.0,0.094,0.0,0.439,2.259,0.051,32.6,1.3,,,,,,,2.895,0.102,10.3,0.6,0.34,0.04,11.1,7.5,2.4,43.8,144.0,12.6,1.665,0.316,5661.246,311.647,5.691,4.962,1.19,0.6,0.37,0.01,0.93
JADES158906,JADES,F115W,1.92,10.11,0.395,-21.47,-21.78,2,10.185,0.372,0.013,0.082,0.0,0.533,2.36,0.039,40.0,1.1,0.384,0.029,24.4,2.2,1.0,0.0,2.893,0.066,18.7,0.7,0.49,0.03,10.9,0.1,-45.1,11.8,164.0,5.1,2.653,0.121,5205.69,0.0,1.465,0.193,1.59,1.53,0.2,0.3,0.612
JADES158906,JADES,F150W,1.92,10.11,0.514,-21.67,-21.78,2,13.015,0.429,0.012,0.095,0.0,0.465,2.531,0.029,45.2,1.0,0.362,0.027,31.5,2.7,1.0,0.0,2.993,0.058,24.1,0.7,0.47,0.03,8.8,0.0,-32.1,16.1,171.1,0.8,2.338,0.081,5180.378,0.0,1.292,0.184,1.53,1.53,0.25,0.25,0.63
JADES158906,JADES,F200W,1.92,10.11,0.682,-21.76,-21.78,2,11.523,0.366,0.017,0.123,0.0,0.494,2.436,0.031,45.4,1.1,0.345,0.017,49.8,3.3,1.0,0.0,2.565,0.04,26.7,0.5,0.5,0.0,5.1,0.9,-20.5,15.7,165.8,5.4,2.293,0.313,5452.502,0.0,1.422,0.186,2.32,2.21,-0.12,0.02,0.604
JADES158906,JADES,F277W,1.92,10.11,0.954,-21.79,-21.78,2,11.875,0.325,0.003,0.127,0.0,0.545,2.392,0.046,42.9,2.7,0.027,0.055,1404.6,5693.2,1.0,0.0,1.968,0.075,35.8,1.3,0.82,0.06,12.1,0.7,-25.5,14.2,200.2,9.1,2.493,0.119,5478.872,0.0,1.55,0.452,1.13,0.99,0.32,0.24,0.502
JADES158906,JADES,F356W,1.92,10.11,1.22,-21.84,-21.78,2,11.916,0.323,0.009,0.154,0.0,0.515,2.346,0.041,44.4,2.6,0.025,0.0,5458.3,278.0,1.0,0.0,2.649,0.045,36.9,0.7,0.58,0.03,8.0,1.0,-17.9,6.7,209.6,21.7,2.287,0.018,5497.604,0.0,1.289,0.296,1.08,0.82,0.13,0.07,0.495
JADES158906,JADES,F410M,1.92,10.11,1.401,-21.85,-21.78,2,12.335,0.318,0.01,0.178,0.0,0.494,2.478,0.092,41.0,5.4,0.025,0.0,5961.4,528.0,1.0,0.0,2.784,0.089,34.7,1.3,0.61,0.05,9.3,0.1,-25.3,11.5,186.3,5.7,2.352,0.082,5457.821,226.67,1.367,0.237,1.58,1.23,0.28,0.29,0.512
JADES158906,JADES,F444W,1.92,10.11,1.514,-21.88,-21.78,2,13.021,0.31,0.014,0.167,0.0,0.509,2.345,0.041,44.7,2.5,0.025,0.0,8962.8,282.6,1.0,0.0,3.014,0.039,37.5,0.7,0.45,0.02,8.3,2.2,5.5,23.0,198.8,9.6,2.358,0.35,5624.816,162.851,1.227,0.166,1.72,1.54,0.15,0.28,0.502
JADES159476,JADES,F115W,1.08,8.02,0.555,-21.56,-22.2,4,15.003,0.539,0.004,0.0,0.0,0.457,2.978,0.022,72.5,0.6,0.277,0.022,21.9,2.4,0.5,0.0,,,,,,,17.8,12.4,-31.6,30.2,254.0,108.4,2.243,1.162,15255.36,0.0,7.65,7.752,6.64,3.7,0.03,0.4,0.573
JADES159476,JADES,F150W,1.08,8.02,0.722,-22.04,-22.2,4,16.025,0.57,0.009,0.0,0.0,0.421,2.735,0.012,135.3,0.8,0.261,0.009,77.8,4.2,0.5,0.0,,,,,,,18.3,10.7,-32.1,27.6,244.8,99.5,2.227,1.003,14915.181,0.0,6.243,4.132,7.56,4.31,0.2,0.3,0.572
JADES159476,JADES,F200W,1.08,8.02,0.957,-22.42,-22.2,4,16.119,0.581,0.018,0.0,0.0,0.401,2.517,0.008,238.3,1.2,0.302,0.006,176.7,5.3,0.5,0.0,,,,,,,17.2,9.2,-30.4,24.1,258.9,106.5,2.178,0.893,15075.853,0.0,5.802,3.936,9.06,4.44,-0.01,0.25,0.573
JADES159476,JADES,F277W,1.08,8.02,1.339,-22.82,-22.2,4,21.413,0.591,0.013,0.0,0.0,0.396,2.316,0.007,404.2,2.5,0.033,0.017,11349.4,11595.8,1.0,0.0,,,,,,,18.9,13.2,-44.8,22.7,267.5,86.3,2.106,0.734,12887.787,516.2,5.885,4.666,9.41,6.24,0.21,0.36,0.587
JADES159476,JADES,F356W,1.08,8.02,1.713,-23.03,-22.2,4,22.16,0.573,0.029,0.0,0.0,0.398,2.261,0.008,497.3,5.3,0.37,0.019,243.2,16.7,1.0,0.0,,,,,,,20.0,12.9,-50.8,21.4,236.6,67.9,1.934,0.562,12440.046,490.209,6.489,4.74,8.75,6.1,-0.05,0.25,0.577
JADES159476,JADES,F410M,1.08,8.02,1.967,-22.98,-22.2,4,23.444,0.53,0.037,0.0,0.0,0.433,2.24,0.009,452.3,5.5,0.386,0.018,278.1,16.8,1.0,0.0,,,,,,,18.7,12.9,-43.2,24.0,247.1,76.5,2.026,0.643,12434.134,470.858,4.804,2.38,8.14,4.56,0.23,0.36,0.527
JADES159476,JADES,F444W,1.08,8.02,2.126,-22.91,-22.2,4,22.187,0.559,0.024,0.0,0.0,0.416,2.136,0.007,485.8,3.4,0.064,0.014,6111.8,2649.3,1.0,0.0,,,,,,,18.7,12.8,-43.6,26.4,253.6,95.1,1.872,0.672,12099.012,484.594,4.167,1.611,9.5,5.46,0.24,0.34,0.543
JADES160443,JADES,F150W,1.97,10.19,0.505,-22.48,-23.65,2,,0.451,0.315,0.0,0.0,0.234,3.967,0.0,65.5,0.0,1.182,0.006,157.1,1.2,1.0,0.0,,,,,,,11.4,2.2,-52.8,19.6,186.6,72.8,2.791,1.122,10882.924,663.954,4.872,1.215,2.82,3.03,-0.11,0.49,0.779
JADES160443,JADES,F200W,1.97,10.19,0.67,-23.24,-23.65,2,20.045,0.527,0.29,0.0,0.0,0.182,2.934,0.024,251.6,4.6,1.067,0.007,361.3,2.3,1.0,0.0,,,,,,,12.7,2.3,-49.0,16.9,197.0,65.6,1.78,0.017,10362.371,0.0,2.981,0.687,1.43,1.21,-0.23,0.22,0.683
JADES160443,JADES,F277W,1.97,10.19,0.938,-23.93,-23.65,2,24.31,0.483,0.302,0.0,0.0,0.215,2.31,0.017,655.9,14.0,1.124,0.011,635.1,5.8,1.0,0.0,,,,,,,15.6,5.3,-44.9,19.0,208.3,55.0,2.55,0.219,9631.751,0.0,1.705,0.641,3.33,2.01,-0.43,0.07,0.523
JADES160443,JADES,F356W,1.97,10.19,1.2,-24.33,-23.65,2,22.416,0.432,0.334,0.0,0.0,0.234,2.087,0.018,985.9,27.0,1.161,0.012,949.5,9.4,1.0,0.0,,,,,,,16.1,5.4,-35.9,16.2,221.1,41.7,2.196,0.32,9234.024,0.0,1.844,0.813,3.95,2.44,-0.46,0.04,0.511
JADES160443,JADES,F410M,1.97,10.19,1.378,-24.45,-23.65,2,23.925,0.439,0.323,0.0,0.0,0.238,1.873,0.014,1322.2,35.1,1.114,0.009,1119.9,8.7,1.0,0.0,,,,,,,16.8,4.7,-22.3,16.9,228.2,43.2,1.922,0.34,8935.836,0.0,1.66,0.815,5.47,2.28,-0.07,0.3,0.517
JADES160443,JADES,F444W,1.97,10.19,1.489,-24.56,-23.65,2,23.071,0.376,0.391,0.0,0.0,0.233,2.044,0.019,1092.3,35.1,1.242,0.01,1209.3,9.9,1.0,0.0,,,,,,,17.1,4.6,-28.0,17.0,224.2,39.6,1.991,0.477,8500.286,274.621,1.557,0.72,6.63,3.46,0.02,0.44,0.52
JADES164258,JADES,F150W,2.01,10.25,0.499,-22.45,-23.44,3,17.927,0.529,0.111,0.0,0.0,0.359,3.955,0.052,54.9,1.5,0.848,0.013,105.7,1.6,1.0,0.0,,,,,,,13.4,2.7,-20.9,15.8,199.2,21.1,2.082,0.618,7818.965,395.571,4.749,0.871,2.61,5.32,-0.42,0.18,0.647
JADES164258,JADES,F200W,2.01,10.25,0.661,-23.15,-23.44,3,22.191,0.49,0.192,0.0,0.0,0.318,3.742,0.058,104.2,4.1,0.716,0.008,486.4,6.6,1.0,0.0,,,,,,,12.7,5.1,-10.1,36.8,206.7,38.4,2.544,0.813,6454.715,180.262,6.593,6.408,1.79,2.36,-0.39,0.32,0.531
JADES164258,JADES,F277W,2.01,10.25,0.926,-23.62,-23.44,3,22.992,0.501,0.262,0.0,0.0,0.236,1.973,0.034,657.5,33.5,0.868,0.018,696.2,12.8,1.0,0.0,,,,,,,14.1,3.2,-15.2,19.6,237.1,30.4,2.066,0.661,10066.775,1001.515,2.004,0.192,3.81,6.85,-0.33,0.35,0.636
JADES164258,JADES,F335M,2.01,10.25,1.118,-24.0,-23.44,3,23.069,0.508,0.253,0.0,0.0,0.239,1.587,0.022,1471.8,60.9,0.873,0.015,937.9,13.7,1.0,0.0,,,,,,,14.3,1.5,-10.3,22.8,255.1,36.8,1.868,0.659,9669.751,442.918,1.796,0.222,1.82,1.82,0.03,0.22,0.599
JADES164258,JADES,F356W,2.01,10.25,1.184,-24.1,-23.44,3,24.956,0.497,0.286,0.0,0.0,0.217,1.66,0.0,1460.0,44.3,0.925,0.018,1045.0,22.1,1.0,0.0,,,,,,,14.7,2.2,-10.4,23.8,257.9,37.5,1.854,0.602,10986.472,1055.033,1.725,0.317,3.63,6.34,0.0,0.23,0.604
JADES168076,JADES,F090W,1.1,8.09,0.429,-20.8,-22.31,3,12.766,0.632,0.062,0.0,0.0,0.306,2.245,0.018,80.1,1.1,0.543,0.013,31.2,0.8,1.0,0.0,,,,,,,25.3,8.6,-29.1,33.7,156.4,19.9,1.384,0.238,8033.999,0.0,12.88,6.731,1.97,0.38,0.1,0.19,0.583
JADES168076,JADES,F115W,1.1,8.09,0.55,-21.56,-22.31,3,17.509,0.684,0.067,0.0,0.0,0.249,2.105,0.01,176.1,1.5,0.467,0.007,92.0,1.6,1.0,0.0,,,,,,,25.5,5.3,-20.2,12.1,164.2,9.9,1.509,0.488,8157.367,0.0,7.556,3.459,4.79,5.81,-0.01,0.31,0.562
JADES168076,JADES,F150W,1.1,8.09,0.715,-22.11,-22.31,3,16.439,0.652,0.089,0.0,0.0,0.259,2.074,0.008,285.9,2.5,0.645,0.008,176.9,2.2,1.0,0.0,,,,,,,23.6,4.8,-6.8,12.0,182.3,7.9,1.471,0.46,8077.761,0.0,6.296,2.727,3.37,1.25,-0.03,0.18,0.496
JADES168076,JADES,F200W,1.1,8.09,0.948,-22.56,-22.31,3,17.841,0.656,0.092,0.0,0.0,0.253,1.952,0.005,496.0,3.2,0.621,0.007,299.1,3.6,1.0,0.0,,,,,,,24.9,3.2,-4.1,8.9,191.4,7.3,1.382,0.45,9491.876,0.0,5.907,2.453,3.31,1.27,0.03,0.16,0.532
JADES168076,JADES,F277W,1.1,8.09,1.327,-23.0,-22.31,3,20.938,0.656,0.061,0.0,0.0,0.283,1.843,0.006,912.9,7.5,0.551,0.017,256.9,7.5,1.0,0.0,,,,,,,22.1,2.5,-13.4,19.2,179.7,29.2,2.021,0.5,7919.948,227.683,3.503,1.117,3.26,6.27,0.2,0.16,0.557
JADES168076,JADES,F356W,1.1,8.09,1.697,-23.21,-22.31,3,22.306,0.55,0.123,0.0,0.0,0.327,2.075,0.008,735.2,10.5,0.686,0.01,359.1,5.7,1.0,0.0,,,,,,,21.4,6.6,-1.5,36.5,194.8,36.1,2.135,0.136,9392.363,461.141,3.105,1.625,3.0,1.16,0.27,0.21,0.442
JADES168076,JADES,F410M,1.1,8.09,1.949,-23.17,-22.31,3,22.242,0.545,0.123,0.0,0.0,0.332,2.095,0.007,697.7,8.7,0.73,0.011,304.8,4.2,1.0,0.0,,,,,,,19.5,8.2,-6.6,45.8,184.1,26.2,2.029,0.304,9596.733,0.0,3.209,2.045,4.66,4.0,0.01,0.32,0.459
JADES168076,JADES,F444W,1.1,8.09,2.105,-23.11,-22.31,3,22.138,0.554,0.124,0.0,0.0,0.322,2.066,0.008,678.0,9.2,0.727,0.011,294.3,4.0,1.0,0.0,,,,,,,19.3,8.6,-7.0,44.5,187.8,25.5,1.955,0.288,9607.545,0.0,2.924,1.844,6.01,6.39,-0.03,0.31,0.469
JADES169951,JADES,F090W,1.09,8.06,0.431,-20.8,-21.4,2,11.04,0.365,0.003,0.214,0.0,0.419,2.186,0.046,33.7,1.7,0.024,0.0,647.2,38.3,1.0,0.0,2.311,0.029,18.0,0.5,0.64,0.02,15.2,4.2,-19.9,16.7,277.0,48.3,2.185,0.643,10238.371,0.0,4.778,1.646,3.73,1.83,-0.27,0.01,0.46
JADES169951,JADES,F115W,1.09,8.06,0.552,-21.11,-21.4,2,12.439,0.458,0.003,0.19,0.0,0.349,2.278,0.026,49.4,1.2,0.025,0.009,848.2,593.8,1.0,0.0,2.163,0.018,26.3,0.4,0.62,0.01,13.5,5.8,-14.8,4.6,285.9,48.9,2.148,0.835,9081.625,195.41,5.019,0.923,3.08,1.21,-0.34,0.08,0.47
JADES169951,JADES,F150W,1.09,8.06,0.718,-21.34,-21.4,2,12.545,0.463,0.004,0.22,0.0,0.314,2.188,0.02,63.5,1.4,0.024,0.0,1506.5,62.8,1.0,0.0,2.177,0.012,37.4,0.5,0.57,0.01,15.5,5.7,-19.8,16.2,274.0,49.5,1.971,0.748,9239.675,154.386,5.401,1.001,3.05,1.42,-0.14,0.05,0.466
JADES169951,JADES,F200W,1.09,8.06,0.952,-21.46,-21.4,2,13.446,0.487,0.004,0.225,0.0,0.284,2.145,0.016,81.8,1.5,0.045,0.011,578.0,278.4,1.0,0.0,2.092,0.009,47.4,0.5,0.54,0.01,16.4,6.0,-13.2,21.0,274.6,55.4,1.97,0.819,10090.795,240.991,5.164,2.03,2.44,0.38,0.15,0.06,0.462
JADES169951,JADES,F277W,1.09,8.06,1.333,-21.59,-21.4,2,13.509,0.33,0.005,0.354,0.0,0.311,2.27,0.041,52.9,3.3,0.024,0.0,2449.3,180.7,1.0,0.0,2.233,0.013,61.7,0.9,0.59,0.01,16.2,6.6,-22.0,13.3,279.5,51.5,1.908,0.622,9646.402,393.248,3.646,0.907,2.6,0.56,0.14,0.09,0.418
JADES169951,JADES,F356W,1.09,8.06,1.705,-21.67,-21.4,2,14.103,0.437,0.006,0.265,0.0,0.291,2.006,0.019,98.7,2.8,0.024,0.0,3456.8,237.8,1.0,0.0,2.126,0.01,64.8,0.8,0.47,0.01,16.3,6.5,-17.3,8.6,272.1,58.1,1.886,0.639,8956.173,179.076,3.57,0.941,2.56,0.58,0.11,0.12,0.448
JADES169951,JADES,F410M,1.09,8.06,1.958,-21.58,-21.4,2,13.141,0.439,0.009,0.248,0.0,0.304,1.918,0.019,97.3,2.7,0.024,0.0,4555.2,229.2,1.0,0.0,2.143,0.011,62.2,0.8,0.36,0.01,16.7,6.9,-21.0,10.8,266.3,58.2,1.754,0.77,8493.548,135.113,3.609,0.85,2.74,0.71,0.03,0.19,0.474
JADES169951,JADES,F444W,1.09,8.06,2.115,-21.48,-21.4,2,13.13,0.413,0.01,0.263,0.0,0.314,1.972,0.018,78.6,2.0,0.024,0.0,4585.6,172.1,1.0,0.0,2.121,0.008,60.7,0.6,0.36,0.01,16.7,7.0,-18.3,9.3,266.5,56.4,1.763,0.736,8646.483,146.346,3.402,0.813,2.51,0.6,0.07,0.17,0.445
JADES188157,JADES,F090W,1.1,8.09,0.429,-22.12,-23.35,2,14.622,0.493,0.226,0.0,0.0,0.281,3.059,0.066,71.8,4.2,1.357,0.023,98.0,2.0,0.61,0.02,,,,,,,7.3,3.8,-21.1,5.2,418.1,74.2,2.493,0.539,7370.851,304.925,1.567,0.141,10.07,6.14,-0.09,0.22,0.7
JADES188157,JADES,F115W,1.1,8.09,0.55,-22.75,-23.35,2,16.529,0.604,0.084,0.0,0.0,0.313,2.884,0.032,174.2,5.0,0.477,0.012,329.1,10.4,1.0,0.0,,,,,,,18.9,9.9,6.2,31.6,429.0,43.3,2.816,0.114,10091.183,592.482,1.285,0.806,7.34,7.47,0.08,0.49,0.475
JADES188157,JADES,F150W,1.1,8.09,0.715,-23.19,-23.35,2,17.315,0.6,0.112,0.0,0.0,0.288,2.638,0.023,307.0,7.7,0.621,0.013,419.1,8.6,1.0,0.0,,,,,,,12.5,5.1,-13.7,18.2,434.0,45.7,2.767,0.193,8973.204,354.13,1.475,0.368,6.77,6.81,-0.26,0.03,0.478
JADES188157,JADES,F182M,1.1,8.09,0.879,-23.46,-23.35,2,18.3,0.645,0.117,0.0,0.0,0.238,2.482,0.012,452.0,6.4,0.668,0.017,382.3,15.4,1.47,0.05,,,,,,,12.1,4.3,-15.5,18.7,425.9,58.8,2.281,0.582,7999.137,0.0,1.282,0.375,4.17,4.12,-0.12,0.34,0.531
JADES188157,JADES,F200W,1.1,8.09,0.948,-23.58,-23.35,2,19.224,0.579,0.128,0.0,0.0,0.293,2.562,0.016,429.6,8.0,0.6,0.013,633.8,24.9,1.18,0.05,,,,,,,11.8,3.8,-12.1,18.3,438.0,50.5,2.779,0.167,10472.121,0.0,1.375,0.482,10.62,2.26,-0.5,0.0,0.431
JADES188157,JADES,F210M,1.1,8.09,0.997,-23.69,-23.35,2,20.989,0.669,0.093,0.0,0.0,0.238,2.278,0.008,654.4,5.0,0.472,0.004,896.7,10.2,1.0,0.0,,,,,,,12.2,5.0,-14.8,24.1,431.9,71.1,2.296,0.548,7888.224,0.0,1.109,0.388,3.9,3.85,0.04,0.4,0.523
JADES188157,JADES,F277W,1.1,8.09,1.327,-24.0,-23.35,2,21.852,0.604,0.134,0.0,0.0,0.262,2.269,0.015,843.1,20.2,0.711,0.024,888.8,39.0,0.75,0.05,,,,,,,10.9,3.7,-14.5,24.0,430.2,67.6,2.66,0.017,9175.269,352.033,1.289,0.532,8.62,0.25,-0.35,0.09,0.437
JADES188157,JADES,F356W,1.1,8.09,1.697,-24.15,-23.35,2,23.065,0.506,0.177,0.0,0.0,0.317,2.414,0.028,719.2,34.3,0.766,0.03,1045.7,62.6,0.87,0.07,,,,,,,8.5,1.6,4.3,31.1,406.9,23.1,2.312,0.263,9022.458,427.143,1.07,0.21,7.86,0.8,-0.34,0.01,0.388
JADES188157,JADES,F410M,1.1,8.09,1.949,-24.12,-23.35,2,22.271,0.518,0.195,0.0,0.0,0.287,2.317,0.015,775.6,17.5,0.871,0.016,1126.6,35.9,0.91,0.04,,,,,,,7.1,0.4,-15.0,16.4,413.5,23.6,2.572,0.057,8846.87,246.401,1.107,0.287,5.7,2.36,-0.31,0.12,0.393
JADES188157,JADES,F444W,1.1,8.09,2.105,-24.06,-23.35,2,24.199,0.572,0.206,0.0,0.0,0.222,2.23,0.016,869.8,19.2,0.872,0.019,1173.2,42.8,0.83,0.05,,,,,,,10.7,2.6,-2.4,31.9,378.3,60.9,2.09,0.422,9663.663,537.567,1.118,0.346,3.31,2.88,0.14,0.46,0.453
JADES188429,JADES,F200W,1.69,9.69,0.74,-22.62,-22.65,2,15.308,0.44,0.114,0.145,0.0,0.301,2.858,0.028,95.3,2.7,0.404,0.004,556.3,7.0,1.0,0.0,1.892,0.023,111.3,1.6,0.25,0.0,9.8,0.1,-54.5,11.5,204.2,0.5,2.027,0.178,4958.649,106.517,3.191,1.204,0.92,0.59,-0.15,0.34,0.312
JADES188429,JADES,F210M,1.69,9.69,0.778,-22.62,-22.65,2,,0.369,0.122,0.16,0.0,0.349,2.465,0.056,113.5,7.1,0.38,0.006,672.8,12.4,1.0,0.0,1.821,0.032,131.5,3.0,0.25,0.0,10.7,0.6,-59.4,6.1,207.5,2.6,2.161,0.179,5146.713,238.251,3.376,1.472,1.15,0.74,-0.31,0.17,0.291
JADES188429,JADES,F277W,1.69,9.69,1.036,-23.19,-22.65,2,16.155,0.409,0.158,0.184,0.0,0.249,2.106,0.015,265.7,5.2,0.496,0.01,868.7,18.1,1.0,0.0,1.939,0.028,279.4,6.4,0.25,0.0,14.2,4.1,-57.5,13.5,226.3,8.9,2.379,0.255,5182.726,212.071,2.334,0.434,0.54,0.19,0.07,0.01,0.346
JADES188429,JADES,F335M,1.69,9.69,1.251,-23.42,-22.65,2,17.263,0.372,0.192,0.222,0.0,0.215,1.99,0.011,301.0,4.6,0.508,0.01,1241.5,22.2,1.0,0.0,1.896,0.024,397.1,11.3,0.31,0.01,13.4,1.2,-56.5,4.4,232.8,22.2,2.114,0.426,4789.074,158.765,2.15,0.997,1.25,0.66,-0.01,0.25,0.38
JADES188429,JADES,F356W,1.69,9.69,1.324,-23.53,-22.65,2,17.809,0.363,0.189,0.223,0.0,0.224,1.998,0.013,341.9,6.1,0.474,0.012,1549.6,38.8,1.0,0.0,1.904,0.023,475.9,13.7,0.26,0.01,16.9,1.3,-59.5,10.1,226.4,10.9,2.205,0.323,5412.848,208.086,2.091,0.648,0.73,0.43,0.19,0.25,0.389
JADES188429,JADES,F410M,1.69,9.69,1.521,-23.69,-22.65,2,19.293,0.339,0.251,0.211,0.0,0.198,1.984,0.015,376.9,7.9,0.547,0.008,1792.0,28.8,1.0,0.0,1.863,0.016,514.5,8.9,0.25,0.0,15.8,1.3,-56.0,12.9,220.2,14.8,2.202,0.276,5709.789,241.645,2.305,0.879,0.86,0.55,0.06,0.27,0.408
JADES188429,JADES,F444W,1.69,9.69,1.644,-23.82,-22.65,2,21.137,0.326,0.274,0.195,0.0,0.206,1.982,0.019,398.0,11.1,0.587,0.008,1903.0,29.0,1.0,0.0,1.759,0.026,545.7,16.9,0.26,0.01,14.0,0.1,-57.9,3.5,229.4,18.7,2.137,0.359,4684.514,272.116,1.686,0.475,1.41,0.53,0.09,0.34,0.371
