Galaxy,Filter,D/T,B/T,Bar/T,R/T,S/T,Disc h (kpc),Disc h err,Disc I_0 (μJy/sq.arcsec),Disc I_0 err,Bulge r_e (kpc),Bulge r_e err,Bulge I_e (μJy/sq.arcsec),Bulge I_e err,Bulge n,Bulge n err,Bar r_e (kpc),Bar r_e err,Bar I_e (μJy/sq.arcsec),Bar I_e err,Bar n,Bar n err
g1,F814W,0.573,0.056,0.0,0.0,0.371,3.332,0.049,17.6,0.8,0.991,0.042,17.3,1.1,0.65,0.07,,,,,,
g2,F814W,0.501,0.39,0.0,0.0,0.11,1.55,0.085,95.4,37.3,1.347,0.234,48.0,2.1,1.19,0.1,,,,,,
g4,F814W,0.511,0.079,0.0,0.0,0.41,3.053,0.034,41.3,2.5,1.279,0.366,12.8,5.2,2.45,0.43,,,,,,
g5,F814W,0.747,0.027,0.0,0.0,0.226,1.773,0.013,61.0,1.1,0.35,0.034,29.9,6.3,0.77,0.3,,,,,,
g7,F814W,0.294,0.207,0.418,0.0,0.082,3.864,0.063,11.4,0.6,0.448,0.01,289.6,7.5,1.19,0.04,2.185,0.037,41.2,1.5,1.06,0.04
g8,F814W,0.462,0.053,0.221,0.0,0.265,3.859,0.049,16.8,0.8,0.488,0.026,63.0,4.4,1.06,0.09,2.907,0.067,14.7,0.5,0.55,0.03
g9,F814W,0.516,0.244,0.0,0.0,0.24,4.644,0.078,30.9,1.6,0.525,0.06,255.9,60.1,5.15,0.73,,,,,,
g11,F814W,0.527,0.039,0.054,0.0,0.38,3.116,0.042,24.6,0.5,0.756,0.02,28.4,1.3,0.56,0.05,2.628,0.0,6.4,0.2,0.25,0.0
g12,F814W,0.357,0.056,0.328,0.0,0.259,2.831,0.016,40.1,0.8,0.182,0.004,913.6,33.7,0.78,0.06,2.085,0.01,103.1,0.6,0.5,0.01
g13,F814W,0.716,0.032,0.124,0.0,0.128,1.444,0.013,74.6,1.6,0.298,0.02,83.2,9.9,0.31,0.14,1.52,0.063,11.9,0.9,1.27,0.12
g14,F814W,0.692,0.121,0.0,0.0,0.188,6.067,0.088,20.0,0.6,1.372,0.056,44.7,3.4,1.01,0.09,,,,,,
g15,F814W,0.646,0.204,0.0,0.0,0.151,2.744,0.08,34.6,2.4,0.974,0.044,53.1,3.6,0.66,0.09,,,,,,
g16,F814W,0.739,0.136,0.0,0.0,0.126,1.669,0.007,80.2,0.9,0.33,0.006,199.5,4.9,1.0,0.0,,,,,,
g17,F814W,0.504,0.071,0.239,0.0,0.186,3.233,0.012,39.5,0.5,0.398,0.009,257.7,11.1,1.15,0.07,2.399,0.02,68.0,0.7,0.53,0.01
g18,F814W,0.591,0.137,0.0,0.0,0.272,4.173,0.036,45.7,1.3,1.212,0.094,61.1,8.7,2.76,0.23,,,,,,
g19,F814W,0.625,0.095,0.02,0.0,0.26,4.607,0.019,34.4,0.4,1.207,0.019,62.8,1.8,0.66,0.04,0.318,0.013,305.5,25.3,0.45,0.12
g20,F814W,0.796,0.057,0.0,0.0,0.147,3.497,0.024,23.5,0.4,0.958,0.082,10.2,1.3,1.39,0.15,,,,,,
g21,F814W,0.402,0.265,0.196,0.0,0.137,4.167,0.06,40.0,1.4,0.267,0.008,2714.0,133.0,0.83,0.1,2.604,0.045,64.1,2.1,0.3,0.03
g22,F814W,0.623,0.062,0.034,0.0,0.281,3.92,0.008,47.7,0.3,0.341,0.007,325.3,11.1,1.26,0.05,1.627,0.031,27.0,1.2,0.32,0.02
g23,F814W,0.839,0.013,0.0,0.0,0.148,3.826,0.037,29.0,0.6,1.43,0.326,3.3,0.9,1.0,0.0,,,,,,
g26,F814W,0.564,0.093,0.0,0.0,0.343,3.038,0.009,59.2,0.6,1.003,0.008,59.9,0.7,0.52,0.01,,,,,,
g27,F814W,0.362,0.135,0.42,0.0,0.083,2.892,0.031,21.0,0.6,0.536,0.026,106.3,7.7,1.56,0.11,2.952,0.049,27.0,1.0,1.08,0.03
g29,F814W,0.562,0.087,0.0,0.0,0.352,3.845,0.055,33.3,1.9,1.505,0.609,12.2,8.5,3.63,1.01,,,,,,
g31,F814W,0.494,0.332,0.0,0.0,0.174,1.371,0.007,97.1,1.8,0.397,0.003,419.7,4.6,1.0,0.0,,,,,,
g32,F814W,0.303,0.449,0.0,0.0,0.247,2.792,0.015,40.2,1.3,1.478,0.035,78.4,2.8,2.42,0.04,,,,,,
g35,F814W,0.73,0.015,0.0,0.0,0.254,3.738,0.025,48.6,0.7,0.341,0.029,58.4,11.2,1.01,0.33,,,,,,
g36,F814W,0.311,0.378,0.0,0.0,0.311,4.299,0.044,20.9,0.7,2.796,0.096,18.1,1.0,3.84,0.07,,,,,,
g37,F814W,0.503,0.038,0.194,0.0,0.265,2.708,0.058,7.3,0.4,0.281,0.022,27.2,4.6,0.66,0.23,1.543,0.063,8.1,0.6,1.02,0.11
g38,F814W,0.629,0.0,0.0,0.0,0.371,2.089,0.012,47.9,0.6,,,,,,,,,,,,
g39,F814W,0.332,0.336,0.0,0.0,0.332,2.121,0.028,34.7,1.7,1.722,0.046,14.6,0.7,3.52,0.09,,,,,,
g43,F814W,0.447,0.069,0.244,0.0,0.24,3.252,0.037,39.1,1.1,0.379,0.02,218.9,19.6,1.27,0.14,2.686,0.042,32.8,1.0,0.66,0.03
g44,F814W,0.542,0.175,0.0,0.0,0.282,4.937,0.031,40.5,1.2,1.758,0.081,43.7,3.0,2.52,0.08,,,,,,
g46,F814W,0.825,0.046,0.0,0.0,0.128,4.139,0.019,25.1,0.3,0.669,0.045,24.9,2.4,1.17,0.11,,,,,,
g47,F814W,0.681,0.058,0.095,0.0,0.165,2.904,0.012,45.1,0.5,0.423,0.022,95.7,5.3,1.13,0.09,2.714,0.099,9.7,0.7,1.27,0.1
g49,F814W,0.647,0.045,0.0,0.0,0.308,1.912,0.009,89.3,1.3,0.418,0.017,75.1,5.4,1.0,0.1,,,,,,
g50,F814W,0.642,0.126,0.0,0.057,0.174,3.527,0.058,42.0,1.9,0.641,0.023,146.3,9.6,1.03,0.1,,,,,,
g51,F814W,0.776,0.014,0.0,0.0,0.21,2.254,0.013,54.1,0.6,1.017,0.0,4.4,0.0,1.0,0.0,,,,,,
g53,F814W,0.303,0.141,0.106,0.0,0.451,5.938,0.046,6.6,0.1,1.137,0.032,52.0,3.6,1.36,0.03,2.101,0.079,17.4,1.8,1.14,0.07
g56,F814W,0.487,0.181,0.259,0.0,0.073,1.894,0.007,33.2,0.3,0.152,0.006,995.5,57.9,1.63,0.09,0.98,0.015,76.2,3.0,0.65,0.02
g57,F814W,0.607,0.031,0.0,0.0,0.361,3.353,0.022,51.4,0.5,0.409,0.015,85.6,6.1,1.33,0.13,,,,,,
g59,F814W,0.409,0.078,0.103,0.0,0.41,4.528,0.05,11.1,0.4,0.383,0.009,195.0,8.7,1.06,0.07,1.74,0.025,29.5,0.8,0.25,0.0
g60,F814W,0.51,0.26,0.0,0.0,0.231,2.95,0.013,30.2,0.5,3.488,0.0,3.8,0.1,3.35,0.07,,,,,,
g62,F814W,0.612,0.0,0.0,0.0,0.388,2.603,0.02,60.0,0.8,,,,,,,,,,,,
g63,F814W,0.284,0.208,0.0,0.225,0.283,4.557,0.099,32.4,2.1,0.846,0.019,302.2,12.3,1.37,0.06,,,,,,
g64,F814W,0.323,0.212,0.15,0.0,0.315,2.951,0.053,10.7,0.9,0.944,0.058,23.4,2.0,2.22,0.09,2.655,0.044,14.3,0.4,0.51,0.02
g65,F814W,0.439,0.331,0.0,0.0,0.23,5.32,0.205,21.3,4.6,2.87,0.469,24.0,4.7,1.91,0.18,,,,,,
g66,F814W,0.487,0.096,0.0,0.0,0.417,5.001,0.08,11.0,0.6,1.565,0.22,6.6,1.3,2.12,0.21,,,,,,
g68,F814W,0.459,0.351,0.0,0.0,0.19,3.395,0.067,10.6,0.6,0.915,0.034,43.4,2.8,2.06,0.09,,,,,,
g69,F814W,0.483,0.277,0.0,0.0,0.24,4.104,0.084,26.2,2.3,2.114,0.26,22.1,4.0,2.3,0.2,,,,,,
g71,F814W,0.312,0.381,0.0,0.0,0.308,3.513,0.0,33.9,1.7,1.315,0.063,103.6,8.9,2.71,0.13,,,,,,
g73,F814W,0.296,0.179,0.227,0.0,0.299,4.013,0.155,18.8,2.2,0.898,0.031,137.6,8.0,1.21,0.09,4.956,0.23,10.2,1.3,1.13,0.12
g74,F814W,0.463,0.26,0.0,0.0,0.277,5.345,0.156,30.5,2.4,1.846,0.055,70.8,2.7,0.92,0.05,,,,,,
g75,F814W,0.594,0.037,0.0,0.0,0.369,3.403,0.027,22.3,0.5,0.795,0.035,27.2,2.3,0.98,0.11,,,,,,
g76,F814W,0.302,0.007,0.151,0.0,0.541,3.314,0.112,8.8,0.7,0.356,0.027,13.2,1.9,0.29,0.15,2.78,0.125,3.9,0.3,1.59,0.09
g77,F814W,0.748,0.004,0.067,0.0,0.181,2.254,0.032,13.8,0.5,0.305,0.221,6.0,6.3,0.25,0.0,1.309,0.073,8.1,0.9,0.25,0.0
g79,F814W,0.49,0.177,0.124,0.0,0.209,4.331,0.028,21.5,0.4,0.868,0.035,73.2,5.0,2.49,0.1,3.383,0.04,16.2,0.5,0.33,0.01
g81,F814W,0.296,0.295,0.0,0.0,0.409,3.916,0.079,38.2,2.3,0.329,0.007,2679.1,95.4,1.0,0.0,,,,,,
g82,F814W,0.673,0.288,0.0,0.0,0.038,4.228,0.032,26.2,0.6,1.011,0.031,66.4,3.5,2.17,0.08,,,,,,
g84,F814W,0.529,0.144,0.0,0.0,0.328,2.005,0.056,38.6,4.0,1.01,0.186,20.4,6.2,2.97,0.52,,,,,,
g85,F814W,0.675,0.014,0.0,0.0,0.311,2.685,0.018,39.4,0.5,0.312,0.025,47.9,7.0,0.32,0.17,,,,,,
g87,F814W,0.473,0.215,0.0,0.068,0.244,3.703,0.049,42.5,2.3,1.294,0.054,80.2,5.1,1.77,0.07,,,,,,
g89,F814W,0.541,0.099,0.0,0.0,0.359,5.262,0.096,17.9,0.8,0.684,0.022,90.8,6.3,0.94,0.11,,,,,,
g93,F814W,0.612,0.147,0.0,0.0,0.241,2.65,0.038,52.7,2.5,1.563,0.337,10.6,3.3,2.53,0.36,,,,,,
g95,F814W,0.544,0.201,0.0,0.0,0.256,3.426,0.014,62.3,1.1,2.24,0.059,27.1,1.0,1.97,0.04,,,,,,
g96,F814W,0.211,0.214,0.285,0.0,0.29,3.806,0.04,9.1,0.2,0.301,0.001,822.9,6.9,1.11,0.02,2.836,0.008,30.0,0.2,0.48,0.0
g98,F814W,0.768,0.028,0.0,0.0,0.204,2.794,0.016,21.8,0.4,0.406,0.016,23.8,1.6,0.64,0.08,,,,,,
g99,F814W,0.658,0.073,0.0,0.0,0.269,3.552,0.065,41.7,1.8,0.889,0.09,41.7,7.4,1.27,0.26,,,,,,
g100,F814W,0.513,0.0,0.144,0.0,0.342,2.012,0.017,17.6,0.4,,,,,,,1.616,0.023,13.6,0.3,0.67,0.02
g102,F814W,0.28,0.194,0.317,0.0,0.208,3.251,0.0,16.1,0.4,0.374,0.01,392.4,18.6,0.8,0.07,1.965,0.025,49.3,1.4,0.36,0.02
g103,F814W,0.601,0.017,0.021,0.0,0.361,3.784,0.012,52.0,0.4,0.622,0.054,30.5,3.7,0.89,0.13,1.92,0.053,10.1,0.9,0.25,0.0
g104,F814W,0.348,0.179,0.0,0.0,0.473,2.461,0.027,27.1,1.1,1.477,0.018,27.4,0.4,0.49,0.01,,,,,,
g107,F814W,0.824,0.017,0.0,0.0,0.159,1.393,0.003,108.1,0.8,0.139,0.007,190.9,16.0,0.25,0.0,,,,,,
g108,F814W,0.295,0.596,0.0,0.0,0.11,5.015,0.054,8.9,0.3,1.547,0.023,55.2,1.5,3.11,0.04,,,,,,
g111,F814W,0.744,0.001,0.0,0.038,0.217,3.301,0.023,80.3,1.1,0.025,658.259,1691.6,63197943.7,0.43,18288.18,,,,,,
g112,F814W,0.732,0.048,0.0,0.0,0.22,4.598,0.021,32.0,0.4,1.269,0.037,22.6,0.9,1.0,0.0,,,,,,
g113,F814W,0.709,0.0,0.119,0.0,0.172,3.41,0.019,28.2,0.4,,,,,,,1.735,0.054,16.8,1.0,1.86,0.09
g114,F814W,0.559,0.029,0.0,0.0,0.412,2.382,0.016,46.6,0.6,0.433,0.027,48.1,4.0,1.0,0.0,,,,,,
g116,F814W,0.346,0.218,0.314,0.0,0.122,3.557,0.026,19.2,0.4,0.33,0.003,855.9,12.0,0.7,0.02,2.649,0.018,44.9,0.5,0.5,0.01
g118,F814W,0.493,0.101,0.0,0.0,0.406,2.354,0.013,58.2,1.2,0.37,0.006,290.7,4.6,1.0,0.0,,,,,,
g119,F814W,0.243,0.117,0.0,0.23,0.41,3.925,0.083,16.4,1.1,1.498,0.025,67.1,1.7,0.39,0.02,,,,,,
g120,F814W,0.377,0.204,0.0,0.0,0.419,3.328,0.103,23.4,1.6,1.021,0.021,97.6,3.3,0.41,0.04,,,,,,
g121,F814W,0.651,0.102,0.0,0.0,0.247,3.534,0.058,30.3,3.2,1.933,0.934,6.0,3.6,2.07,0.56,,,,,,
g123,F814W,0.556,0.178,0.16,0.0,0.106,2.254,0.001,118.5,0.2,0.28,0.001,1001.9,4.4,1.35,0.01,1.195,0.002,148.0,0.7,0.48,0.0
g124,F814W,0.682,0.029,0.0,0.0,0.288,2.167,0.013,67.5,1.1,0.286,0.015,123.9,12.4,0.83,0.17,,,,,,
g125,F814W,0.607,0.053,0.0,0.0,0.34,1.204,0.006,43.8,0.9,0.193,0.009,65.4,5.9,1.83,0.15,,,,,,
g128,F814W,0.292,0.135,0.167,0.0,0.405,5.279,0.144,22.5,1.9,1.984,0.087,46.8,2.8,1.04,0.07,6.866,0.143,16.7,0.8,0.37,0.03
g130,F814W,0.309,0.061,0.367,0.0,0.263,2.428,0.0,20.2,0.4,0.185,0.011,266.1,31.4,1.4,0.27,2.437,0.034,23.0,0.5,0.91,0.03
g131,F814W,0.469,0.302,0.0,0.0,0.229,2.012,0.091,14.2,2.4,1.633,0.069,9.2,0.4,1.0,0.0,,,,,,
g132,F814W,0.626,0.116,0.075,0.0,0.183,1.715,0.004,38.2,0.2,0.266,0.007,93.8,4.2,2.39,0.08,1.747,0.017,7.7,0.2,0.32,0.01
g134,F814W,0.742,0.021,0.0,0.0,0.237,3.549,0.022,29.8,0.5,0.496,0.03,26.5,2.9,0.61,0.14,,,,,,
g135,F814W,0.635,0.056,0.0,0.0,0.309,4.345,0.05,20.1,0.5,0.636,0.034,50.7,5.5,1.1,0.18,,,,,,
g136,F814W,0.63,0.205,0.0,0.0,0.165,1.962,0.023,97.0,3.8,0.706,0.031,133.3,10.2,1.25,0.11,,,,,,
g137,F814W,0.373,0.436,0.0,0.0,0.191,5.943,0.087,26.8,1.0,2.71,0.1,35.4,2.2,3.15,0.08,,,,,,
g138,F814W,0.289,0.413,0.0,0.0,0.298,5.972,0.0,9.1,0.3,1.61,0.017,73.6,1.0,1.6,0.0,,,,,,
g139,F814W,0.443,0.134,0.0,0.0,0.424,2.902,0.035,32.4,1.4,0.789,0.034,60.9,4.1,1.43,0.08,,,,,,
g141,F814W,0.716,0.043,0.0,0.0,0.241,2.622,0.035,49.1,1.6,0.357,0.04,68.8,17.1,0.99,0.45,,,,,,
g143,F814W,0.27,0.0,0.507,0.0,0.223,4.21,0.067,16.4,0.9,,,,,,,2.659,0.018,62.3,0.6,0.92,0.01
g144,F814W,0.805,0.029,0.0,0.0,0.166,3.144,0.015,85.6,0.9,0.563,0.036,81.2,10.1,0.77,0.18,,,,,,
g145,F814W,0.642,0.039,0.0,0.0,0.319,3.048,0.021,76.4,0.7,0.463,0.015,93.6,5.3,0.95,0.09,,,,,,
g146,F814W,0.408,0.316,0.0,0.0,0.276,2.996,0.132,28.0,4.6,1.014,0.171,76.3,22.7,2.7,0.46,,,,,,
g147,F814W,0.432,0.09,0.393,0.0,0.085,3.093,0.004,28.3,0.1,0.359,0.002,252.6,1.6,1.35,0.01,2.223,0.002,56.7,0.1,0.7,0.0
g148,F814W,0.585,0.263,0.0,0.0,0.152,3.741,0.039,54.1,1.7,1.09,0.022,185.0,6.5,1.33,0.05,,,,,,
g152,F814W,0.369,0.105,0.241,0.0,0.285,4.735,0.0,16.7,0.1,0.291,0.004,763.6,22.7,1.21,0.06,2.799,0.023,43.4,0.5,0.55,0.01
g153,F814W,0.214,0.265,0.172,0.0,0.35,7.124,0.151,2.9,0.2,1.431,0.027,48.6,1.5,1.86,0.04,4.832,0.023,7.4,0.1,0.25,0.0
g154,F814W,0.625,0.119,0.0,0.0,0.255,2.672,0.046,68.8,3.6,0.723,0.073,60.1,9.9,1.5,0.23,,,,,,
g156,F814W,0.27,0.229,0.285,0.0,0.216,5.15,0.034,10.1,0.1,0.375,0.001,655.3,2.8,1.3,0.01,3.317,0.006,32.0,0.1,0.51,0.0
g157,F814W,0.499,0.162,0.0,0.0,0.338,2.805,0.033,37.0,1.2,1.195,0.038,49.5,1.8,0.37,0.04,,,,,,
g160,F814W,0.321,0.369,0.0,0.0,0.31,4.551,0.102,9.8,0.8,3.411,0.101,7.3,0.4,1.94,0.06,,,,,,
g161,F814W,0.71,0.032,0.0,0.0,0.258,2.436,0.012,69.9,1.2,0.662,0.048,37.2,4.6,1.06,0.17,,,,,,
g163,F814W,0.407,0.177,0.287,0.0,0.129,4.999,0.04,30.1,0.7,1.195,0.064,92.1,8.1,2.31,0.11,5.635,0.052,28.3,0.5,0.56,0.0
g164,F814W,0.387,0.272,0.0,0.0,0.341,3.688,0.037,20.5,0.7,1.943,0.119,15.1,1.5,3.7,0.13,,,,,,
g166,F814W,0.459,0.095,0.0,0.0,0.445,4.271,0.069,8.1,0.4,1.325,0.025,18.0,0.6,0.56,0.03,,,,,,
g167,F814W,0.485,0.115,0.0,0.0,0.401,3.644,0.056,28.9,1.1,2.518,0.279,5.6,1.1,3.31,0.29,,,,,,
g168,F814W,0.398,0.213,0.117,0.0,0.271,4.485,0.086,23.7,1.3,0.876,0.038,136.6,10.7,2.02,0.13,2.291,0.048,50.9,2.5,0.25,0.0
g170,F814W,0.412,0.102,0.0,0.0,0.486,5.215,0.068,32.7,1.7,1.043,0.283,39.6,19.5,5.23,0.98,,,,,,
g171,F814W,0.585,0.049,0.0,0.0,0.366,3.816,0.023,71.6,1.0,0.37,0.013,344.3,20.6,0.69,0.1,,,,,,
g172,F814W,0.682,0.006,0.01,0.0,0.302,1.762,0.004,35.9,0.2,0.184,0.007,20.3,1.7,0.32,0.09,0.843,0.033,5.0,0.3,0.37,0.07
g173,F814W,0.647,0.064,0.157,0.0,0.132,2.014,0.019,153.8,5.6,0.506,0.035,151.8,21.2,1.22,0.21,1.825,0.128,40.3,5.5,1.17,0.14
g174,F814W,0.346,0.342,0.0,0.0,0.312,2.714,0.109,40.6,4.7,1.92,0.139,31.4,3.9,2.6,0.19,,,,,,
g175,F814W,0.56,0.087,0.0,0.0,0.354,4.477,0.049,26.7,0.6,0.989,0.03,44.1,2.5,0.84,0.07,,,,,,
g177,F814W,0.314,0.043,0.181,0.0,0.463,3.24,0.117,33.5,2.0,0.293,0.007,356.6,15.1,0.75,0.07,3.397,0.053,25.6,0.6,0.61,0.02
g178,F814W,0.572,0.09,0.0,0.0,0.338,3.916,0.077,14.7,0.8,1.713,0.116,10.7,1.2,1.07,0.13,,,,,,
g179,F814W,0.646,0.066,0.221,0.0,0.068,5.598,0.013,38.5,0.3,0.658,0.022,126.7,6.8,1.62,0.07,3.559,0.026,41.1,0.6,0.85,0.01
g180,F814W,0.289,0.098,0.406,0.0,0.208,4.245,0.055,12.8,0.5,0.712,0.035,101.0,4.5,0.96,0.06,3.498,0.054,23.5,0.9,0.86,0.03
g181,F814W,0.374,0.065,0.0,0.0,0.56,3.144,0.081,31.0,2.6,0.316,0.017,389.6,30.4,1.0,0.0,,,,,,
g182,F814W,0.4,0.177,0.0,0.0,0.424,3.733,0.118,26.2,2.4,2.027,0.054,34.9,1.4,0.56,0.04,,,,,,
EGS10221,F115W,0.385,0.022,0.198,0.0,0.395,2.088,0.069,13.0,0.7,0.423,0.082,6.4,2.0,1.18,0.38,3.315,0.041,9.1,0.2,0.25,0.0
EGS10221,F150W,0.444,0.028,0.167,0.0,0.362,2.207,0.061,14.0,0.7,0.448,0.067,9.2,2.3,1.21,0.31,3.141,0.046,9.3,0.2,0.25,0.0
EGS10221,F200W,0.548,0.053,0.134,0.0,0.265,3.033,0.081,10.7,0.7,0.786,0.163,5.8,1.7,1.54,0.31,2.857,0.042,10.7,0.2,0.25,0.0
EGS13670,F115W,0.488,0.065,0.0,0.0,0.446,2.365,0.015,117.9,1.1,0.547,0.005,155.4,1.7,1.0,0.0,,,,,,
EGS13670,F150W,0.519,0.083,0.0,0.0,0.398,2.164,0.01,201.9,1.5,0.537,0.004,276.6,2.4,1.0,0.0,,,,,,
EGS13670,F200W,0.519,0.092,0.0,0.0,0.389,1.799,0.006,341.2,2.1,0.471,0.003,465.8,3.8,1.0,0.0,,,,,,
EGS13670,F277W,0.418,0.139,0.0,0.0,0.443,1.504,0.032,521.1,23.8,0.671,0.017,457.1,8.5,1.0,0.0,,,,,,
EGS13670,F356W,0.409,0.172,0.0,0.0,0.419,1.558,0.019,507.3,13.5,0.685,0.008,580.0,5.5,1.0,0.0,,,,,,
EGS13670,F410M,0.402,0.184,0.0,0.0,0.414,1.512,0.016,590.9,13.9,0.683,0.007,697.9,5.6,1.0,0.0,,,,,,
EGS13670,F444W,0.398,0.188,0.0,0.0,0.414,1.549,0.016,582.0,13.6,0.699,0.007,710.1,5.1,1.0,0.0,,,,,,
EGS14565,F115W,0.385,0.032,0.0,0.0,0.583,5.609,0.155,11.3,0.8,0.555,0.011,35.8,0.8,1.0,0.0,,,,,,
EGS14565,F150W,0.573,0.032,0.0,0.0,0.395,3.37,0.021,61.7,0.7,0.486,0.008,67.0,1.3,1.0,0.0,,,,,,
EGS14565,F200W,0.619,0.042,0.0,0.0,0.339,2.913,0.011,121.0,0.8,0.489,0.006,113.3,1.6,1.0,0.0,,,,,,
EGS14565,F277W,0.508,0.106,0.0,0.0,0.386,2.945,0.015,127.1,1.8,0.861,0.007,113.7,0.8,1.0,0.0,,,,,,
EGS14565,F410M,0.563,0.128,0.0,0.0,0.309,2.582,0.011,226.3,2.1,0.837,0.007,182.3,1.4,1.0,0.0,,,,,,
EGS14565,F444W,0.54,0.154,0.0,0.0,0.306,2.673,0.01,210.7,1.9,0.926,0.006,191.6,1.0,1.0,0.0,,,,,,
EGS21378,F150W,0.478,0.205,0.0,0.0,0.317,2.496,0.117,32.4,2.7,0.372,0.009,280.3,11.3,0.73,0.05,,,,,,
EGS21378,F200W,0.371,0.307,0.0,0.0,0.322,3.192,0.059,82.4,3.5,0.422,0.002,2090.4,14.3,0.69,0.01,,,,,,
EGS21378,F277W,0.331,0.397,0.0,0.0,0.272,2.5,0.0,245.1,2.4,0.538,0.001,3357.0,15.2,0.64,0.01,,,,,,
EGS21891,F115W,0.592,0.092,0.0,0.0,0.316,2.984,0.015,65.6,0.7,0.649,0.0,79.2,0.6,1.2,0.0,,,,,,
EGS21891,F150W,0.567,0.101,0.0,0.0,0.332,2.741,0.019,83.0,1.4,0.649,0.011,90.9,2.5,1.2,0.03,,,,,,
EGS21891,F200W,0.517,0.144,0.0,0.0,0.339,2.738,0.015,79.8,1.0,0.8,0.0,104.5,0.6,1.17,0.0,,,,,,
EGS21891,F277W,0.309,0.208,0.0,0.0,0.483,2.758,0.0,52.1,1.2,0.951,0.016,90.8,2.3,1.14,0.02,,,,,,
EGS21891,F356W,0.383,0.155,0.0,0.0,0.463,2.819,0.022,59.4,1.6,0.796,0.0,110.1,1.9,0.92,0.0,,,,,,
EGS21891,F410M,0.543,0.114,0.0,0.0,0.343,2.413,0.018,105.7,2.2,0.64,0.011,128.4,3.9,0.7,0.04,,,,,,
EGS21891,F444W,0.547,0.116,0.0,0.0,0.337,2.591,0.014,91.2,1.3,0.644,0.005,136.3,2.3,0.54,0.02,,,,,,
EGS22339,F115W,0.532,0.19,0.0,0.0,0.278,5.11,0.033,45.8,0.7,0.971,0.011,148.3,2.7,1.95,0.02,,,,,,
EGS22339,F150W,0.418,0.277,0.0,0.0,0.305,3.734,0.0,85.1,0.8,1.049,0.009,246.5,3.2,1.95,0.02,,,,,,
EGS22339,F200W,0.449,0.313,0.0,0.0,0.238,3.44,0.0,139.6,0.8,1.022,0.005,408.7,3.6,1.81,0.01,,,,,,
EGS22339,F277W,0.469,0.36,0.0,0.0,0.171,3.871,0.019,161.3,1.9,1.08,0.005,659.9,4.9,1.33,0.01,,,,,,
EGS22339,F356W,0.453,0.384,0.0,0.0,0.163,3.558,0.018,203.4,2.5,1.04,0.005,874.0,6.3,1.31,0.01,,,,,,
EGS22339,F410M,0.435,0.404,0.0,0.0,0.161,3.441,0.016,239.6,2.7,1.002,0.004,1091.7,6.8,1.36,0.01,,,,,,
EGS22339,F444W,0.436,0.405,0.0,0.0,0.16,3.489,0.02,227.2,3.2,1.002,0.005,1086.1,8.6,1.37,0.01,,,,,,
EGS22922,F115W,0.454,0.155,0.0,0.0,0.391,4.491,0.046,48.0,0.8,0.941,0.006,201.9,1.9,0.57,0.01,,,,,,
EGS22922,F150W,0.426,0.186,0.0,0.0,0.388,5.202,0.051,49.4,0.9,1.163,0.006,253.0,1.9,0.6,0.01,,,,,,
EGS22922,F200W,0.387,0.233,0.0,0.0,0.381,4.231,0.037,94.5,1.6,1.07,0.004,427.5,2.5,0.54,0.01,,,,,,
EGS22922,F277W,0.314,0.406,0.0,0.0,0.281,4.381,0.05,84.8,2.1,1.412,0.005,505.8,3.1,0.8,0.01,,,,,,
EGS22922,F356W,0.278,0.441,0.0,0.0,0.28,4.413,0.05,83.7,2.1,1.363,0.005,650.3,3.6,0.83,0.01,,,,,,
EGS22922,F410M,0.256,0.457,0.0,0.0,0.286,4.472,0.051,79.2,2.0,1.296,0.004,754.3,3.4,0.81,0.01,,,,,,
EGS22922,F444W,0.218,0.356,0.0,0.0,0.427,3.49,0.049,91.7,3.3,0.919,0.003,971.0,5.2,0.65,0.01,,,,,,
EGS23205,F200W,0.417,0.106,0.145,0.0,0.332,3.651,0.029,129.9,2.3,0.564,0.013,563.9,21.0,1.49,0.05,2.3,0.014,164.8,2.0,0.37,0.01
EGS23205,F277W,0.428,0.093,0.224,0.0,0.255,3.217,0.0,244.8,1.5,0.511,0.004,1161.6,16.5,0.64,0.02,2.641,0.013,277.8,2.1,0.48,0.0
EGS23205,F356W,0.418,0.085,0.256,0.0,0.241,2.783,0.016,466.4,5.4,0.498,0.005,2051.8,44.2,0.64,0.04,2.522,0.014,503.1,4.0,0.59,0.01
EGS23205,F410M,0.389,0.086,0.283,0.0,0.241,2.721,0.016,534.7,6.5,0.474,0.005,2971.4,68.0,0.65,0.06,2.529,0.013,673.3,4.5,0.62,0.01
EGS23205,F444W,0.395,0.093,0.27,0.0,0.242,2.701,0.017,604.5,7.9,0.475,0.006,3243.6,81.2,0.71,0.07,2.512,0.015,728.6,5.5,0.57,0.01
EGS23259,F115W,0.507,0.118,0.0,0.0,0.375,4.422,0.046,25.5,0.5,0.826,0.011,91.2,1.9,1.21,0.02,,,,,,
EGS23259,F150W,0.535,0.127,0.0,0.0,0.338,4.171,0.034,44.3,0.7,0.813,0.008,157.9,2.8,1.17,0.02,,,,,,
EGS23259,F200W,0.448,0.164,0.0,0.0,0.387,3.295,0.024,78.5,1.3,0.84,0.006,282.3,3.2,0.99,0.01,,,,,,
EGS24154,F115W,0.479,0.067,0.249,0.0,0.205,4.383,0.027,61.6,0.9,0.409,0.003,511.6,5.5,0.86,0.01,2.78,0.007,93.5,0.4,0.3,0.0
EGS24154,F150W,0.526,0.081,0.202,0.0,0.191,3.732,0.013,137.9,1.0,0.425,0.003,800.4,9.4,1.08,0.02,2.776,0.009,133.4,0.6,0.3,0.0
EGS24154,F200W,0.474,0.113,0.158,0.0,0.255,3.885,0.012,168.0,1.3,0.52,0.005,960.0,13.2,1.2,0.02,2.652,0.01,161.7,1.3,0.3,0.0
EGS24154,F277W,0.404,0.125,0.167,0.0,0.304,3.492,0.0,239.8,1.6,0.579,0.006,1297.7,18.1,0.85,0.02,2.577,0.02,213.5,2.8,0.36,0.01
EGS24154,F356W,0.381,0.14,0.16,0.0,0.318,3.372,0.0,260.7,2.1,0.597,0.009,1398.4,32.6,1.0,0.04,2.569,0.023,214.3,4.6,0.37,0.01
EGS24154,F410M,0.386,0.132,0.191,0.0,0.29,3.404,0.0,257.8,1.6,0.528,0.004,1913.2,30.2,0.82,0.03,2.801,0.015,247.6,3.0,0.34,0.01
EGS24154,F444W,0.386,0.13,0.196,0.0,0.289,3.392,0.0,252.5,1.9,0.53,0.003,1953.1,26.3,0.58,0.03,2.785,0.014,237.4,2.5,0.37,0.01
EGS24268,F200W,0.678,0.079,0.0,0.0,0.243,2.305,0.013,169.6,1.8,0.485,0.007,158.7,2.3,1.0,0.0,,,,,,
EGS24268,F277W,0.591,0.197,0.0,0.0,0.212,2.267,0.012,194.1,2.5,0.668,0.005,257.7,1.6,1.0,0.0,,,,,,
EGS24268,F356W,0.571,0.243,0.0,0.0,0.187,1.869,0.008,352.3,4.0,0.529,0.003,670.2,4.3,1.0,0.0,,,,,,
EGS24268,F410M,0.588,0.232,0.0,0.0,0.18,1.504,0.009,669.0,10.0,0.426,0.004,1132.6,12.3,1.0,0.0,,,,,,
EGS24268,F444W,0.522,0.321,0.0,0.0,0.158,1.94,0.01,388.3,5.2,0.526,0.003,1098.7,5.9,1.0,0.0,,,,,,
EGS25604,F115W,0.38,0.368,0.0,0.0,0.253,3.668,0.039,52.2,1.4,0.976,0.01,243.0,3.7,1.8,0.02,,,,,,
EGS25604,F150W,0.414,0.368,0.0,0.0,0.219,3.252,0.021,129.3,2.1,0.888,0.006,513.8,5.5,1.76,0.01,,,,,,
EGS25604,F200W,0.428,0.373,0.0,0.0,0.2,3.165,0.013,220.4,2.5,0.883,0.005,801.8,8.0,1.94,0.02,,,,,,
EGS25604,F277W,0.439,0.336,0.0,0.0,0.225,2.704,0.017,476.2,8.1,0.842,0.005,1639.6,15.7,0.99,0.01,,,,,,
EGS25604,F356W,0.377,0.359,0.0,0.0,0.263,2.602,0.0,516.2,5.5,0.759,0.003,2484.8,19.4,0.95,0.01,,,,,,
EGS25604,F410M,0.458,0.351,0.0,0.0,0.191,2.496,0.011,758.3,9.4,0.703,0.004,3243.8,31.8,1.1,0.02,,,,,,
EGS25604,F444W,0.459,0.355,0.0,0.0,0.186,2.484,0.014,834.8,13.0,0.674,0.004,3876.3,45.5,1.06,0.02,,,,,,
EGS25879,F115W,0.524,0.204,0.0,0.0,0.272,4.469,0.038,83.1,1.4,1.256,0.007,297.5,1.7,1.0,0.0,,,,,,
EGS25879,F150W,0.481,0.205,0.0,0.0,0.315,4.157,0.027,152.5,2.2,1.265,0.005,479.6,2.2,1.0,0.0,,,,,,
EGS25879,F200W,0.37,0.191,0.0,0.0,0.439,4.286,0.03,163.4,3.0,1.217,0.005,772.0,3.8,1.0,0.0,,,,,,
EGS25879,F277W,0.329,0.251,0.0,0.0,0.42,4.256,0.039,257.8,7.0,1.489,0.01,908.1,6.3,1.0,0.0,,,,,,
EGS25879,F356W,0.276,0.298,0.0,0.0,0.426,4.388,0.044,244.4,7.1,1.396,0.008,1124.2,6.8,1.0,0.0,,,,,,
EGS25879,F410M,0.332,0.244,0.0,0.0,0.424,4.171,0.028,434.8,8.7,1.315,0.007,1601.9,9.6,1.0,0.0,,,,,,
EGS25879,F444W,0.336,0.247,0.0,0.0,0.417,3.975,0.036,477.4,12.8,1.288,0.01,1622.5,13.5,1.0,0.0,,,,,,
EGS26748,F115W,0.535,0.013,0.0,0.0,0.452,2.598,0.013,60.7,0.4,0.228,0.003,117.6,2.5,0.5,0.0,,,,,,
EGS26748,F150W,0.575,0.023,0.0,0.0,0.403,2.536,0.011,90.3,0.5,0.342,0.006,163.8,4.6,1.0,0.0,,,,,,
EGS26748,F200W,0.626,0.033,0.0,0.0,0.341,2.621,0.009,112.5,0.6,0.394,0.006,189.4,4.1,1.0,0.0,,,,,,
EGS26748,F277W,0.477,0.059,0.0,0.0,0.464,2.344,0.015,124.5,2.2,0.579,0.009,160.0,3.9,0.78,0.03,,,,,,
EGS26748,F356W,0.55,0.051,0.0,0.0,0.398,2.076,0.01,192.8,1.5,0.529,0.009,193.4,4.8,1.0,0.0,,,,,,
EGS26748,F410M,0.375,0.078,0.0,0.0,0.547,2.405,0.024,97.5,2.9,0.559,0.006,241.0,6.3,0.51,0.05,,,,,,
EGS26748,F444W,0.426,0.068,0.0,0.0,0.507,2.051,0.016,140.7,2.4,0.489,0.009,180.4,3.9,1.0,0.0,,,,,,
EGS26831,F200W,0.512,0.08,0.229,0.0,0.179,4.944,0.047,43.8,0.7,0.82,0.028,132.5,6.3,1.17,0.05,2.552,0.034,79.5,1.6,0.5,0.0
EGS26831,F277W,0.475,0.123,0.223,0.0,0.178,3.481,0.016,120.9,1.3,0.706,0.006,389.4,4.6,0.53,0.01,2.524,0.015,129.7,1.3,0.25,0.0
EGS26831,F356W,0.433,0.168,0.23,0.0,0.169,3.354,0.016,143.8,1.6,0.74,0.004,567.8,2.8,0.5,0.0,2.542,0.013,146.1,1.3,0.25,0.0
EGS26831,F410M,0.401,0.19,0.225,0.0,0.184,3.386,0.02,148.8,2.1,0.734,0.004,742.3,3.9,0.5,0.0,2.619,0.015,159.6,2.0,0.25,0.0
EGS26831,F444W,0.393,0.201,0.226,0.0,0.181,3.415,0.018,155.0,2.0,0.743,0.003,749.0,2.9,0.5,0.0,2.555,0.014,164.8,1.6,0.25,0.0
EGS27059,F115W,0.736,0.04,0.0,0.0,0.223,3.33,0.01,114.1,0.6,0.68,0.004,115.7,1.0,0.5,0.0,,,,,,
EGS27059,F150W,0.728,0.052,0.0,0.0,0.22,2.871,0.008,212.8,0.8,0.613,0.003,229.4,2.6,0.67,0.01,,,,,,
EGS27059,F200W,0.763,0.065,0.0,0.0,0.172,2.68,0.005,340.7,1.0,0.588,0.003,385.3,4.0,0.81,0.01,,,,,,
EGS27059,F277W,0.67,0.072,0.0,0.0,0.259,2.304,0.009,545.0,4.0,0.718,0.008,354.2,6.9,1.03,0.03,,,,,,
EGS27059,F356W,0.622,0.09,0.0,0.0,0.288,2.435,0.009,553.7,4.4,0.745,0.008,482.7,9.4,1.03,0.03,,,,,,
EGS27059,F410M,0.592,0.112,0.0,0.0,0.297,2.632,0.01,425.4,6.1,0.728,0.018,350.2,13.7,1.45,0.05,,,,,,
EGS27059,F444W,0.682,0.077,0.0,0.0,0.241,2.48,0.0,507.5,0.0,0.514,0.005,479.8,5.9,1.0,0.0,,,,,,
EGS27976,F115W,0.6,0.01,0.0,0.0,0.39,2.229,0.007,101.4,0.5,0.188,0.005,88.0,3.2,1.0,0.0,,,,,,
EGS27976,F150W,0.641,0.006,0.0,0.0,0.353,2.004,0.005,152.3,0.4,0.024,0.0,3848.4,62.6,1.0,0.0,,,,,,
EGS27976,F200W,0.611,0.012,0.0,0.0,0.377,1.889,0.005,189.5,0.6,0.157,0.006,196.7,12.9,1.0,0.0,,,,,,
EGS27976,F277W,0.662,0.012,0.0,0.0,0.326,1.867,0.005,239.9,1.0,0.321,0.017,56.6,4.1,1.0,0.0,,,,,,
EGS27976,F356W,0.641,0.01,0.0,0.0,0.348,1.74,0.004,275.9,1.1,0.196,0.022,136.8,25.8,1.0,0.0,,,,,,
EGS27976,F410M,0.654,0.014,0.0,0.0,0.332,1.831,0.005,258.3,1.4,0.322,0.024,67.6,7.4,1.0,0.0,,,,,,
EGS27976,F444W,0.66,0.012,0.0,0.0,0.328,1.767,0.004,240.4,1.1,0.25,0.024,85.3,13.1,1.0,0.0,,,,,,
EGS30172,F150W,0.465,0.0,0.338,0.0,0.196,0.681,0.012,260.4,7.8,,,,,,,1.731,0.032,75.9,2.3,0.25,0.0
EGS30172,F200W,0.425,0.0,0.408,0.0,0.166,0.678,0.01,330.8,7.9,,,,,,,1.753,0.018,114.3,2.2,0.25,0.0
EGS30172,F277W,0.461,0.0,0.363,0.0,0.176,0.947,0.013,210.4,6.5,,,,,,,1.469,0.015,138.0,2.3,0.25,0.0
EGS30836,F115W,0.414,0.091,0.129,0.0,0.366,3.091,0.027,58.0,1.1,0.467,0.019,190.0,13.3,2.62,0.1,2.35,0.016,53.3,0.8,0.25,0.0
EGS30836,F150W,0.379,0.087,0.184,0.0,0.35,3.5,0.025,67.6,1.1,0.396,0.008,478.8,15.2,1.55,0.04,2.517,0.031,79.4,1.2,0.47,0.01
EGS30836,F200W,0.377,0.113,0.197,0.0,0.314,3.479,0.018,87.6,1.1,0.456,0.007,646.0,17.1,1.4,0.04,2.594,0.022,106.6,1.6,0.52,0.01
EGS30836,F277W,0.316,0.123,0.26,0.0,0.301,3.388,0.027,117.2,2.4,0.514,0.004,1126.9,15.5,0.62,0.02,2.489,0.024,186.5,2.4,0.45,0.01
EGS30836,F356W,0.314,0.188,0.184,0.0,0.314,3.181,0.022,133.0,2.4,0.648,0.005,1191.9,17.9,0.8,0.02,2.909,0.026,123.2,2.6,0.25,0.0
EGS30836,F410M,0.293,0.185,0.18,0.0,0.342,3.25,0.024,123.4,2.3,0.57,0.004,1286.9,19.1,0.82,0.02,2.909,0.024,116.4,2.5,0.37,0.01
EGS30836,F444W,0.286,0.152,0.267,0.0,0.294,3.365,0.031,113.7,2.7,0.509,0.003,1538.7,11.2,0.5,0.0,3.272,0.022,175.1,1.8,0.46,0.01
EGS31125,F200W,0.413,0.299,0.0,0.0,0.288,2.545,0.0,127.8,0.0,0.733,0.005,462.2,5.9,1.7,0.02,,,,,,
EGS31125,F277W,0.39,0.248,0.0,0.0,0.361,2.587,0.0,236.1,0.0,0.822,0.004,729.9,7.0,1.17,0.01,,,,,,
EGS31125,F356W,0.263,0.308,0.0,0.0,0.429,2.587,0.0,256.3,0.0,1.034,0.01,867.5,12.0,1.35,0.02,,,,,,
EGS31125,F410M,0.248,0.339,0.0,0.0,0.413,2.631,0.0,296.6,0.0,1.086,0.004,1155.9,9.7,1.2,0.01,,,,,,
EGS31125,F444W,0.211,0.379,0.0,0.0,0.41,2.927,0.0,218.7,0.0,1.212,0.007,1079.7,10.5,1.29,0.01,,,,,,
EGS31281,F115W,0.461,0.109,0.0,0.0,0.431,3.655,0.038,33.6,0.7,0.743,0.014,71.7,2.1,1.41,0.03,,,,,,
EGS31281,F150W,0.482,0.196,0.0,0.0,0.322,3.836,0.034,54.3,1.4,0.857,0.02,120.3,4.2,2.08,0.04,,,,,,
EGS31281,F200W,0.433,0.269,0.0,0.0,0.299,3.217,0.023,98.7,2.7,0.944,0.022,198.4,6.7,2.25,0.04,,,,,,
EGS31281,F277W,0.61,0.137,0.0,0.0,0.253,1.786,0.01,692.1,5.7,0.501,0.002,784.4,6.3,0.64,0.01,,,,,,
EGS31281,F356W,0.647,0.169,0.0,0.0,0.184,1.923,0.007,725.5,5.2,0.582,0.003,886.9,8.4,0.77,0.02,,,,,,
EGS31281,F410M,0.636,0.157,0.0,0.0,0.207,1.718,0.011,1020.3,11.7,0.568,0.004,1062.0,11.9,0.63,0.02,,,,,,
EGS31281,F444W,0.622,0.121,0.0,0.0,0.257,1.493,0.007,1367.8,10.4,0.463,0.003,1242.4,9.0,0.5,0.0,,,,,,
EGS31720,F115W,0.551,0.116,0.0,0.0,0.333,2.251,0.013,45.7,0.4,0.534,0.003,75.3,0.4,1.0,0.0,,,,,,
EGS31720,F150W,0.569,0.13,0.0,0.0,0.301,2.335,0.011,61.6,0.5,0.561,0.003,116.2,0.6,1.0,0.0,,,,,,
EGS31720,F200W,0.537,0.151,0.0,0.0,0.312,2.263,0.009,79.7,0.7,0.522,0.002,173.7,0.8,1.0,0.0,,,,,,
EGS31720,F277W,0.515,0.178,0.0,0.0,0.307,2.058,0.009,109.4,1.2,0.682,0.004,172.2,0.9,1.0,0.0,,,,,,
EGS31720,F356W,0.509,0.178,0.0,0.0,0.313,1.962,0.008,133.6,1.4,0.67,0.003,214.6,1.2,1.0,0.0,,,,,,
EGS31720,F410M,0.499,0.162,0.0,0.0,0.338,1.753,0.013,161.2,2.7,0.589,0.005,218.7,1.9,1.0,0.0,,,,,,
EGS31720,F444W,0.509,0.172,0.0,0.0,0.32,1.873,0.013,135.1,2.3,0.659,0.005,204.2,1.8,1.0,0.0,,,,,,
JADES131726,F182M,0.636,0.043,0.0,0.0,0.321,2.183,0.009,443.7,2.7,0.287,0.004,523.1,11.2,1.0,0.0,,,,,,
JADES131726,F210M,0.654,0.05,0.0,0.0,0.296,2.269,0.008,536.1,3.0,0.314,0.004,648.8,12.7,1.0,0.0,,,,,,
JADES131726,F444W,0.577,0.091,0.0,0.0,0.332,2.172,0.007,833.6,7.6,0.61,0.008,516.0,7.6,1.0,0.0,,,,,,
JADES156224,F182M,0.501,0.168,0.0,0.0,0.332,1.953,0.02,241.8,7.3,0.899,0.013,222.7,2.1,1.0,0.0,,,,,,
JADES156224,F210M,0.515,0.155,0.0,0.0,0.33,1.75,0.016,344.2,8.9,0.792,0.012,288.3,3.0,1.0,0.0,,,,,,
JADES156224,F444W,0.565,0.184,0.0,0.0,0.252,1.571,0.008,1131.1,21.5,1.034,0.009,537.6,4.7,1.0,0.0,,,,,,
JADES158887,F090W,0.401,0.041,0.0,0.0,0.558,2.325,0.039,39.9,1.0,0.445,0.011,32.7,0.8,1.0,0.0,,,,,,
JADES158887,F115W,0.48,0.068,0.0,0.0,0.452,2.575,0.02,66.7,1.1,0.463,0.006,92.2,1.4,1.0,0.0,,,,,,
JADES158887,F150W,0.53,0.074,0.0,0.0,0.396,1.785,0.012,191.7,2.9,0.4,0.006,213.1,3.9,1.0,0.0,,,,,,
JADES158887,F200W,0.545,0.078,0.0,0.0,0.377,1.558,0.007,365.6,3.8,0.34,0.005,460.7,8.9,1.0,0.0,,,,,,
JADES158887,F277W,0.543,0.082,0.0,0.0,0.374,1.602,0.011,586.8,7.7,0.421,0.01,457.8,13.3,1.0,0.0,,,,,,
JADES158887,F335M,0.538,0.09,0.0,0.0,0.372,1.576,0.007,714.4,6.7,0.405,0.007,648.7,13.9,1.0,0.0,,,,,,
JADES158887,F356W,0.534,0.089,0.0,0.0,0.377,1.576,0.01,725.7,9.5,0.398,0.01,672.4,23.0,1.0,0.0,,,,,,
JADES158887,F410M,0.538,0.076,0.0,0.0,0.386,1.48,0.008,763.1,7.8,0.314,0.009,867.9,34.9,1.0,0.0,,,,,,
JADES158887,F444W,0.533,0.075,0.0,0.0,0.392,1.465,0.008,746.9,8.0,0.308,0.01,844.3,39.7,1.0,0.0,,,,,,
JADES158906,F090W,0.467,0.0,0.094,0.0,0.439,2.259,0.051,32.6,1.3,,,,,,,2.895,0.102,10.3,0.6,0.34,0.04
JADES158906,F115W,0.372,0.013,0.082,0.0,0.533,2.36,0.039,40.0,1.1,0.384,0.029,24.4,2.2,1.0,0.0,2.893,0.066,18.7,0.7,0.49,0.03
JADES158906,F150W,0.429,0.012,0.095,0.0,0.465,2.531,0.029,45.2,1.0,0.362,0.027,31.5,2.7,1.0,0.0,2.993,0.058,24.1,0.7,0.47,0.03
JADES158906,F200W,0.366,0.017,0.123,0.0,0.494,2.436,0.031,45.4,1.1,0.345,0.017,49.8,3.3,1.0,0.0,2.565,0.04,26.7,0.5,0.5,0.0
JADES158906,F277W,0.325,0.003,0.127,0.0,0.545,2.392,0.046,42.9,2.7,0.027,0.055,1404.6,5693.2,1.0,0.0,1.968,0.075,35.8,1.3,0.82,0.06
JADES158906,F356W,0.323,0.009,0.154,0.0,0.515,2.346,0.041,44.4,2.6,0.025,0.0,5458.3,278.0,1.0,0.0,2.649,0.045,36.9,0.7,0.58,0.03
JADES158906,F410M,0.318,0.01,0.178,0.0,0.494,2.478,0.092,41.0,5.4,0.025,0.0,5961.4,528.0,1.0,0.0,2.784,0.089,34.7,1.3,0.61,0.05
JADES158906,F444W,0.31,0.014,0.167,0.0,0.509,2.345,0.041,44.7,2.5,0.025,0.0,8962.8,282.6,1.0,0.0,3.014,0.039,37.5,0.7,0.45,0.02
JADES159476,F115W,0.539,0.004,0.0,0.0,0.457,2.978,0.022,72.5,0.6,0.277,0.022,21.9,2.4,0.5,0.0,,,,,,
JADES159476,F150W,0.57,0.009,0.0,0.0,0.421,2.735,0.012,135.3,0.8,0.261,0.009,77.8,4.2,0.5,0.0,,,,,,
JADES159476,F200W,0.581,0.018,0.0,0.0,0.401,2.517,0.008,238.3,1.2,0.302,0.006,176.7,5.3,0.5,0.0,,,,,,
JADES159476,F277W,0.591,0.013,0.0,0.0,0.396,2.316,0.007,404.2,2.5,0.033,0.017,11349.4,11595.8,1.0,0.0,,,,,,
JADES159476,F356W,0.573,0.029,0.0,0.0,0.398,2.261,0.008,497.3,5.3,0.37,0.019,243.2,16.7,1.0,0.0,,,,,,
JADES159476,F410M,0.53,0.037,0.0,0.0,0.433,2.24,0.009,452.3,5.5,0.386,0.018,278.1,16.8,1.0,0.0,,,,,,
JADES159476,F444W,0.559,0.024,0.0,0.0,0.416,2.136,0.007,485.8,3.4,0.064,0.014,6111.8,2649.3,1.0,0.0,,,,,,
JADES160443,F150W,0.451,0.315,0.0,0.0,0.234,3.967,0.0,65.5,0.0,1.182,0.006,157.1,1.2,1.0,0.0,,,,,,
JADES160443,F200W,0.527,0.29,0.0,0.0,0.182,2.934,0.024,251.6,4.6,1.067,0.007,361.3,2.3,1.0,0.0,,,,,,
JADES160443,F277W,0.483,0.302,0.0,0.0,0.215,2.31,0.017,655.9,14.0,1.124,0.011,635.1,5.8,1.0,0.0,,,,,,
JADES160443,F356W,0.432,0.334,0.0,0.0,0.234,2.087,0.018,985.9,27.0,1.161,0.012,949.5,9.4,1.0,0.0,,,,,,
JADES160443,F410M,0.439,0.323,0.0,0.0,0.238,1.873,0.014,1322.2,35.1,1.114,0.009,1119.9,8.7,1.0,0.0,,,,,,
JADES160443,F444W,0.376,0.391,0.0,0.0,0.233,2.044,0.019,1092.3,35.1,1.242,0.01,1209.3,9.9,1.0,0.0,,,,,,
JADES164258,F150W,0.529,0.111,0.0,0.0,0.359,3.955,0.052,54.9,1.5,0.848,0.013,105.7,1.6,1.0,0.0,,,,,,
JADES164258,F200W,0.49,0.192,0.0,0.0,0.318,3.742,0.058,104.2,4.1,0.716,0.008,486.4,6.6,1.0,0.0,,,,,,
JADES164258,F277W,0.501,0.262,0.0,0.0,0.236,1.973,0.034,657.5,33.5,0.868,0.018,696.2,12.8,1.0,0.0,,,,,,
JADES164258,F335M,0.508,0.253,0.0,0.0,0.239,1.587,0.022,1471.8,60.9,0.873,0.015,937.9,13.7,1.0,0.0,,,,,,
JADES164258,F356W,0.497,0.286,0.0,0.0,0.217,1.66,0.0,1460.0,44.3,0.925,0.018,1045.0,22.1,1.0,0.0,,,,,,
JADES168076,F090W,0.632,0.062,0.0,0.0,0.306,2.245,0.018,80.1,1.1,0.543,0.013,31.2,0.8,1.0,0.0,,,,,,
JADES168076,F115W,0.684,0.067,0.0,0.0,0.249,2.105,0.01,176.1,1.5,0.467,0.007,92.0,1.6,1.0,0.0,,,,,,
JADES168076,F150W,0.652,0.089,0.0,0.0,0.259,2.074,0.008,285.9,2.5,0.645,0.008,176.9,2.2,1.0,0.0,,,,,,
JADES168076,F200W,0.656,0.092,0.0,0.0,0.253,1.952,0.005,496.0,3.2,0.621,0.007,299.1,3.6,1.0,0.0,,,,,,
JADES168076,F277W,0.656,0.061,0.0,0.0,0.283,1.843,0.006,912.9,7.5,0.551,0.017,256.9,7.5,1.0,0.0,,,,,,
JADES168076,F356W,0.55,0.123,0.0,0.0,0.327,2.075,0.008,735.2,10.5,0.686,0.01,359.1,5.7,1.0,0.0,,,,,,
JADES168076,F410M,0.545,0.123,0.0,0.0,0.332,2.095,0.007,697.7,8.7,0.73,0.011,304.8,4.2,1.0,0.0,,,,,,
JADES168076,F444W,0.554,0.124,0.0,0.0,0.322,2.066,0.008,678.0,9.2,0.727,0.011,294.3,4.0,1.0,0.0,,,,,,
JADES169951,F090W,0.365,0.003,0.214,0.0,0.419,2.186,0.046,33.7,1.7,0.024,0.0,647.2,38.3,1.0,0.0,2.311,0.029,18.0,0.5,0.64,0.02
JADES169951,F115W,0.458,0.003,0.19,0.0,0.349,2.278,0.026,49.4,1.2,0.025,0.009,848.2,593.8,1.0,0.0,2.163,0.018,26.3,0.4,0.62,0.01
JADES169951,F150W,0.463,0.004,0.22,0.0,0.314,2.188,0.02,63.5,1.4,0.024,0.0,1506.5,62.8,1.0,0.0,2.177,0.012,37.4,0.5,0.57,0.01
JADES169951,F200W,0.487,0.004,0.225,0.0,0.284,2.145,0.016,81.8,1.5,0.045,0.011,578.0,278.4,1.0,0.0,2.092,0.009,47.4,0.5,0.54,0.01
JADES169951,F277W,0.33,0.005,0.354,0.0,0.311,2.27,0.041,52.9,3.3,0.024,0.0,2449.3,180.7,1.0,0.0,2.233,0.013,61.7,0.9,0.59,0.01
JADES169951,F356W,0.437,0.006,0.265,0.0,0.291,2.006,0.019,98.7,2.8,0.024,0.0,3456.8,237.8,1.0,0.0,2.126,0.01,64.8,0.8,0.47,0.01
JADES169951,F410M,0.439,0.009,0.248,0.0,0.304,1.918,0.019,97.3,2.7,0.024,0.0,4555.2,229.2,1.0,0.0,2.143,0.011,62.2,0.8,0.36,0.01
JADES169951,F444W,0.413,0.01,0.263,0.0,0.314,1.972,0.018,78.6,2.0,0.024,0.0,4585.6,172.1,1.0,0.0,2.121,0.008,60.7,0.6,0.36,0.01
JADES188157,F090W,0.493,0.226,0.0,0.0,0.281,3.059,0.066,71.8,4.2,1.357,0.023,98.0,2.0,0.61,0.02,,,,,,
JADES188157,F115W,0.604,0.084,0.0,0.0,0.313,2.884,0.032,174.2,5.0,0.477,0.012,329.1,10.4,1.0,0.0,,,,,,
JADES188157,F150W,0.6,0.112,0.0,0.0,0.288,2.638,0.023,307.0,7.7,0.621,0.013,419.1,8.6,1.0,0.0,,,,,,
JADES188157,F182M,0.645,0.117,0.0,0.0,0.238,2.482,0.012,452.0,6.4,0.668,0.017,382.3,15.4,1.47,0.05,,,,,,
JADES188157,F200W,0.579,0.128,0.0,0.0,0.293,2.562,0.016,429.6,8.0,0.6,0.013,633.8,24.9,1.18,0.05,,,,,,
JADES188157,F210M,0.669,0.093,0.0,0.0,0.238,2.278,0.008,654.4,5.0,0.472,0.004,896.7,10.2,1.0,0.0,,,,,,
JADES188157,F277W,0.604,0.134,0.0,0.0,0.262,2.269,0.015,843.1,20.2,0.711,0.024,888.8,39.0,0.75,0.05,,,,,,
JADES188157,F356W,0.506,0.177,0.0,0.0,0.317,2.414,0.028,719.2,34.3,0.766,0.03,1045.7,62.6,0.87,0.07,,,,,,
JADES188157,F410M,0.518,0.195,0.0,0.0,0.287,2.317,0.015,775.6,17.5,0.871,0.016,1126.6,35.9,0.91,0.04,,,,,,
JADES188157,F444W,0.572,0.206,0.0,0.0,0.222,2.23,0.016,869.8,19.2,0.872,0.019,1173.2,42.8,0.83,0.05,,,,,,
JADES188429,F200W,0.44,0.114,0.145,0.0,0.301,2.858,0.028,95.3,2.7,0.404,0.004,556.3,7.0,1.0,0.0,1.892,0.023,111.3,1.6,0.25,0.0
JADES188429,F210M,0.369,0.122,0.16,0.0,0.349,2.465,0.056,113.5,7.1,0.38,0.006,672.8,12.4,1.0,0.0,1.821,0.032,131.5,3.0,0.25,0.0
JADES188429,F277W,0.409,0.158,0.184,0.0,0.249,2.106,0.015,265.7,5.2,0.496,0.01,868.7,18.1,1.0,0.0,1.939,0.028,279.4,6.4,0.25,0.0
JADES188429,F335M,0.372,0.192,0.222,0.0,0.215,1.99,0.011,301.0,4.6,0.508,0.01,1241.5,22.2,1.0,0.0,1.896,0.024,397.1,11.3,0.31,0.01
JADES188429,F356W,0.363,0.189,0.223,0.0,0.224,1.998,0.013,341.9,6.1,0.474,0.012,1549.6,38.8,1.0,0.0,1.904,0.023,475.9,13.7,0.26,0.01
JADES188429,F410M,0.339,0.251,0.211,0.0,0.198,1.984,0.015,376.9,7.9,0.547,0.008,1792.0,28.8,1.0,0.0,1.863,0.016,514.5,8.9,0.25,0.0
JADES188429,F444W,0.326,0.274,0.195,0.0,0.206,1.982,0.019,398.0,11.1,0.587,0.008,1903.0,29.0,1.0,0.0,1.759,0.026,545.7,16.9,0.26,0.01
