Galaxy,Filter,z,t_L (Gyr),λ rf (μm),μ (deg),Δμ (deg),l_ψ (deg),l_ψ err,Luminosity fraction,w (kpc),w err,r_end (kpc),r_end err,h_s (kpc),h_s err,W_i,S,S err
g172,F814W,0.102,1.33,0.731,11.8,11.5,171.9,1.2,0.053,1.8,0.0,7.476,0.159,1.891,0.06,8.97,-0.21,0.06
g172,F814W,0.102,1.33,0.731,9.9,-10.3,335.3,2.5,0.213,0.93,0.015,5.05,0.072,2.552,0.053,5.57,0.1,0.02
g172,F814W,0.102,1.33,0.731,14.4,-26.3,127.4,2.3,0.036,1.302,0.05,5.223,0.2,1.708,0.208,0.69,0.08,0.05
g123,F814W,0.103,1.34,0.731,22.7,-64.7,217.1,0.4,0.056,1.037,0.005,4.119,0.026,2.358,0.014,2.54,0.48,0.01
g123,F814W,0.103,1.34,0.731,9.5,16.0,239.0,0.1,0.05,1.711,0.005,5.278,0.0,10.584,0.296,1.88,0.24,0.0
g132,F814W,0.11,1.42,0.726,17.6,-62.5,106.6,0.7,0.085,1.606,0.0,3.292,0.067,0.811,0.007,0.65,-0.1,0.03
g132,F814W,0.11,1.42,0.726,15.4,-66.1,121.0,0.7,0.098,1.624,0.0,2.936,0.0,0.832,0.005,0.66,-0.32,0.03
g125,F814W,0.114,1.47,0.724,31.2,-25.4,172.5,0.5,0.118,0.797,0.043,3.72,0.052,1.976,0.046,4.76,-0.31,0.03
g125,F814W,0.114,1.47,0.724,23.4,-59.8,60.0,1.0,0.053,1.12,0.0,2.544,0.131,0.78,0.081,1.28,0.5,0.0
g125,F814W,0.114,1.47,0.724,22.0,-15.3,228.6,3.2,0.092,1.117,0.06,5.066,0.139,0.885,0.024,1.53,-0.32,0.04
g125,F814W,0.114,1.47,0.724,22.7,-25.5,173.5,2.5,0.076,0.7,0.062,2.676,0.128,3.206,0.258,1.39,-0.07,0.08
g147,F814W,0.118,1.52,0.721,8.0,17.6,358.9,0.2,0.058,2.985,0.0,6.541,0.025,6.403,0.086,0.79,0.5,0.0
g147,F814W,0.118,1.52,0.721,6.3,-24.2,346.1,0.7,0.027,1.569,0.012,6.212,0.042,11.127,0.472,1.54,-0.3,0.02
g56,F814W,0.14,1.78,0.707,39.8,10.5,118.8,2.7,0.046,0.624,0.061,3.978,0.0,0.926,0.032,3.02,0.02,0.08
g56,F814W,0.14,1.78,0.707,13.4,37.9,97.4,2.7,0.027,1.803,0.0,3.172,0.304,0.744,0.079,10.59,-0.06,0.1
g100,F814W,0.169,2.1,0.69,9.3,-41.2,377.0,18.8,0.164,1.456,0.073,2.985,0.0,12.707,4.764,5.17,-0.5,0.0
g100,F814W,0.169,2.1,0.69,10.8,-0.8,393.6,0.0,0.178,2.143,0.0,6.006,0.123,9.371,0.757,1.96,0.04,0.06
g53,F814W,0.172,2.13,0.688,21.9,14.7,193.1,1.6,0.055,2.497,0.045,9.233,0.0,3.551,0.077,5.87,-0.5,0.0
g53,F814W,0.172,2.13,0.688,11.2,11.2,447.1,2.8,0.179,3.46,0.0,6.937,0.08,3.1,0.05,2.76,-0.45,0.02
g53,F814W,0.172,2.13,0.688,14.1,3.6,142.4,0.5,0.034,3.42,0.0,11.544,0.155,1.908,0.042,1.75,0.29,0.03
g53,F814W,0.172,2.13,0.688,11.6,49.1,349.7,1.5,0.125,3.067,0.072,16.314,0.153,4.201,0.05,3.3,0.11,0.03
g53,F814W,0.172,2.13,0.688,22.8,-25.5,211.6,1.5,0.057,3.252,0.0,12.386,0.0,2.144,0.026,11.91,-0.49,0.01
g64,F814W,0.18,2.22,0.683,3.7,22.5,181.0,2.4,0.129,1.748,0.053,5.209,0.091,8.262,2.42,1.28,-0.03,0.03
g64,F814W,0.18,2.22,0.683,2.2,-20.1,228.1,1.6,0.186,2.36,0.05,4.288,0.0,0.937,0.005,1.97,-0.05,0.02
g156,F814W,0.186,2.28,0.68,14.2,-32.3,292.7,0.4,0.105,3.243,0.021,13.871,0.086,8.294,0.087,1.67,-0.15,0.01
g156,F814W,0.186,2.28,0.68,12.2,-33.5,189.9,0.6,0.111,6.293,0.052,12.162,0.109,67.309,0.0,0.87,-0.26,0.01
g26,F814W,0.2,2.43,0.672,11.9,-6.9,574.1,1.7,0.14,1.441,0.026,10.474,0.044,3.885,0.036,1.6,-0.34,0.02
g26,F814W,0.2,2.43,0.672,16.4,0.9,348.9,0.0,0.202,1.923,0.024,9.874,0.044,3.092,0.022,2.17,-0.25,0.02
g76,F814W,0.221,2.65,0.66,8.5,26.4,268.1,3.0,0.194,2.723,0.107,10.909,0.291,19.916,8.286,2.53,0.3,0.05
g76,F814W,0.221,2.65,0.66,37.2,-44.8,67.0,4.0,0.011,2.128,0.157,10.784,0.0,32.386,52.23,1.29,0.24,0.22
g76,F814W,0.221,2.65,0.66,17.3,-27.5,240.4,1.5,0.232,3.719,0.0,8.129,0.0,3.893,0.127,2.0,0.35,0.04
g76,F814W,0.221,2.65,0.66,6.9,31.9,138.0,1.9,0.063,3.781,0.203,13.642,0.0,7.248,1.031,0.37,0.24,0.11
g76,F814W,0.221,2.65,0.66,8.7,7.3,250.0,0.0,0.041,1.056,0.079,4.434,0.315,4.284,1.106,4.76,0.42,0.22
g39,F814W,0.223,2.67,0.659,16.1,-35.7,239.4,2.1,0.149,1.273,0.053,4.718,0.104,2.186,0.046,1.3,-0.11,0.04
g39,F814W,0.223,2.67,0.659,10.4,-19.2,320.2,3.5,0.183,1.805,0.0,4.854,0.0,18.354,0.0,6.86,-0.29,0.04
g107,F814W,0.227,2.71,0.657,13.5,27.5,133.3,3.0,0.039,0.683,0.035,2.778,0.119,1.241,0.184,0.37,-0.05,0.11
g107,F814W,0.227,2.71,0.657,13.0,-3.3,128.9,3.0,0.057,0.736,0.019,2.602,0.186,1.275,0.262,0.76,0.5,0.0
g107,F814W,0.227,2.71,0.657,29.0,-4.4,94.6,9.7,0.016,0.259,0.06,2.241,0.333,1.445,0.983,10.54,0.05,0.48
g107,F814W,0.227,2.71,0.657,37.9,-45.3,76.2,1.9,0.047,0.883,0.03,2.687,0.325,1.344,0.171,1.69,0.5,0.0
g98,F814W,0.227,2.71,0.657,32.4,62.0,53.0,4.3,0.015,1.6,0.166,9.375,0.571,4.575,0.975,2.19,0.5,0.0
g98,F814W,0.227,2.71,0.657,10.9,1.6,419.4,2.0,0.104,1.953,0.063,8.857,0.272,4.443,0.225,1.13,-0.45,0.04
g98,F814W,0.227,2.71,0.657,10.9,-29.3,376.0,5.8,0.085,2.192,0.1,6.195,0.183,9.043,1.096,0.82,0.02,0.16
g46,F814W,0.228,2.72,0.656,24.9,-23.7,350.8,14.0,0.031,2.518,0.869,6.996,0.0,1.394,0.092,0.9,-0.06,0.31
g46,F814W,0.228,2.72,0.656,23.5,-16.4,284.5,4.2,0.051,1.628,0.107,10.004,0.0,28.285,14.443,0.62,0.16,0.09
g46,F814W,0.228,2.72,0.656,9.6,31.3,290.4,2.0,0.046,1.516,0.099,10.729,0.0,19.766,8.114,2.28,-0.11,0.08
g104,F814W,0.23,2.74,0.655,25.0,-50.2,311.9,0.0,0.214,1.838,0.0,8.327,0.108,6.09,0.128,1.25,0.46,0.02
g104,F814W,0.23,2.74,0.655,15.6,-50.2,291.6,3.3,0.184,1.785,0.042,4.689,0.0,1.437,0.018,15.68,0.12,0.03
g104,F814W,0.23,2.74,0.655,12.6,-18.8,155.2,0.8,0.075,1.98,0.0,5.055,0.075,2.458,0.177,0.37,0.5,0.0
g118,F814W,0.23,2.74,0.655,15.3,33.2,107.1,3.9,0.02,1.241,0.063,6.187,0.217,5.625,1.771,5.82,-0.5,0.0
g118,F814W,0.23,2.74,0.655,14.7,20.7,432.9,7.3,0.184,1.411,0.024,4.884,0.567,0.673,0.04,1.17,0.46,0.04
g118,F814W,0.23,2.74,0.655,11.5,-57.5,532.4,2.9,0.139,1.942,0.087,3.708,0.233,1.649,0.021,0.88,-0.46,0.03
g118,F814W,0.23,2.74,0.655,10.9,6.3,246.2,2.9,0.062,1.946,0.0,9.978,0.0,2.157,0.106,2.79,0.5,0.0
g32,F814W,0.231,2.75,0.655,18.0,-51.3,212.1,1.6,0.134,1.46,0.048,3.787,0.103,1.392,0.016,0.95,0.07,0.03
g32,F814W,0.231,2.75,0.655,7.4,-37.7,114.0,1.6,0.029,2.071,0.047,6.984,0.127,3.652,0.733,0.38,-0.38,0.06
g32,F814W,0.231,2.75,0.655,17.8,-45.7,168.6,0.6,0.062,1.074,0.016,3.09,0.085,1.041,0.022,1.63,-0.43,0.02
g32,F814W,0.231,2.75,0.655,5.9,-11.9,186.1,0.9,0.022,1.08,0.069,5.886,0.108,2.262,0.301,1.6,-0.34,0.08
g31,F814W,0.232,2.76,0.654,9.9,-5.7,286.7,1.5,0.102,1.213,0.0,5.212,0.0,0.569,0.014,6.97,0.3,0.08
g31,F814W,0.232,2.76,0.654,15.7,-48.5,254.8,3.6,0.072,1.185,0.0,3.904,0.363,1.717,0.056,1.0,0.5,0.0
g22,F814W,0.233,2.77,0.654,11.3,31.3,163.9,1.0,0.019,1.477,0.057,10.848,0.0,4.871,0.39,3.96,0.41,0.08
g22,F814W,0.233,2.77,0.654,2.7,20.6,68.1,1.0,0.029,4.024,0.0,10.379,0.0,9.64,0.861,7.46,-0.35,0.02
g22,F814W,0.233,2.77,0.654,10.7,15.5,325.5,2.3,0.078,1.395,0.04,10.45,0.097,3.219,0.074,0.84,0.01,0.04
g22,F814W,0.233,2.77,0.654,20.8,-45.0,97.7,2.3,0.021,1.824,0.068,10.856,0.0,6.608,0.458,9.07,0.26,0.08
g22,F814W,0.233,2.77,0.654,16.4,-10.2,316.2,2.0,0.116,1.804,0.026,9.824,0.0,20.224,1.478,6.0,0.07,0.02
g22,F814W,0.233,2.77,0.654,36.7,-28.6,67.0,1.0,0.017,1.888,0.07,12.273,0.32,10.173,1.0,2.43,-0.09,0.04
g60,F814W,0.247,2.91,0.646,7.2,-25.8,392.4,5.6,0.158,2.183,0.028,10.63,0.069,18.329,2.018,1.92,-0.3,0.04
g60,F814W,0.247,2.91,0.646,22.9,-52.1,150.5,2.0,0.036,1.551,0.067,12.136,0.364,5.345,0.323,6.41,-0.2,0.1
g60,F814W,0.247,2.91,0.646,9.3,-2.8,122.4,1.8,0.037,3.195,0.0,7.463,0.317,2.107,0.321,6.13,-0.5,0.0
g96,F814W,0.247,2.91,0.646,18.0,-31.8,68.9,0.5,0.037,2.645,0.055,11.393,0.179,2.827,0.016,0.51,-0.09,0.04
g96,F814W,0.247,2.91,0.646,17.0,-0.7,174.9,0.8,0.078,2.391,0.026,14.563,0.102,54.146,0.0,9.07,-0.4,0.01
g96,F814W,0.247,2.91,0.646,7.9,-19.7,291.2,1.6,0.175,4.266,0.039,11.947,0.06,7.419,0.211,0.87,0.08,0.01
g12,F814W,0.249,2.93,0.645,10.8,26.5,187.2,0.6,0.101,2.133,0.047,8.278,0.157,3.52,0.076,1.13,-0.14,0.02
g12,F814W,0.249,2.93,0.645,18.8,-59.0,250.4,1.5,0.157,2.312,0.033,4.774,0.0,5.087,0.09,1.22,0.5,0.0
g103,F814W,0.266,3.1,0.637,18.1,-42.3,199.6,0.9,0.16,4.025,0.0,10.975,0.189,9.553,0.212,3.55,-0.19,0.03
g103,F814W,0.266,3.1,0.637,10.8,-28.9,285.8,0.9,0.127,2.317,0.056,10.351,0.103,2.241,0.043,1.69,-0.03,0.03
g103,F814W,0.266,3.1,0.637,17.5,-35.1,157.9,0.4,0.075,2.536,0.04,10.944,0.156,3.108,0.057,0.75,-0.12,0.05
g153,F814W,0.267,3.11,0.636,16.4,20.2,279.9,0.5,0.159,2.652,0.036,20.763,0.177,5.751,0.068,0.95,-0.5,0.0
g153,F814W,0.267,3.11,0.636,18.0,-19.7,288.8,1.3,0.191,3.461,0.056,15.191,0.1,7.344,0.081,0.66,-0.12,0.02
g8,F814W,0.268,3.12,0.636,13.7,12.4,238.5,1.6,0.134,1.563,0.079,8.766,0.358,1.553,0.071,0.9,0.26,0.07
g8,F814W,0.268,3.12,0.636,16.7,0.8,249.2,1.5,0.131,1.571,0.055,9.86,0.0,2.308,0.085,1.28,-0.12,0.04
g59,F814W,0.269,3.13,0.635,9.2,2.1,420.0,2.6,0.255,3.136,0.0,7.914,0.143,4.503,0.11,0.52,-0.41,0.01
g59,F814W,0.269,3.13,0.635,10.4,11.4,365.6,3.2,0.155,3.124,0.0,7.381,0.209,3.101,0.148,0.68,-0.5,0.0
g166,F814W,0.271,3.15,0.634,14.3,18.4,141.1,5.4,0.049,2.965,0.18,17.984,0.728,3.025,0.189,1.32,-0.31,0.1
g166,F814W,0.271,3.15,0.634,7.7,-19.0,73.5,1.6,0.039,4.054,0.0,6.815,0.0,2.19,0.212,1.14,0.22,0.11
g166,F814W,0.271,3.15,0.634,16.9,-6.0,329.0,2.9,0.154,2.517,0.085,9.838,0.336,4.714,0.188,5.94,-0.4,0.06
g166,F814W,0.271,3.15,0.634,12.5,1.8,430.7,2.4,0.203,2.682,0.066,11.833,0.169,3.291,0.055,1.05,-0.5,0.0
g13,F814W,0.274,3.17,0.633,10.4,-54.8,176.5,7.3,0.038,1.281,0.185,4.811,0.816,0.951,0.105,1.75,0.5,0.0
g13,F814W,0.274,3.17,0.633,19.7,25.3,249.2,5.6,0.026,1.202,0.08,16.087,2.367,1.816,0.134,3.63,-0.19,0.12
g13,F814W,0.274,3.17,0.633,17.1,-19.2,249.4,5.2,0.065,1.424,0.0,9.36,0.0,1.747,0.084,0.67,0.17,0.13
g160,F814W,0.276,3.19,0.632,15.0,12.3,398.9,4.7,0.147,1.834,0.076,10.724,0.311,5.553,0.216,6.77,0.22,0.11
g160,F814W,0.276,3.19,0.632,12.4,18.2,524.7,9.7,0.164,1.601,0.086,11.875,0.24,7.447,0.409,4.8,-0.11,0.06
g49,F814W,0.279,3.22,0.63,27.2,-10.7,186.8,5.6,0.108,0.695,0.045,6.338,0.162,6.929,0.661,15.05,-0.15,0.08
g49,F814W,0.279,3.22,0.63,15.6,7.9,329.7,0.0,0.189,1.86,0.0,6.677,0.081,2.755,0.054,0.37,0.5,0.0
g49,F814W,0.279,3.22,0.63,28.6,-16.0,60.5,2.7,0.01,1.111,0.097,7.96,0.0,1.32,0.182,4.66,-0.02,0.26
g16,F814W,0.28,3.23,0.63,7.8,-4.8,328.5,7.0,0.05,0.553,0.027,3.638,0.131,5.243,1.328,4.96,0.38,0.09
g16,F814W,0.28,3.23,0.63,17.9,0.9,408.9,0.0,0.075,1.134,0.076,10.531,0.169,5.255,0.199,7.37,0.0,0.0
g37,F814W,0.299,3.41,0.62,14.4,-32.0,170.0,3.2,0.113,2.46,0.106,6.881,0.769,3.094,0.419,1.92,-0.28,0.05
g37,F814W,0.299,3.41,0.62,7.2,24.3,268.8,4.5,0.152,2.85,0.135,6.644,0.384,29.922,0.0,0.44,0.5,0.0
g20,F814W,0.303,3.44,0.619,28.0,-64.9,53.4,3.0,0.012,1.789,0.175,10.263,0.943,3.659,0.469,0.48,0.5,0.0
g20,F814W,0.303,3.44,0.619,23.5,-45.6,75.8,1.4,0.019,0.937,0.099,11.926,0.252,5.937,1.281,2.17,0.15,0.12
g20,F814W,0.303,3.44,0.619,23.3,31.4,218.5,8.5,0.034,1.097,0.138,8.167,0.342,27.278,28.404,4.66,0.03,0.22
g20,F814W,0.303,3.44,0.619,25.1,-16.7,112.5,1.7,0.047,1.606,0.126,9.891,0.258,35.883,0.0,5.28,-0.15,0.06
g20,F814W,0.303,3.44,0.619,21.3,-15.8,188.5,6.7,0.035,1.493,0.104,6.979,0.441,3.089,0.468,7.92,0.5,0.0
g7,F814W,0.31,3.51,0.615,6.7,-9.1,264.0,0.8,0.048,2.791,0.099,8.809,0.424,2.581,0.125,1.66,-0.05,0.1
g7,F814W,0.31,3.51,0.615,6.1,-29.1,196.2,6.7,0.034,3.178,0.0,5.131,0.348,1.096,0.261,15.83,-0.18,0.17
g11,F814W,0.31,3.51,0.615,7.6,19.6,331.6,0.0,0.165,3.07,0.076,10.132,0.426,4.077,0.116,1.0,0.0,0.0
g11,F814W,0.31,3.51,0.615,13.6,-33.3,300.9,4.2,0.215,3.112,0.065,12.295,0.258,7.887,0.323,1.0,0.0,0.0
g44,F814W,0.312,3.53,0.614,11.8,-49.2,276.4,0.0,0.105,4.836,0.0,10.098,0.289,6.747,0.123,0.84,-0.14,0.01
g44,F814W,0.312,3.53,0.614,15.8,5.3,217.2,1.1,0.043,3.073,0.087,16.77,0.414,8.242,0.373,2.7,-0.38,0.03
g44,F814W,0.312,3.53,0.614,12.3,-32.6,291.5,0.9,0.134,3.586,0.136,8.54,0.0,8.653,0.221,3.07,0.08,0.04
g124,F814W,0.313,3.54,0.614,25.5,-10.7,190.1,1.3,0.119,1.615,0.054,8.72,0.16,3.407,0.137,0.89,0.39,0.06
g124,F814W,0.313,3.54,0.614,13.3,-48.3,253.9,5.3,0.17,2.259,0.0,7.767,0.26,4.895,0.863,0.99,-0.38,0.02
g164,F814W,0.313,3.54,0.614,16.2,-18.3,283.2,2.7,0.144,2.634,0.054,9.36,0.0,2.695,0.038,2.44,-0.5,0.0
g164,F814W,0.313,3.54,0.614,20.1,-3.0,105.7,2.7,0.02,1.205,0.071,11.985,0.496,19.728,6.49,0.37,-0.02,0.06
g164,F814W,0.313,3.54,0.614,11.5,-2.6,374.0,4.4,0.096,2.114,0.036,8.332,0.0,2.551,0.05,3.37,0.08,0.06
g164,F814W,0.313,3.54,0.614,13.3,-36.7,203.0,2.3,0.08,3.134,0.082,10.905,0.273,2.439,0.054,1.59,0.01,0.07
g47,F814W,0.314,3.55,0.613,3.0,30.5,321.3,1.3,0.052,1.352,0.036,5.512,0.222,3.183,0.362,2.54,-0.04,0.05
g47,F814W,0.314,3.55,0.613,3.3,-31.7,357.7,1.1,0.113,2.82,0.0,6.201,0.0,1.055,0.004,2.23,0.5,0.0
g130,F814W,0.316,3.56,0.612,13.7,-53.1,209.8,2.3,0.105,2.098,0.032,6.4,0.0,1.415,0.006,1.0,0.0,0.0
g130,F814W,0.316,3.56,0.612,10.9,-48.0,250.2,3.1,0.158,2.385,0.0,6.296,0.0,2.352,0.061,1.0,0.0,0.0
g17,F814W,0.316,3.56,0.612,14.1,-24.1,199.6,1.9,0.086,1.553,0.06,8.582,0.0,3.647,0.133,1.29,-0.06,0.08
g17,F814W,0.316,3.56,0.612,14.3,-44.9,207.7,1.9,0.1,2.946,0.0,7.719,0.208,3.081,0.063,6.54,-0.39,0.05
g108,F814W,0.317,3.57,0.612,4.1,-27.6,465.6,3.7,0.083,2.722,0.083,11.162,0.0,7.051,0.22,0.98,-0.34,0.03
g108,F814W,0.317,3.57,0.612,9.0,-56.3,153.9,3.4,0.027,3.966,0.273,5.79,0.0,3.717,0.246,0.37,-0.5,0.0
g36,F814W,0.318,3.58,0.612,12.5,-40.3,292.2,1.6,0.134,2.482,0.052,11.965,0.153,2.247,0.024,1.88,0.02,0.03
g36,F814W,0.318,3.58,0.612,14.9,0.5,311.3,0.9,0.177,3.449,0.037,11.228,0.0,3.146,0.038,11.83,-0.5,0.0
g95,F814W,0.322,3.62,0.61,12.7,-13.6,216.0,2.0,0.116,1.678,0.033,6.334,0.101,4.245,0.159,1.4,-0.07,0.03
g95,F814W,0.322,3.62,0.61,22.2,-65.9,125.2,0.3,0.097,1.8,0.047,4.728,0.146,4.425,0.184,1.55,0.06,0.06
g95,F814W,0.322,3.62,0.61,5.7,-35.1,77.9,0.8,0.042,2.078,0.046,7.666,0.112,7.605,4.895,0.53,-0.41,0.05
g116,F814W,0.335,3.73,0.604,25.9,-45.9,157.1,3.6,0.061,1.886,0.091,9.763,0.0,2.73,0.069,5.78,-0.46,0.03
g116,F814W,0.335,3.73,0.604,6.2,-16.5,225.4,1.5,0.06,2.25,0.063,8.782,0.339,1.574,0.025,1.42,0.03,0.12
g179,F814W,0.341,3.79,0.601,12.2,9.9,161.2,0.9,0.038,2.417,0.055,14.069,0.0,42.635,24.982,6.03,-0.07,0.03
g179,F814W,0.341,3.79,0.601,27.0,-55.9,190.6,5.1,0.03,1.545,0.088,13.097,0.324,49.118,25.111,7.46,0.23,0.12
g131,F814W,0.342,3.79,0.601,21.5,31.6,274.1,0.0,0.141,1.388,0.094,9.257,0.0,2.975,0.149,2.35,0.05,0.26
g131,F814W,0.342,3.79,0.601,15.9,21.6,257.3,0.0,0.087,1.665,0.095,7.35,0.295,3.85,0.428,4.01,0.41,0.21
g66,F814W,0.343,3.8,0.6,37.7,-20.1,144.3,3.9,0.055,3.434,0.211,15.696,0.802,30.047,6.721,2.16,0.5,0.0
g66,F814W,0.343,3.8,0.6,15.5,-5.5,293.4,10.8,0.097,1.361,0.062,10.057,0.0,36.539,20.952,3.4,0.09,0.06
g66,F814W,0.343,3.8,0.6,22.0,62.5,53.5,1.1,0.03,2.722,0.253,22.84,0.0,5.964,0.84,8.38,-0.2,0.12
g66,F814W,0.343,3.8,0.6,15.1,-25.8,437.7,10.8,0.236,3.135,0.259,13.895,0.25,35.399,7.002,2.44,-0.47,0.05
g79,F814W,0.345,3.82,0.599,13.2,-55.0,182.0,0.4,0.111,3.589,0.078,7.354,0.182,2.279,0.037,0.68,-0.24,0.05
g79,F814W,0.345,3.82,0.599,13.3,-56.5,180.9,1.3,0.098,2.485,0.051,8.552,0.193,2.817,0.044,0.51,-0.48,0.02
g68,F814W,0.347,3.83,0.598,13.5,-50.9,213.0,4.2,0.108,3.488,0.0,8.606,0.659,3.094,0.148,0.65,-0.39,0.1
g68,F814W,0.347,3.83,0.598,23.8,-31.7,208.4,2.2,0.083,3.28,0.0,10.114,0.5,2.827,0.158,0.64,0.5,0.0
g19,F814W,0.352,3.88,0.596,14.8,-39.0,358.3,0.9,0.091,2.752,0.069,9.686,0.19,5.166,0.137,0.39,-0.14,0.09
g19,F814W,0.352,3.88,0.596,16.3,-19.6,411.1,2.3,0.169,3.043,0.059,15.587,0.144,6.365,0.082,0.81,0.5,0.0
g139,F814W,0.356,3.92,0.594,17.6,-26.8,91.2,1.5,0.026,2.512,0.0,8.765,0.545,3.315,0.359,1.0,0.0,0.0
g139,F814W,0.356,3.92,0.594,20.7,-30.9,327.7,6.6,0.156,1.635,0.029,6.654,0.0,26.357,0.0,1.0,0.0,0.0
g139,F814W,0.356,3.92,0.594,12.3,33.8,356.6,3.0,0.242,1.529,0.046,9.295,0.111,26.357,0.0,1.0,0.0,0.0
g177,F814W,0.357,3.92,0.594,14.2,29.1,147.3,5.4,0.021,1.084,0.101,7.73,0.351,1.659,0.18,0.39,0.37,0.12
g177,F814W,0.357,3.92,0.594,21.7,-5.3,281.2,2.0,0.247,3.927,0.0,22.484,0.287,5.654,0.07,1.8,-0.16,0.02
g177,F814W,0.357,3.92,0.594,28.1,-39.5,123.5,1.3,0.062,1.908,0.098,14.027,0.424,10.76,0.974,5.43,0.42,0.06
g177,F814W,0.357,3.92,0.594,16.5,28.4,231.4,4.9,0.133,3.624,0.095,14.769,0.0,4.826,0.253,0.92,-0.2,0.03
g57,F814W,0.358,3.93,0.594,20.1,10.5,164.1,5.7,0.041,2.461,0.214,10.612,0.62,14.978,3.2,1.55,-0.16,0.1
g57,F814W,0.358,3.93,0.594,16.9,8.1,291.5,6.1,0.08,1.895,0.059,17.768,0.0,4.956,0.279,1.71,0.37,0.15
g57,F814W,0.358,3.93,0.594,16.1,-6.2,129.3,2.5,0.029,2.585,0.134,13.081,0.552,4.625,0.456,0.89,-0.35,0.11
g57,F814W,0.358,3.93,0.594,13.9,-37.5,238.5,4.0,0.139,1.982,0.087,10.23,0.0,6.808,0.223,3.9,-0.0,0.05
g57,F814W,0.358,3.93,0.594,6.7,2.0,109.9,1.9,0.073,1.818,0.067,12.189,0.214,21.372,6.598,6.13,-0.35,0.03
g75,F814W,0.358,3.93,0.594,11.0,9.1,345.4,3.6,0.186,3.08,0.116,5.784,0.0,21.239,3.404,1.02,-0.5,0.0
g75,F814W,0.358,3.93,0.594,19.2,-9.4,359.7,5.6,0.183,1.419,0.047,10.016,0.0,32.511,0.0,3.46,0.5,0.0
g161,F814W,0.363,3.98,0.591,19.4,-58.5,304.8,0.0,0.134,1.928,0.179,6.75,0.0,4.221,0.268,2.08,-0.49,0.07
g161,F814W,0.363,3.98,0.591,14.7,-13.7,214.9,5.1,0.124,2.299,0.0,7.317,0.0,1.368,0.073,0.37,-0.5,0.0
g2,F814W,0.367,4.01,0.59,40.2,-53.1,41.5,7.5,0.011,0.732,0.477,4.994,0.943,1.662,0.51,0.99,0.08,1.24
g2,F814W,0.367,4.01,0.59,19.8,-58.5,142.9,14.1,0.028,0.779,0.221,4.126,0.625,1.585,0.219,0.95,0.06,1.23
g2,F814W,0.367,4.01,0.59,29.0,7.3,110.1,18.5,0.027,0.741,0.221,4.872,0.702,1.607,0.294,1.26,0.04,0.92
g2,F814W,0.367,4.01,0.59,18.1,-3.7,190.6,16.1,0.044,0.81,0.157,5.031,0.481,1.626,0.178,1.24,0.06,0.76
g152,F814W,0.369,4.03,0.589,11.4,-29.1,334.2,1.2,0.13,3.599,0.038,12.592,0.0,1.945,0.039,1.0,0.0,0.0
g152,F814W,0.369,4.03,0.589,15.7,-54.7,284.3,11.5,0.155,4.559,0.0,10.411,0.0,26.098,3.374,1.0,0.0,0.0
g27,F814W,0.369,4.03,0.589,9.2,-48.8,174.7,1.7,0.04,2.057,0.126,6.139,0.258,2.019,0.169,1.05,0.01,0.23
g27,F814W,0.369,4.03,0.589,4.6,21.0,137.2,3.2,0.042,2.104,0.18,7.264,0.0,17.232,14.051,0.54,-0.5,0.0
g143,F814W,0.371,4.04,0.588,23.2,-62.0,237.9,6.2,0.125,2.371,0.0,8.103,0.0,3.328,0.097,2.11,-0.45,0.01
g143,F814W,0.371,4.04,0.588,12.3,-43.6,183.9,2.1,0.098,2.521,0.0,5.746,0.167,2.098,0.08,0.78,0.08,0.08
g38,F814W,0.371,4.04,0.588,19.9,-51.4,294.7,7.3,0.224,1.255,0.042,5.609,0.0,21.563,0.0,9.31,-0.28,0.03
g38,F814W,0.371,4.04,0.588,18.8,-17.8,180.0,1.1,0.147,1.91,0.078,5.982,0.139,1.77,0.071,0.37,0.37,0.08
g157,F814W,0.373,4.06,0.587,5.6,33.5,308.4,2.3,0.25,1.759,0.09,4.605,0.128,1.231,0.06,2.78,-0.08,0.07
g157,F814W,0.373,4.06,0.587,18.7,-37.9,242.8,8.9,0.088,1.159,0.106,6.332,0.514,3.759,0.51,9.59,-0.46,0.31
g1,F814W,0.376,4.08,0.586,14.6,11.2,457.6,14.8,0.161,1.388,0.195,12.821,0.0,11.341,2.968,1.0,0.4,0.21
g1,F814W,0.376,4.08,0.586,7.9,-25.0,384.2,5.5,0.211,1.925,0.126,8.865,0.255,3.613,0.252,2.33,0.02,0.08
g77,F814W,0.376,4.08,0.586,14.9,-38.5,228.1,21.1,0.105,1.349,0.085,4.259,0.0,3.45,0.613,1.0,0.0,0.0
g77,F814W,0.376,4.08,0.586,18.5,2.7,192.2,5.5,0.076,1.247,0.096,6.317,0.254,11.855,5.607,1.0,0.0,0.0
g5,F814W,0.376,4.09,0.586,16.9,-5.9,213.5,3.8,0.095,1.084,0.095,7.817,0.0,1.567,0.101,0.85,0.4,0.11
g5,F814W,0.376,4.09,0.586,24.2,-7.7,165.5,3.6,0.131,0.931,0.066,5.93,0.0,17.828,0.0,3.0,-0.46,0.17
g180,F814W,0.38,4.12,0.584,13.7,-49.2,225.6,2.5,0.106,1.744,0.044,7.693,0.118,2.129,0.043,0.37,-0.5,0.0
g180,F814W,0.38,4.12,0.584,17.3,-65.9,185.8,4.5,0.102,2.797,0.0,6.565,0.258,3.475,0.099,0.6,-0.29,0.07
g114,F814W,0.381,4.13,0.584,18.9,-41.1,229.7,1.8,0.211,2.52,0.094,9.812,0.201,2.587,0.054,1.04,-0.32,0.05
g114,F814W,0.381,4.13,0.584,23.0,-14.6,237.5,1.8,0.201,2.474,0.0,15.227,0.322,2.879,0.053,0.5,-0.5,0.0
g4,F814W,0.381,4.13,0.584,11.5,-59.3,225.2,4.0,0.065,1.239,0.101,5.197,0.0,1.97,0.149,16.71,-0.46,0.11
g4,F814W,0.381,4.13,0.584,19.6,-19.2,166.5,2.2,0.108,3.008,0.13,9.377,0.345,2.99,0.084,1.62,-0.5,0.0
g4,F814W,0.381,4.13,0.584,14.6,-5.9,257.4,3.5,0.143,2.992,0.085,8.36,0.284,12.238,2.087,2.13,0.32,0.04
g4,F814W,0.381,4.13,0.584,23.1,12.7,156.9,1.9,0.094,2.236,0.098,16.233,0.0,1.698,0.035,0.5,0.19,0.06
g145,F814W,0.383,4.14,0.583,11.8,11.7,323.9,1.8,0.119,1.519,0.075,12.722,0.163,23.612,3.566,19.12,-0.5,0.0
g145,F814W,0.383,4.14,0.583,5.0,39.9,286.5,0.0,0.152,3.198,0.064,14.9,0.0,2.215,0.05,0.42,0.5,0.0
g145,F814W,0.383,4.14,0.583,26.6,34.7,134.5,3.6,0.048,1.438,0.082,17.392,0.541,10.871,1.635,13.14,-0.15,0.05
g85,F814W,0.387,4.18,0.581,13.5,8.8,158.5,4.0,0.111,2.815,0.0,8.892,0.654,5.874,0.629,0.59,0.2,0.1
g85,F814W,0.387,4.18,0.581,28.5,-2.8,87.8,4.2,0.031,1.267,0.112,9.768,0.0,2.72,0.255,1.59,0.35,0.15
g85,F814W,0.387,4.18,0.581,16.7,-9.2,227.4,4.5,0.06,0.93,0.089,5.521,0.0,26.889,23.836,10.78,-0.35,0.18
g85,F814W,0.387,4.18,0.581,14.4,17.8,273.0,2.2,0.109,1.709,0.076,9.474,0.0,3.006,0.137,9.78,0.21,0.11
g113,F814W,0.407,4.34,0.573,12.2,24.8,199.3,2.2,0.172,3.393,0.077,11.748,0.191,2.529,0.059,2.47,0.5,0.0
g134,F814W,0.408,4.35,0.572,18.1,-15.0,213.1,10.5,0.052,0.952,0.215,9.956,0.22,21.21,10.123,1.34,-0.03,0.32
g134,F814W,0.408,4.35,0.572,33.4,53.3,187.8,6.6,0.079,1.232,0.106,19.766,0.0,6.926,0.447,3.45,0.5,0.0
g134,F814W,0.408,4.35,0.572,13.1,39.6,258.4,2.7,0.106,1.11,0.072,11.997,0.0,21.213,7.75,7.67,-0.2,0.06
g43,F814W,0.424,4.47,0.566,26.4,-62.9,180.7,4.4,0.091,1.532,0.044,10.689,0.21,6.934,0.391,2.8,-0.02,0.03
g43,F814W,0.424,4.47,0.566,6.3,-36.2,175.4,3.8,0.083,3.492,0.0,8.377,0.383,3.064,0.135,0.47,-0.32,0.02
g43,F814W,0.424,4.47,0.566,26.7,-35.0,114.3,0.9,0.066,1.744,0.089,8.83,0.567,4.699,0.298,1.96,0.17,0.06
g112,F814W,0.431,4.53,0.563,43.6,-42.1,137.6,13.1,0.056,3.22,0.344,14.626,0.0,44.968,0.0,1.0,0.0,0.0
g112,F814W,0.431,4.53,0.563,25.0,-56.2,136.8,6.2,0.041,2.039,0.121,10.056,1.01,5.151,0.335,1.0,0.0,0.0
g112,F814W,0.431,4.53,0.563,17.7,-24.0,298.6,2.0,0.123,3.174,0.054,14.061,0.0,11.515,0.741,1.0,0.0,0.0
g87,F814W,0.431,4.53,0.563,2.7,-13.0,347.7,3.7,0.182,2.681,0.08,5.668,0.166,12.118,2.774,1.84,0.02,0.06
g87,F814W,0.431,4.53,0.563,27.6,29.6,111.4,1.7,0.063,0.935,0.074,10.553,0.169,17.063,5.372,3.28,-0.05,0.07
g82,F814W,0.444,4.63,0.558,6.3,-2.7,185.4,1.3,0.022,2.435,0.141,11.984,0.664,5.544,0.762,0.45,-0.48,0.4
g82,F814W,0.444,4.63,0.558,5.0,20.9,137.8,7.6,0.016,1.915,0.16,12.841,0.0,2.599,0.814,2.72,0.5,0.0
g178,F814W,0.446,4.64,0.557,17.6,-15.3,385.9,1.4,0.204,1.139,0.12,8.054,0.29,5.481,0.297,7.31,0.22,0.14
g178,F814W,0.446,4.64,0.557,21.1,13.9,224.4,4.8,0.133,1.962,0.146,6.452,0.52,3.164,0.182,3.55,0.35,0.25
g51,F814W,0.462,4.76,0.551,19.0,-23.1,212.4,9.9,0.142,1.588,0.124,8.907,0.32,8.405,1.303,3.12,0.32,0.09
g51,F814W,0.462,4.76,0.551,13.4,-13.5,147.4,5.5,0.068,1.456,0.088,6.434,0.298,1.918,0.412,0.64,-0.26,0.25
g138,F814W,0.466,4.79,0.55,12.4,-28.4,321.7,1.3,0.157,5.161,0.084,17.514,0.618,59.721,0.0,1.0,0.0,0.0
g138,F814W,0.466,4.79,0.55,16.8,-61.7,270.3,0.0,0.141,5.151,0.093,12.955,0.618,13.058,0.825,1.0,0.0,0.0
g163,F814W,0.478,4.88,0.545,14.4,-20.4,186.5,3.5,0.062,3.825,0.057,18.274,0.663,4.419,0.078,0.66,0.22,0.03
g163,F814W,0.478,4.88,0.545,4.7,-18.9,187.2,0.5,0.067,5.551,0.0,14.565,0.364,2.617,0.092,0.85,-0.02,0.02
g167,F814W,0.48,4.9,0.545,13.5,-10.3,380.8,3.4,0.24,2.285,0.078,12.997,0.0,3.838,0.096,2.11,0.15,0.05
g167,F814W,0.48,4.9,0.545,14.3,17.1,276.6,6.5,0.104,1.662,0.099,10.24,0.255,26.175,9.935,0.69,0.03,0.28
g167,F814W,0.48,4.9,0.545,16.5,-40.1,85.8,3.3,0.057,2.696,0.163,7.013,0.0,9.174,4.226,3.69,0.5,0.0
g35,F814W,0.491,4.98,0.541,24.7,11.2,229.1,4.0,0.145,2.48,0.163,12.737,0.308,36.278,10.449,2.13,0.5,0.0
g35,F814W,0.491,4.98,0.541,4.4,30.0,179.0,1.9,0.11,2.286,0.127,10.2,0.173,39.083,0.0,0.48,0.02,0.09
g119,F814W,0.494,5.0,0.54,16.7,-22.0,212.6,4.1,0.123,2.638,0.081,6.652,0.0,3.094,0.155,1.46,0.4,0.06
g119,F814W,0.494,5.0,0.54,15.6,-59.8,231.9,1.8,0.287,3.119,0.0,12.941,0.247,3.539,0.033,4.34,-0.34,0.03
g102,F814W,0.504,5.07,0.536,12.2,-40.5,295.0,1.7,0.121,3.177,0.0,9.707,0.716,6.225,0.451,1.0,0.0,0.0
g102,F814W,0.504,5.07,0.536,4.2,9.6,230.7,4.6,0.087,3.242,0.0,11.424,0.0,32.509,0.0,1.0,0.0,0.0
g173,F814W,0.516,5.15,0.532,28.6,-8.2,124.5,2.7,0.038,1.046,0.139,6.705,0.0,2.128,0.155,10.95,-0.06,0.19
g173,F814W,0.516,5.15,0.532,0.6,1.1,218.2,4.6,0.093,1.42,0.074,4.096,0.279,1.93,0.492,0.82,-0.05,0.12
g62,F814W,0.517,5.16,0.531,12.2,-15.4,285.0,4.0,0.237,2.717,0.0,10.877,0.0,2.196,0.106,1.31,-0.15,0.07
g62,F814W,0.517,5.16,0.531,16.5,-12.6,158.9,5.8,0.098,1.799,0.155,7.924,0.0,2.504,0.228,11.23,-0.42,0.06
g62,F814W,0.517,5.16,0.531,21.1,18.6,92.3,1.7,0.053,2.549,0.235,7.707,1.408,1.477,0.205,0.37,0.39,0.19
g93,F814W,0.521,5.19,0.53,12.1,-14.2,366.7,6.5,0.119,1.1,0.069,12.239,0.2,18.431,4.781,1.8,-0.27,0.08
g93,F814W,0.521,5.19,0.53,7.9,-16.1,311.9,0.0,0.123,2.131,0.096,8.456,0.369,2.938,0.181,4.18,-0.12,0.06
g84,F814W,0.522,5.2,0.53,25.3,-49.0,238.7,2.1,0.148,1.357,0.168,5.36,0.373,13.791,9.907,2.41,0.08,0.23
g84,F814W,0.522,5.2,0.53,23.4,-24.0,242.3,2.2,0.179,1.205,0.135,5.65,0.0,10.862,5.349,1.62,0.33,0.14
g121,F814W,0.53,5.25,0.527,20.4,-14.1,136.6,6.7,0.034,1.464,0.156,11.4,0.663,11.098,2.605,10.77,0.5,0.0
g121,F814W,0.53,5.25,0.527,16.9,10.1,252.2,9.9,0.056,0.779,0.04,5.867,0.0,14.62,6.217,20.09,0.39,0.12
g121,F814W,0.53,5.25,0.527,29.7,-33.4,113.0,4.7,0.088,1.135,0.109,7.765,0.0,14.847,6.104,5.05,-0.23,0.08
g121,F814W,0.53,5.25,0.527,30.0,17.2,149.1,8.5,0.07,2.287,0.225,14.516,0.568,9.242,1.064,1.72,0.5,0.0
g137,F814W,0.53,5.25,0.527,-0.7,-34.5,194.8,2.2,0.067,2.645,0.109,11.585,0.321,20.84,5.339,0.37,-0.27,0.12
g137,F814W,0.53,5.25,0.527,7.5,-13.3,352.8,2.9,0.088,1.856,0.111,8.782,0.506,2.089,0.066,0.49,0.37,0.08
g137,F814W,0.53,5.25,0.527,17.8,16.4,229.9,5.4,0.036,1.264,0.153,9.784,0.561,4.476,0.453,2.88,-0.04,0.14
g181,F814W,0.54,5.32,0.523,21.6,-57.2,282.8,7.7,0.204,2.017,0.0,7.499,0.236,2.061,0.058,0.45,-0.32,0.1
g181,F814W,0.54,5.32,0.523,15.7,-62.5,438.6,5.3,0.227,2.089,0.0,8.282,0.378,2.649,0.045,0.37,0.5,0.0
g181,F814W,0.54,5.32,0.523,24.5,-45.6,207.4,8.0,0.13,1.955,0.157,3.672,0.262,9.934,3.957,0.52,-0.47,0.05
g136,F814W,0.571,5.52,0.513,19.0,-20.2,204.4,6.7,0.098,0.856,0.103,5.018,0.237,19.116,0.0,3.63,-0.35,0.11
g136,F814W,0.571,5.52,0.513,25.0,-14.8,118.5,3.7,0.067,0.722,0.148,5.776,0.583,1.519,0.176,5.66,-0.12,0.56
g154,F814W,0.599,5.7,0.504,24.0,-26.9,223.3,13.5,0.125,1.908,0.114,10.991,0.0,10.821,1.591,2.88,0.35,0.16
g154,F814W,0.599,5.7,0.504,16.0,-15.7,164.8,1.4,0.13,2.392,0.107,11.395,0.222,2.659,0.144,0.46,-0.5,0.0
g71,F814W,0.607,5.75,0.501,15.5,-65.2,257.1,1.7,0.134,3.12,0.078,10.293,0.694,3.255,0.058,1.0,0.0,0.0
g71,F814W,0.607,5.75,0.501,11.0,-59.2,241.4,4.3,0.173,3.449,0.0,7.853,0.214,9.7,0.731,1.0,0.0,0.0
g135,F814W,0.666,6.11,0.484,9.5,-37.5,230.2,3.3,0.154,2.301,0.129,9.12,0.297,3.994,0.348,3.01,-0.45,0.05
g135,F814W,0.666,6.11,0.484,17.0,9.0,319.4,4.5,0.155,1.545,0.09,13.252,0.0,6.758,0.616,2.51,0.5,0.0
g63,F814W,0.683,6.2,0.479,19.8,-35.1,183.6,3.6,0.126,4.311,0.0,17.183,0.0,3.305,0.209,2.79,-0.5,0.0
g63,F814W,0.683,6.2,0.479,8.6,-39.0,307.3,0.0,0.157,4.529,0.0,9.514,0.0,3.785,0.075,1.78,-0.42,0.01
g23,F814W,0.687,6.23,0.478,13.6,5.0,199.3,5.5,0.066,1.158,0.077,10.76,0.0,2.132,0.217,0.37,0.5,0.0
g23,F814W,0.687,6.23,0.478,16.3,1.5,126.4,5.9,0.082,2.007,0.321,11.344,0.616,2.86,0.361,0.77,0.43,0.44
g148,F814W,0.69,6.25,0.477,5.3,-11.5,570.9,3.8,0.085,1.903,0.138,13.524,0.323,3.701,0.215,1.64,0.5,0.11
g148,F814W,0.69,6.25,0.477,8.2,34.1,185.2,6.8,0.067,1.527,0.106,5.427,0.19,36.154,0.0,1.35,-0.44,0.07
g18,F814W,0.69,6.25,0.477,18.7,-37.4,225.6,5.2,0.133,2.004,0.077,12.172,0.328,5.075,0.189,12.47,0.31,0.04
g18,F814W,0.69,6.25,0.477,9.6,-21.3,267.1,1.8,0.139,3.884,0.082,9.775,0.178,3.006,0.096,0.37,0.18,0.07
g175,F814W,0.694,6.27,0.476,18.2,-13.3,200.7,3.4,0.158,2.165,0.097,14.812,0.328,6.863,0.426,0.47,-0.26,0.12
g175,F814W,0.694,6.27,0.476,12.3,-62.1,147.2,2.3,0.1,4.499,0.0,6.78,0.0,1.948,0.087,1.3,-0.49,0.08
g175,F814W,0.694,6.27,0.476,29.5,16.2,125.6,1.7,0.095,1.534,0.114,16.541,0.409,11.96,1.341,1.13,0.15,0.26
g168,F814W,0.703,6.32,0.473,13.3,-1.2,224.9,4.1,0.163,1.93,0.066,10.646,0.391,15.542,3.834,0.37,0.25,0.04
g168,F814W,0.703,6.32,0.473,11.2,-50.0,301.8,4.7,0.109,2.18,0.18,9.205,0.539,8.658,0.95,1.22,-0.5,0.0
g170,F814W,0.705,6.33,0.473,11.6,-14.4,268.6,0.9,0.205,2.571,0.107,16.799,0.233,15.632,0.78,2.48,-0.17,0.04
g170,F814W,0.705,6.33,0.473,26.2,-46.8,254.6,5.5,0.063,3.413,0.163,11.639,0.455,5.83,0.266,0.37,-0.34,0.08
g170,F814W,0.705,6.33,0.473,32.7,-56.1,119.3,1.7,0.094,4.654,0.0,10.557,0.0,7.828,0.497,0.9,0.5,0.0
g170,F814W,0.705,6.33,0.473,41.6,-75.1,212.6,11.5,0.124,3.351,0.256,19.067,0.0,55.282,0.0,0.46,-0.06,0.09
g144,F814W,0.708,6.35,0.472,15.5,43.2,178.9,1.9,0.077,1.635,0.1,10.571,0.0,3.673,0.241,1.21,0.5,0.0
g144,F814W,0.708,6.35,0.472,20.5,31.3,203.5,2.4,0.089,1.658,0.07,15.529,0.0,4.968,0.275,20.09,-0.09,0.1
g171,F814W,0.708,6.35,0.472,29.0,-37.1,105.6,1.8,0.073,3.478,0.0,14.156,0.513,3.241,0.124,0.45,-0.32,0.09
g171,F814W,0.708,6.35,0.472,11.6,37.4,179.4,7.4,0.03,0.928,0.088,12.275,0.279,5.366,0.764,19.16,0.5,0.0
g171,F814W,0.708,6.35,0.472,17.2,-19.3,258.0,2.7,0.103,1.303,0.137,12.797,0.302,5.196,0.212,4.01,-0.17,0.17
g171,F814W,0.708,6.35,0.472,22.3,-24.6,194.1,2.1,0.16,2.302,0.117,15.66,0.284,10.317,0.769,0.56,-0.11,0.11
g69,F814W,0.725,6.44,0.467,22.5,-36.2,89.0,2.5,0.038,2.665,0.374,15.825,0.0,2.621,0.19,8.65,0.5,0.21
g69,F814W,0.725,6.44,0.467,14.8,4.5,246.5,6.1,0.037,0.954,0.2,11.259,1.073,13.466,6.716,1.12,0.34,0.24
g69,F814W,0.725,6.44,0.467,10.3,-24.6,209.5,5.0,0.031,0.861,0.093,8.493,0.326,4.82,1.277,1.54,0.5,0.0
g69,F814W,0.725,6.44,0.467,14.7,11.6,293.5,4.9,0.134,2.279,0.134,25.209,0.0,8.898,0.413,8.88,-0.16,0.05
g50,F814W,0.733,6.48,0.465,14.4,-23.7,59.9,2.8,0.027,2.61,0.353,16.082,0.942,4.441,1.431,1.38,0.03,0.46
g50,F814W,0.733,6.48,0.465,14.4,7.9,116.4,3.0,0.039,1.69,0.209,11.409,0.716,3.959,1.405,3.66,-0.03,0.37
g50,F814W,0.733,6.48,0.465,26.3,18.4,126.5,7.6,0.037,1.587,0.196,14.622,1.539,3.864,0.431,1.58,0.03,0.39
g50,F814W,0.733,6.48,0.465,11.5,25.8,216.1,8.0,0.071,2.208,0.289,13.244,0.791,4.005,0.444,1.76,0.11,0.35
g141,F814W,0.734,6.49,0.465,9.6,-36.3,233.8,3.3,0.129,1.31,0.097,5.362,0.0,1.859,0.124,20.09,-0.02,0.09
g141,F814W,0.734,6.49,0.465,11.9,16.7,312.1,4.5,0.112,1.288,0.111,8.574,0.227,11.284,3.998,0.66,-0.5,0.0
g111,F814W,0.762,6.63,0.457,13.2,-21.8,319.1,8.1,0.134,2.032,0.137,12.451,0.482,3.626,0.134,1.25,0.13,0.34
g111,F814W,0.762,6.63,0.457,11.9,13.3,263.9,5.5,0.084,1.66,0.195,13.109,0.919,3.36,0.491,6.13,0.1,0.34
g174,F814W,0.774,6.7,0.454,13.2,6.7,332.4,4.4,0.186,2.577,0.292,14.94,0.0,8.062,0.845,0.61,-0.47,0.07
g174,F814W,0.774,6.7,0.454,20.8,9.7,315.3,16.0,0.126,2.252,0.116,15.948,0.0,17.036,5.201,0.8,0.5,0.0
g29,F814W,0.801,6.83,0.448,19.1,-43.9,172.5,4.4,0.14,1.584,0.118,11.617,0.303,18.667,9.189,0.72,-0.09,0.1
g29,F814W,0.801,6.83,0.448,14.9,-16.2,271.0,8.4,0.104,0.974,0.205,9.769,0.189,24.84,26.027,2.54,-0.04,0.24
g29,F814W,0.801,6.83,0.448,15.8,28.7,209.6,6.6,0.107,3.879,0.0,13.348,0.0,4.717,0.563,7.69,-0.37,0.16
g128,F814W,0.839,7.02,0.438,14.3,-47.7,215.1,2.3,0.221,3.2,0.157,12.67,0.231,9.047,0.376,0.79,0.24,0.06
g128,F814W,0.839,7.02,0.438,14.2,-23.5,238.1,2.2,0.184,1.404,0.04,14.949,0.182,3.664,0.11,3.96,0.11,0.03
g65,F814W,0.84,7.02,0.438,12.3,-17.4,274.5,7.4,0.086,0.684,0.098,13.42,0.234,13.085,3.669,6.12,0.42,0.2
g65,F814W,0.84,7.02,0.438,18.7,29.5,237.1,4.2,0.101,1.792,0.087,17.57,0.0,16.037,4.036,0.94,0.5,0.0
g65,F814W,0.84,7.02,0.438,20.6,-51.0,151.2,4.3,0.043,1.571,0.15,13.321,0.797,18.633,5.275,2.55,0.04,0.11
g182,F814W,0.842,7.03,0.438,21.5,9.3,182.4,2.2,0.186,2.78,0.104,10.809,0.586,2.918,0.088,6.06,-0.5,0.0
g182,F814W,0.842,7.03,0.438,13.0,-1.1,206.4,1.7,0.238,3.054,0.097,9.294,0.257,3.276,0.167,1.49,-0.38,0.05
g89,F814W,0.843,7.04,0.437,15.6,26.9,326.2,2.2,0.211,4.165,0.239,9.82,0.227,29.39,5.946,0.71,-0.5,0.0
g89,F814W,0.843,7.04,0.437,16.0,21.4,299.6,5.1,0.148,2.395,0.166,8.622,0.0,32.307,17.746,0.71,-0.5,0.0
g21,F814W,0.844,7.04,0.437,23.9,-65.9,216.5,5.4,0.07,1.402,0.121,7.51,0.217,3.381,0.172,5.29,-0.42,0.15
g21,F814W,0.844,7.04,0.437,14.9,-49.8,135.3,2.6,0.068,1.655,0.159,8.292,0.381,2.549,0.222,2.68,-0.01,0.12
g73,F814W,0.85,7.07,0.436,26.3,-62.9,161.2,6.6,0.08,2.54,0.311,10.618,0.991,2.895,0.199,0.85,-0.5,0.0
g73,F814W,0.85,7.07,0.436,10.3,-44.8,194.7,4.1,0.219,4.396,0.0,12.064,0.298,5.303,0.455,0.37,-0.5,0.0
g14,F814W,0.897,7.28,0.425,20.5,-36.1,197.1,5.0,0.049,1.377,0.13,15.64,0.96,5.501,0.553,6.06,0.5,0.0
g14,F814W,0.897,7.28,0.425,17.0,3.9,211.4,6.2,0.028,0.81,0.149,7.844,0.479,4.66,1.201,1.9,0.23,0.21
g14,F814W,0.897,7.28,0.425,14.3,8.1,421.5,0.0,0.111,1.677,0.228,12.491,0.381,19.573,5.594,4.53,0.34,0.27
g120,F814W,0.917,7.37,0.42,16.3,-3.4,179.1,7.2,0.118,3.468,0.0,10.335,1.392,9.763,5.434,20.09,-0.42,0.1
g120,F814W,0.917,7.37,0.42,24.5,-51.0,184.8,9.0,0.139,1.907,0.251,12.418,0.0,2.676,0.14,1.63,-0.5,0.0
g120,F814W,0.917,7.37,0.42,15.8,-54.7,251.4,2.0,0.162,2.08,0.126,5.798,0.0,2.958,0.177,3.42,-0.42,0.05
g9,F814W,0.93,7.42,0.418,31.2,-62.0,174.0,4.9,0.086,2.107,0.191,12.734,0.407,22.091,5.461,1.28,-0.15,0.2
g9,F814W,0.93,7.42,0.418,15.0,-33.9,233.2,4.8,0.115,2.687,0.101,11.529,0.426,9.481,1.2,1.47,-0.14,0.14
g9,F814W,0.93,7.42,0.418,15.3,14.4,163.2,24.4,0.038,0.882,0.121,10.724,0.457,11.858,6.105,20.09,0.5,0.0
g74,F814W,0.94,7.47,0.416,20.9,-34.7,249.1,5.2,0.091,1.236,0.098,17.796,0.271,52.438,0.0,2.32,0.26,0.08
g74,F814W,0.94,7.47,0.416,13.3,8.9,283.3,4.0,0.092,1.905,0.11,13.092,0.0,52.438,0.0,1.22,0.5,0.0
g74,F814W,0.94,7.47,0.416,19.2,-44.4,177.0,3.5,0.094,2.462,0.134,14.434,0.665,3.993,0.374,2.89,0.04,0.08
g15,F814W,0.982,7.64,0.407,5.2,-26.6,220.7,26.0,0.078,0.788,0.205,6.679,0.786,2.682,1.919,8.45,0.41,0.23
g15,F814W,0.982,7.64,0.407,12.8,-41.3,149.3,11.0,0.072,0.908,0.183,3.718,0.449,2.542,1.451,0.37,0.24,1.09
g81,F814W,0.99,7.68,0.405,23.5,-39.0,301.2,2.1,0.233,2.696,0.0,11.785,0.231,8.857,0.512,1.0,-0.5,0.0
g81,F814W,0.99,7.68,0.405,13.8,-21.6,382.8,3.0,0.177,1.794,0.098,12.841,0.713,2.722,0.051,1.0,-0.13,0.14
g146,F814W,1.008,7.75,0.401,21.7,-37.3,223.4,7.5,0.126,0.966,0.079,4.842,0.256,4.979,1.139,1.53,0.37,0.14
g146,F814W,1.008,7.75,0.401,21.1,3.4,247.1,3.0,0.15,1.263,0.149,5.395,0.0,4.13,1.297,1.48,0.5,0.0
g99,F814W,1.017,7.78,0.4,24.6,10.6,185.0,4.4,0.118,1.765,0.172,13.893,0.0,4.683,0.385,1.15,0.08,0.3
g99,F814W,1.017,7.78,0.4,22.2,-60.6,201.4,9.2,0.152,2.665,0.223,10.212,0.619,38.423,0.0,0.61,-0.43,0.06
EGS27976,F115W,1.05,7.91,0.563,31.0,-7.5,130.6,1.4,0.055,1.542,0.04,4.61,0.0,14.8,4.029,14.33,0.0,0.0
EGS27976,F115W,1.05,7.91,0.563,9.7,-65.3,128.9,0.8,0.245,2.935,0.0,6.099,0.095,24.813,0.0,0.37,-0.44,0.01
EGS27976,F115W,1.05,7.91,0.563,23.6,32.3,202.2,1.2,0.09,1.676,0.027,11.162,0.0,6.378,0.251,2.29,-0.11,0.03
EGS27976,F150W,1.05,7.91,0.732,37.4,-65.6,85.2,1.1,0.045,2.145,0.0,4.626,0.442,4.5,0.345,6.7,0.0,0.0
EGS27976,F150W,1.05,7.91,0.732,7.4,-52.7,127.8,0.7,0.217,2.604,0.019,6.781,0.076,15.609,2.728,0.37,-0.5,0.0
EGS27976,F150W,1.05,7.91,0.732,23.9,27.2,202.4,0.9,0.091,1.611,0.026,10.749,0.0,4.281,0.094,2.85,0.03,0.03
EGS27976,F200W,1.05,7.91,0.971,39.8,-53.1,94.3,1.1,0.048,2.173,0.0,6.967,0.213,2.324,0.064,2.72,0.0,0.0
EGS27976,F200W,1.05,7.91,0.971,17.0,-66.2,172.9,0.6,0.244,2.704,0.0,6.946,0.089,23.56,0.0,0.37,-0.37,0.01
EGS27976,F200W,1.05,7.91,0.971,27.6,32.0,230.0,2.8,0.085,1.377,0.029,11.529,0.0,23.56,0.0,3.95,0.24,0.03
EGS27976,F277W,1.05,7.91,1.359,33.5,-62.1,79.4,1.3,0.034,2.113,0.0,4.392,0.0,2.392,0.156,7.8,0.0,0.0
EGS27976,F277W,1.05,7.91,1.359,10.1,-64.5,122.2,0.8,0.219,2.496,0.0,6.163,0.085,8.716,1.054,0.37,-0.29,0.01
EGS27976,F277W,1.05,7.91,1.359,23.1,25.9,196.0,1.4,0.072,1.572,0.026,10.892,0.0,4.742,0.133,2.41,-0.08,0.03
EGS27976,F356W,1.05,7.91,1.738,34.2,-69.6,91.3,1.6,0.041,2.004,0.0,4.265,0.233,2.24,0.183,11.78,0.0,0.0
EGS27976,F356W,1.05,7.91,1.738,13.9,-65.4,142.1,1.1,0.229,2.353,0.0,6.348,0.092,15.077,2.337,0.38,-0.28,0.0
EGS27976,F356W,1.05,7.91,1.738,27.9,35.2,206.3,2.4,0.078,1.397,0.039,12.743,0.0,4.118,0.098,3.95,0.24,0.03
EGS27976,F410M,1.05,7.91,1.996,31.3,-18.4,83.6,3.5,0.032,1.327,0.055,4.326,0.0,3.612,0.871,20.09,0.0,0.0
EGS27976,F410M,1.05,7.91,1.996,6.9,-62.6,109.7,0.6,0.231,2.483,0.021,6.311,0.093,7.228,0.62,0.37,-0.3,0.01
EGS27976,F410M,1.05,7.91,1.996,21.3,20.6,190.8,1.3,0.069,1.422,0.04,10.839,0.0,4.6,0.185,1.54,-0.36,0.04
EGS27976,F444W,1.05,7.91,2.157,31.6,-72.0,88.4,2.0,0.039,2.143,0.0,3.915,0.233,1.689,0.135,10.95,0.0,0.0
EGS27976,F444W,1.05,7.91,2.157,4.0,-57.0,125.8,0.6,0.219,2.212,0.045,5.137,0.09,4.979,0.392,0.37,-0.29,0.02
EGS27976,F444W,1.05,7.91,2.157,26.4,44.7,190.9,1.6,0.07,1.416,0.038,12.954,0.0,5.015,0.215,3.71,0.2,0.04
EGS31720,F115W,1.066,7.97,0.559,10.0,39.4,184.0,1.6,0.157,2.548,0.028,8.041,0.153,24.812,0.0,1.0,-0.5,0.0
EGS31720,F115W,1.066,7.97,0.559,8.7,49.7,199.8,1.6,0.176,2.943,0.0,6.966,0.124,4.935,0.108,0.37,-0.5,0.0
EGS31720,F150W,1.066,7.97,0.726,13.5,17.4,186.0,1.3,0.156,2.838,0.0,8.088,0.0,7.391,0.513,1.0,-0.5,0.0
EGS31720,F150W,1.066,7.97,0.726,9.0,41.3,197.7,1.4,0.145,2.882,0.0,6.165,0.144,4.146,0.09,0.37,-0.5,0.0
EGS31720,F200W,1.066,7.97,0.963,12.5,40.2,182.9,0.9,0.159,2.714,0.0,7.666,0.13,12.655,0.888,1.0,-0.5,0.0
EGS31720,F200W,1.066,7.97,0.963,10.1,48.0,194.8,1.2,0.153,2.737,0.0,5.947,0.136,3.741,0.058,0.37,-0.36,0.02
EGS31720,F277W,1.066,7.97,1.348,16.0,-24.0,167.8,0.9,0.157,2.427,0.0,5.151,0.0,4.12,0.126,1.0,0.08,0.04
EGS31720,F277W,1.066,7.97,1.348,9.8,45.0,200.7,1.3,0.15,2.488,0.0,6.104,0.121,3.326,0.048,0.42,-0.3,0.03
EGS31720,F356W,1.066,7.97,1.725,15.9,-36.1,160.2,0.8,0.162,2.321,0.0,5.204,0.0,3.751,0.099,1.0,-0.3,0.03
EGS31720,F356W,1.066,7.97,1.725,10.4,45.3,201.1,1.3,0.151,2.374,0.0,5.984,0.124,3.428,0.053,0.38,-0.25,0.04
EGS31720,F410M,1.066,7.97,1.981,15.7,40.9,170.6,1.1,0.169,2.328,0.0,8.484,0.0,13.166,1.594,1.0,-0.29,0.04
EGS31720,F410M,1.066,7.97,1.981,9.2,43.0,217.8,1.6,0.169,2.386,0.0,5.546,0.182,7.126,0.304,0.43,-0.16,0.06
EGS31720,F444W,1.066,7.97,2.14,16.6,1.7,166.5,1.1,0.167,2.308,0.0,7.113,0.207,6.124,0.288,1.0,-0.33,0.06
EGS31720,F444W,1.066,7.97,2.14,8.6,48.6,198.8,1.3,0.153,2.38,0.0,5.294,0.19,5.847,0.211,0.57,-0.13,0.04
JADES158887,F090W,1.08,8.02,0.433,25.2,-3.2,234.3,3.4,0.222,2.387,0.031,7.525,0.247,2.649,0.043,1.77,0.25,0.0
JADES158887,F090W,1.08,8.02,0.433,17.9,-32.4,167.6,0.3,0.086,1.447,0.057,7.763,0.0,1.436,0.032,2.51,-0.09,0.05
JADES158887,F090W,1.08,8.02,0.433,21.9,-1.0,261.0,1.0,0.25,2.309,0.06,9.384,0.0,4.131,0.096,0.69,-0.5,0.0
JADES158887,F115W,1.08,8.02,0.555,28.2,-52.4,226.2,4.5,0.148,3.01,0.0,6.736,0.0,4.827,0.127,0.82,0.25,0.0
JADES158887,F115W,1.08,8.02,0.555,21.1,-35.9,176.1,1.0,0.068,1.573,0.041,8.061,0.0,1.717,0.035,3.53,-0.2,0.08
JADES158887,F115W,1.08,8.02,0.555,20.5,-0.4,257.8,1.0,0.236,2.588,0.066,7.844,0.123,3.334,0.048,0.52,-0.5,0.0
JADES158887,F150W,1.08,8.02,0.722,37.5,48.9,222.4,2.8,0.184,1.606,0.0,6.943,0.0,3.874,0.046,2.72,0.03,0.01
JADES158887,F150W,1.08,8.02,0.722,20.8,-54.6,192.8,4.4,0.073,1.273,0.046,4.825,0.0,2.998,0.084,13.96,-0.29,0.08
JADES158887,F150W,1.08,8.02,0.722,20.1,-64.9,128.8,1.1,0.138,1.635,0.06,5.288,0.125,1.803,0.063,0.46,-0.46,0.02
JADES158887,F200W,1.08,8.02,0.957,38.3,48.4,225.1,1.3,0.164,1.453,0.0,6.83,0.0,4.554,0.075,2.72,0.09,0.01
JADES158887,F200W,1.08,8.02,0.957,25.2,-55.6,192.2,4.1,0.073,1.147,0.042,5.095,0.203,3.474,0.102,11.96,-0.33,0.06
JADES158887,F200W,1.08,8.02,0.957,18.9,-63.1,121.4,0.9,0.139,1.382,0.025,4.711,0.099,1.103,0.027,0.72,-0.18,0.02
JADES158887,F277W,1.08,8.02,1.339,42.0,-76.6,187.4,1.8,0.183,1.976,0.0,9.377,0.331,4.092,0.077,0.98,0.25,0.0
JADES158887,F277W,1.08,8.02,1.339,22.0,-5.5,189.6,3.8,0.072,1.765,0.057,7.982,0.0,2.177,0.054,0.99,-0.34,0.1
JADES158887,F277W,1.08,8.02,1.339,21.1,-40.9,161.7,1.8,0.12,1.952,0.049,6.752,0.0,1.259,0.036,2.76,-0.09,0.09
JADES158887,F335M,1.08,8.02,1.618,42.5,-74.3,186.1,1.4,0.18,1.912,0.0,10.285,0.274,3.999,0.057,0.94,0.25,0.0
JADES158887,F335M,1.08,8.02,1.618,21.5,7.2,188.9,3.3,0.073,1.767,0.053,7.539,0.245,1.952,0.038,0.89,-0.26,0.1
JADES158887,F335M,1.08,8.02,1.618,22.0,-44.5,153.7,1.2,0.119,1.882,0.043,6.639,0.0,1.26,0.024,3.14,-0.18,0.07
JADES158887,F356W,1.08,8.02,1.713,42.2,-73.7,185.9,1.7,0.18,1.826,0.0,10.345,0.332,3.993,0.067,0.92,0.25,0.0
JADES158887,F356W,1.08,8.02,1.713,21.1,12.9,190.0,3.7,0.073,1.707,0.076,7.212,0.249,1.864,0.049,0.96,-0.27,0.15
JADES158887,F356W,1.08,8.02,1.713,22.2,-48.2,151.6,1.6,0.124,1.922,0.065,6.508,0.252,1.257,0.034,3.46,-0.18,0.12
JADES158887,F410M,1.08,8.02,1.967,42.2,-74.2,186.9,1.4,0.181,1.76,0.0,10.214,0.274,4.103,0.057,0.9,0.25,0.0
JADES158887,F410M,1.08,8.02,1.967,20.0,9.4,185.6,2.7,0.075,1.626,0.053,6.691,0.151,1.799,0.034,1.04,-0.5,0.0
JADES158887,F410M,1.08,8.02,1.967,22.5,-53.3,149.7,1.4,0.13,1.965,0.048,6.211,0.234,1.195,0.027,4.34,-0.02,0.08
JADES158887,F444W,1.08,8.02,2.126,43.0,-72.2,185.0,1.5,0.18,1.831,0.0,10.718,0.317,4.04,0.085,0.42,0.25,0.0
JADES158887,F444W,1.08,8.02,2.126,19.5,12.0,185.8,3.9,0.073,1.55,0.071,6.835,0.187,1.668,0.045,1.33,-0.44,0.11
JADES158887,F444W,1.08,8.02,2.126,21.4,-53.2,154.2,1.5,0.139,2.005,0.064,6.493,0.0,1.278,0.027,5.84,-0.4,0.07
JADES159476,F115W,1.08,8.02,0.555,37.4,0.0,109.4,5.0,0.03,2.213,0.11,11.194,0.676,3.881,0.261,1.0,0.0,0.0
JADES159476,F115W,1.08,8.02,0.555,3.1,-35.5,379.3,2.9,0.186,2.051,0.033,3.969,0.221,2.453,0.068,4.63,0.5,0.0
JADES159476,F115W,1.08,8.02,0.555,25.4,15.9,221.3,7.4,0.098,0.496,0.02,8.056,0.116,22.327,6.254,13.4,-0.44,0.04
JADES159476,F115W,1.08,8.02,0.555,27.5,-65.4,144.2,0.9,0.144,3.45,0.0,15.255,0.0,5.13,0.098,5.79,-0.25,0.05
JADES159476,F150W,1.08,8.02,0.722,38.6,0.0,94.8,2.0,0.025,1.633,0.06,9.462,0.187,6.852,0.638,1.0,0.0,0.0
JADES159476,F150W,1.08,8.02,0.722,5.7,-34.5,361.7,2.2,0.163,2.304,0.026,3.997,0.163,2.786,0.079,5.59,0.4,0.06
JADES159476,F150W,1.08,8.02,0.722,21.3,9.4,228.9,11.7,0.094,0.621,0.046,6.616,0.093,13.603,2.873,15.34,0.5,0.0
JADES159476,F150W,1.08,8.02,0.722,27.3,-62.9,145.9,0.7,0.14,3.158,0.0,14.915,0.0,5.21,0.081,5.79,-0.2,0.03
JADES159476,F200W,1.08,8.02,0.957,36.5,0.0,53.5,1.8,0.011,1.278,0.052,9.78,0.146,4.332,0.966,1.0,0.0,0.0
JADES159476,F200W,1.08,8.02,0.957,6.9,-35.1,378.5,0.7,0.17,2.417,0.026,4.683,0.189,2.733,0.051,6.57,0.04,0.04
JADES159476,F200W,1.08,8.02,0.957,21.6,10.0,210.7,8.8,0.089,0.641,0.04,6.745,0.114,12.915,2.746,17.13,0.36,0.05
JADES159476,F200W,1.08,8.02,0.957,25.9,-54.3,153.3,1.3,0.131,2.893,0.0,15.076,0.0,5.057,0.064,7.45,-0.32,0.01
JADES159476,F277W,1.08,8.02,1.339,41.9,-48.0,55.8,2.8,0.013,1.318,0.063,8.69,0.196,7.875,3.492,1.0,0.0,0.0
JADES159476,F277W,1.08,8.02,1.339,3.6,-29.4,375.8,5.8,0.143,2.452,0.038,3.47,0.0,1.64,0.066,5.11,0.48,0.06
JADES159476,F277W,1.08,8.02,1.339,17.6,-23.7,205.1,1.9,0.098,0.901,0.013,4.602,0.092,13.571,3.79,20.09,0.5,0.0
JADES159476,F277W,1.08,8.02,1.339,33.2,-74.6,220.0,0.7,0.142,2.44,0.0,12.888,0.516,4.694,0.076,7.15,-0.26,0.01
JADES159476,F356W,1.08,8.02,1.713,44.8,-51.7,59.1,2.7,0.016,1.245,0.055,8.526,0.167,10.486,4.606,1.0,0.0,0.0
JADES159476,F356W,1.08,8.02,1.713,5.3,-23.2,325.8,5.5,0.127,2.195,0.045,4.362,0.215,1.655,0.064,2.97,0.32,0.08
JADES159476,F356W,1.08,8.02,1.713,16.2,-51.3,189.8,3.5,0.119,1.173,0.031,3.326,0.285,13.142,4.004,17.59,-0.22,0.1
JADES159476,F356W,1.08,8.02,1.713,34.1,-76.0,215.7,0.6,0.136,2.228,0.0,12.44,0.49,4.679,0.087,7.27,-0.24,0.02
JADES159476,F410M,1.08,8.02,1.967,46.3,-54.7,58.1,2.4,0.019,1.152,0.046,8.527,0.148,10.294,3.601,1.0,0.0,0.0
JADES159476,F410M,1.08,8.02,1.967,6.7,-33.7,341.5,6.7,0.153,2.413,0.037,4.069,0.221,2.243,0.077,4.08,0.5,0.0
JADES159476,F410M,1.08,8.02,1.967,12.0,-15.3,191.0,3.9,0.117,1.066,0.035,3.684,0.121,7.532,1.408,15.0,0.5,0.0
JADES159476,F410M,1.08,8.02,1.967,33.3,-74.7,216.8,0.6,0.143,2.295,0.0,12.434,0.471,4.586,0.079,7.79,-0.26,0.01
JADES159476,F444W,1.08,8.02,2.126,46.0,-61.5,55.8,2.6,0.018,1.104,0.047,8.253,0.138,5.996,1.164,1.0,0.0,0.0
JADES159476,F444W,1.08,8.02,2.126,6.7,-39.8,375.9,9.6,0.148,2.027,0.052,3.354,0.0,2.035,0.063,6.44,0.5,0.0
JADES159476,F444W,1.08,8.02,2.126,12.3,-6.6,193.1,21.2,0.11,0.92,0.15,4.072,0.194,5.676,0.825,18.41,0.5,0.0
JADES159476,F444W,1.08,8.02,2.126,33.0,-74.2,197.2,8.7,0.141,2.322,0.0,12.099,0.485,4.998,0.096,6.83,-0.21,0.04
JADES169951,F090W,1.09,8.06,0.431,11.8,-33.3,315.6,4.1,0.256,2.738,0.0,8.086,0.15,6.094,0.242,5.19,-0.26,0.05
JADES169951,F090W,1.09,8.06,0.431,20.5,0.9,216.6,3.0,0.163,1.341,0.038,10.238,0.0,2.72,0.084,1.44,-0.29,0.02
JADES169951,F115W,1.09,8.06,0.552,9.0,-18.3,323.2,3.6,0.22,2.828,0.0,7.082,0.12,5.723,0.185,4.0,-0.4,0.04
JADES169951,F115W,1.09,8.06,0.552,21.1,-8.8,221.8,3.2,0.128,1.011,0.034,9.082,0.195,3.809,0.14,1.5,-0.24,0.03
JADES169951,F150W,1.09,8.06,0.718,11.0,-32.6,313.3,2.4,0.193,2.612,0.0,5.919,0.105,6.195,0.195,4.17,-0.1,0.04
JADES169951,F150W,1.09,8.06,0.718,22.7,0.7,211.6,2.8,0.121,0.985,0.035,9.24,0.154,4.139,0.136,1.26,-0.2,0.03
JADES169951,F200W,1.09,8.06,0.952,12.3,-27.6,312.5,0.9,0.194,2.577,0.0,6.265,0.094,6.554,0.188,2.7,0.11,0.04
JADES169951,F200W,1.09,8.06,0.952,25.1,17.5,193.6,2.0,0.091,0.73,0.039,10.091,0.241,2.199,0.061,1.9,0.23,0.07
JADES169951,F277W,1.09,8.06,1.333,11.6,-31.2,315.2,1.6,0.21,2.385,0.0,6.038,0.116,4.274,0.102,2.99,0.08,0.05
JADES169951,F277W,1.09,8.06,1.333,25.6,-2.8,205.2,4.2,0.101,0.948,0.051,9.646,0.393,2.336,0.08,1.79,0.27,0.08
JADES169951,F356W,1.09,8.06,1.705,11.8,-23.2,312.1,1.0,0.198,2.371,0.0,6.203,0.104,4.216,0.097,2.96,0.03,0.05
JADES169951,F356W,1.09,8.06,1.705,25.8,-4.8,187.5,1.3,0.093,0.896,0.037,8.956,0.179,2.2,0.053,1.72,0.3,0.06
JADES169951,F410M,1.09,8.06,1.958,11.6,-29.0,308.9,1.9,0.198,2.37,0.0,5.368,0.159,4.231,0.106,3.26,-0.11,0.06
JADES169951,F410M,1.09,8.06,1.958,26.1,-6.2,186.8,1.2,0.106,0.658,0.04,8.494,0.135,2.449,0.094,1.76,0.28,0.08
JADES169951,F444W,1.09,8.06,2.115,11.7,-25.0,307.4,1.1,0.206,2.348,0.0,5.248,0.0,3.991,0.075,2.94,-0.05,0.04
JADES169951,F444W,1.09,8.06,2.115,26.3,-5.4,188.8,1.2,0.108,0.699,0.033,8.646,0.146,2.28,0.067,1.68,0.31,0.08
EGS27059,F115W,1.094,8.07,0.551,18.3,12.6,210.0,1.8,0.074,1.75,0.047,10.534,0.158,6.412,0.448,1.76,-0.28,0.03
EGS27059,F115W,1.094,8.07,0.551,10.1,0.0,87.9,2.5,0.018,1.828,0.058,9.851,0.075,3.241,0.761,1.0,0.0,0.0
EGS27059,F115W,1.094,8.07,0.551,17.9,18.9,274.2,0.9,0.053,1.784,0.045,16.057,1.058,2.108,0.067,1.35,-0.02,0.04
EGS27059,F115W,1.094,8.07,0.551,23.0,-35.5,243.7,5.0,0.078,1.119,0.035,8.715,0.0,10.369,0.419,7.21,-0.5,0.0
EGS27059,F150W,1.094,8.07,0.717,17.1,17.6,167.8,1.2,0.063,1.808,0.037,8.739,0.121,9.909,1.056,1.99,-0.2,0.02
EGS27059,F150W,1.094,8.07,0.717,10.0,0.0,127.3,3.3,0.02,2.079,0.066,10.009,0.069,6.452,1.513,1.0,0.0,0.0
EGS27059,F150W,1.094,8.07,0.717,13.7,6.6,271.8,0.8,0.054,2.303,0.057,11.209,0.0,1.702,0.074,2.25,0.5,0.18
EGS27059,F150W,1.094,8.07,0.717,30.0,-58.0,162.1,1.0,0.084,1.538,0.037,8.555,0.17,16.857,0.834,2.05,-0.0,0.03
EGS27059,F200W,1.094,8.07,0.95,16.9,18.2,166.4,1.4,0.05,1.709,0.033,8.538,0.107,11.15,1.343,2.23,-0.13,0.02
EGS27059,F200W,1.094,8.07,0.95,11.8,0.0,89.3,1.3,0.012,1.945,0.057,9.848,0.0,10.522,3.932,1.0,0.0,0.0
EGS27059,F200W,1.094,8.07,0.95,13.9,6.3,263.1,5.1,0.045,2.036,0.045,11.024,0.0,2.189,0.065,1.25,0.01,0.08
EGS27059,F200W,1.094,8.07,0.95,30.1,-49.8,161.5,0.7,0.065,1.573,0.04,8.426,0.0,14.801,0.671,1.3,-0.11,0.03
EGS27059,F277W,1.094,8.07,1.33,17.4,26.5,167.8,1.4,0.055,1.835,0.053,9.064,0.14,7.176,0.719,2.03,-0.19,0.03
EGS27059,F277W,1.094,8.07,1.33,17.1,0.0,60.6,1.1,0.009,2.876,0.0,9.848,0.0,8.716,2.531,1.0,0.0,0.0
EGS27059,F277W,1.094,8.07,1.33,22.5,22.4,329.5,1.2,0.112,2.283,0.097,17.955,0.451,3.08,0.038,2.79,-0.02,0.04
EGS27059,F277W,1.094,8.07,1.33,27.2,-25.7,167.2,1.3,0.083,2.414,0.048,8.286,0.0,9.991,0.382,0.42,-0.25,0.02
EGS27059,F356W,1.094,8.07,1.702,31.9,20.4,184.0,1.9,0.07,2.562,0.0,8.915,0.115,14.304,1.428,0.99,0.5,0.0
EGS27059,F356W,1.094,8.07,1.702,18.7,0.0,55.0,1.4,0.008,2.859,0.0,9.848,0.0,14.324,10.798,1.0,0.0,0.0
EGS27059,F356W,1.094,8.07,1.702,20.7,-17.6,312.6,2.6,0.123,2.825,0.0,11.314,0.0,2.916,0.033,4.09,-0.26,0.01
EGS27059,F356W,1.094,8.07,1.702,30.0,-38.4,168.0,0.5,0.088,2.615,0.0,8.662,0.096,9.023,0.229,0.37,-0.42,0.01
EGS27059,F410M,1.094,8.07,1.954,28.4,50.8,228.4,1.7,0.084,2.133,0.073,10.66,0.481,6.639,0.4,2.72,0.43,0.26
EGS27059,F410M,1.094,8.07,1.954,17.4,0.0,59.6,1.9,0.01,2.802,0.099,9.848,0.0,5.141,0.951,1.0,0.0,0.0
EGS27059,F410M,1.094,8.07,1.954,20.0,19.6,302.5,0.0,0.113,2.848,0.0,14.272,0.0,2.514,0.026,1.57,-0.48,0.01
EGS27059,F410M,1.094,8.07,1.954,29.8,-39.0,166.0,0.7,0.09,2.514,0.03,8.736,0.114,7.553,0.198,0.56,-0.5,0.0
EGS27059,F444W,1.094,8.07,2.111,30.5,47.6,222.0,1.9,0.07,2.17,0.038,9.441,0.126,17.567,2.347,2.72,0.5,0.0
EGS27059,F444W,1.094,8.07,2.111,17.7,0.0,58.6,1.5,0.01,2.833,0.0,9.848,0.0,9.853,4.864,1.0,0.0,0.0
EGS27059,F444W,1.094,8.07,2.111,18.7,16.2,301.5,2.8,0.078,2.817,0.0,11.536,0.491,2.348,0.055,1.16,-0.02,0.07
EGS27059,F444W,1.094,8.07,2.111,31.8,-53.8,213.3,3.9,0.082,2.526,0.0,8.896,0.148,15.318,0.966,0.57,-0.5,0.0
JADES168076,F090W,1.1,8.09,0.429,11.8,46.6,201.3,1.8,0.05,0.918,0.03,6.972,0.11,8.747,1.643,1.82,-0.26,0.06
JADES168076,F090W,1.1,8.09,0.429,16.2,-36.6,150.7,3.9,0.065,1.599,0.101,6.694,0.274,1.531,0.098,1.3,-0.0,0.18
JADES168076,F090W,1.1,8.09,0.429,32.0,-46.4,146.6,2.5,0.191,1.393,0.029,8.034,0.0,17.815,2.791,2.23,0.23,0.02
JADES168076,F115W,1.1,8.09,0.55,20.8,12.1,149.6,2.6,0.03,0.563,0.017,7.144,0.22,6.103,1.044,20.09,0.5,0.0
JADES168076,F115W,1.1,8.09,0.55,17.5,-25.4,180.6,3.5,0.06,2.34,0.062,6.794,0.256,1.835,0.073,0.85,-0.5,0.0
JADES168076,F115W,1.1,8.09,0.55,29.4,-24.5,160.8,1.2,0.158,1.378,0.018,8.157,0.0,10.004,0.761,3.34,0.08,0.01
JADES168076,F150W,1.1,8.09,0.715,13.5,22.5,188.1,1.0,0.037,0.551,0.023,5.628,0.113,3.999,0.318,4.53,0.33,0.05
JADES168076,F150W,1.1,8.09,0.715,21.1,-13.6,194.5,0.9,0.062,2.097,0.042,7.973,0.335,2.222,0.08,1.17,-0.27,0.1
JADES168076,F150W,1.1,8.09,0.715,26.9,-11.0,176.3,0.8,0.16,1.423,0.013,8.078,0.0,8.394,0.363,3.95,-0.02,0.01
JADES168076,F200W,1.1,8.09,0.948,15.5,22.1,181.9,2.6,0.026,0.175,0.004,5.86,0.159,3.432,0.178,6.06,0.5,0.0
JADES168076,F200W,1.1,8.09,0.948,25.4,-5.4,203.7,0.8,0.062,1.835,0.034,9.492,0.0,2.232,0.06,1.51,-0.01,0.1
JADES168076,F200W,1.1,8.09,0.948,26.2,-7.7,188.2,0.7,0.165,1.382,0.011,8.006,0.0,7.685,0.271,3.56,-0.03,0.01
JADES168076,F277W,1.1,8.09,1.327,21.3,36.4,160.0,2.6,0.035,0.685,0.035,7.92,0.228,4.844,0.422,20.09,0.5,0.0
JADES168076,F277W,1.1,8.09,1.327,26.7,-29.4,132.0,1.2,0.065,2.174,0.0,6.963,0.267,1.533,0.054,1.23,-0.03,0.14
JADES168076,F277W,1.1,8.09,1.327,20.6,-17.1,200.5,3.4,0.183,2.213,0.077,7.917,0.0,3.954,0.165,0.81,0.23,0.09
JADES168076,F356W,1.1,8.09,1.697,18.3,31.9,165.2,2.9,0.056,1.871,0.179,7.198,0.347,4.965,0.702,2.12,-0.14,0.14
JADES168076,F356W,1.1,8.09,1.697,31.3,39.3,152.8,1.8,0.1,2.016,0.0,9.392,0.461,4.719,0.25,4.74,0.5,0.0
JADES168076,F356W,1.1,8.09,1.697,16.6,-36.2,229.0,2.5,0.171,2.26,0.0,6.771,0.327,1.558,0.048,2.27,0.27,0.05
JADES168076,F410M,1.1,8.09,1.949,15.7,56.9,172.0,0.5,0.065,1.461,0.104,8.455,0.177,6.074,0.269,12.47,-0.5,0.0
JADES168076,F410M,1.1,8.09,1.949,32.2,27.9,148.9,1.2,0.096,1.855,0.087,9.597,0.0,4.713,0.228,4.34,0.44,0.09
JADES168076,F410M,1.1,8.09,1.949,13.7,-50.0,208.4,2.8,0.171,2.302,0.0,5.799,0.206,1.279,0.053,1.87,-0.03,0.04
JADES168076,F444W,1.1,8.09,2.105,15.8,57.2,174.4,1.0,0.066,1.453,0.116,8.337,0.358,5.48,0.506,18.46,-0.5,0.0
JADES168076,F444W,1.1,8.09,2.105,33.0,22.6,153.9,4.0,0.091,1.715,0.098,9.608,0.0,4.266,0.174,4.46,0.4,0.1
JADES168076,F444W,1.1,8.09,2.105,13.2,-48.6,211.6,2.8,0.166,2.247,0.05,5.741,0.202,1.182,0.044,1.93,-0.09,0.05
JADES188157,F090W,1.1,8.09,0.429,4.8,-24.4,465.0,3.6,0.201,2.847,0.078,7.371,0.305,1.478,0.054,13.96,0.05,0.07
JADES188157,F090W,1.1,8.09,0.429,13.3,-12.8,301.0,1.1,0.08,1.611,0.059,7.362,0.64,1.79,0.091,0.37,-0.45,0.09
JADES188157,F115W,1.1,8.09,0.55,7.2,-31.0,480.0,4.7,0.131,2.812,0.101,10.091,0.592,2.233,0.06,16.13,-0.5,0.0
JADES188157,F115W,1.1,8.09,0.55,27.3,33.1,392.2,0.0,0.182,2.735,0.118,8.296,0.0,0.6,0.087,1.0,0.5,0.0
JADES188157,F150W,1.1,8.09,0.715,7.0,-33.4,483.2,3.2,0.133,2.602,0.076,8.973,0.354,1.871,0.041,14.1,-0.29,0.08
JADES188157,F150W,1.1,8.09,0.715,17.3,3.2,391.5,0.0,0.155,2.882,0.0,8.176,0.0,1.134,0.059,0.44,-0.23,0.12
JADES188157,F182M,1.1,8.09,0.879,7.4,-36.3,491.3,1.9,0.106,1.657,0.056,7.903,0.192,1.699,0.024,8.76,0.26,0.07
JADES188157,F182M,1.1,8.09,0.879,16.0,1.4,373.1,1.2,0.131,2.758,0.0,7.999,0.0,0.945,0.033,0.47,-0.42,0.05
JADES188157,F200W,1.1,8.09,0.948,7.6,-32.1,493.4,2.0,0.133,2.628,0.061,10.472,0.0,1.903,0.022,13.09,-0.5,0.0
JADES188157,F200W,1.1,8.09,0.948,15.2,4.7,391.9,0.0,0.16,2.889,0.0,8.188,0.0,0.935,0.028,8.56,-0.5,0.0
JADES188157,F210M,1.1,8.09,0.997,6.4,-42.5,513.8,3.5,0.102,1.692,0.033,6.426,0.327,1.556,0.015,8.33,0.5,0.0
JADES188157,F210M,1.1,8.09,0.997,16.5,6.1,370.2,0.9,0.136,2.718,0.0,7.888,0.0,0.772,0.03,0.56,-0.31,0.05
JADES188157,F277W,1.1,8.09,1.327,7.3,-38.3,497.3,3.3,0.132,2.671,0.106,9.175,0.352,1.817,0.033,8.87,-0.26,0.09
JADES188157,F277W,1.1,8.09,1.327,14.7,9.7,362.0,2.4,0.13,2.638,0.156,8.105,0.0,0.753,0.063,8.37,-0.44,0.15
JADES188157,F356W,1.1,8.09,1.697,6.3,-39.5,439.4,6.6,0.107,2.695,0.0,9.022,0.427,1.366,0.054,8.99,-0.35,0.09
JADES188157,F356W,1.1,8.09,1.697,9.6,26.4,390.5,3.7,0.211,2.119,0.109,8.136,0.0,0.921,0.062,7.28,-0.33,0.12
JADES188157,F410M,1.1,8.09,1.949,6.4,-40.5,450.2,6.1,0.084,2.665,0.0,8.847,0.246,1.553,0.059,9.39,-0.5,0.0
JADES188157,F410M,1.1,8.09,1.949,7.3,-4.5,398.3,5.0,0.203,2.534,0.092,4.87,0.0,0.922,0.082,4.19,-0.24,0.13
JADES188157,F444W,1.1,8.09,2.105,7.3,-44.7,459.0,10.5,0.081,2.674,0.0,9.664,0.538,1.576,0.066,7.12,-0.47,0.2
JADES188157,F444W,1.1,8.09,2.105,12.7,21.7,332.3,2.2,0.141,1.759,0.066,6.261,0.854,0.856,0.125,1.13,0.49,0.17
EGS30836,F115W,1.116,8.15,0.545,14.2,-19.8,256.8,1.6,0.148,3.131,0.055,6.706,0.0,3.776,0.068,5.0,-0.38,0.03
EGS30836,F115W,1.116,8.15,0.545,18.6,-52.4,236.0,1.2,0.154,1.837,0.024,10.561,0.268,3.753,0.044,7.62,-0.28,0.05
EGS30836,F115W,1.116,8.15,0.545,29.7,47.1,144.2,0.5,0.064,1.173,0.016,11.176,0.0,1.762,0.043,0.37,0.29,0.04
EGS30836,F150W,1.116,8.15,0.709,18.2,-12.1,241.4,1.7,0.139,2.314,0.029,6.879,0.0,5.047,0.07,2.69,0.01,0.02
EGS30836,F150W,1.116,8.15,0.709,17.3,-48.4,249.8,1.2,0.134,2.112,0.023,11.738,0.0,3.264,0.037,7.55,-0.25,0.04
EGS30836,F150W,1.116,8.15,0.709,28.4,44.2,153.2,0.4,0.077,1.437,0.021,11.782,0.0,1.443,0.042,0.37,0.23,0.02
EGS30836,F200W,1.116,8.15,0.94,18.5,-11.9,238.6,1.8,0.114,2.091,0.028,7.076,0.123,3.766,0.041,3.76,-0.21,0.02
EGS30836,F200W,1.116,8.15,0.94,16.9,-51.3,246.2,1.2,0.125,2.412,0.023,11.111,0.289,3.15,0.033,7.13,-0.38,0.04
EGS30836,F200W,1.116,8.15,0.94,30.3,43.1,148.9,0.4,0.074,1.466,0.021,11.612,0.343,1.376,0.037,0.37,0.25,0.02
EGS30836,F277W,1.116,8.15,1.317,15.9,16.5,238.5,2.0,0.102,2.087,0.039,8.077,0.169,3.146,0.051,6.42,-0.37,0.04
EGS30836,F277W,1.116,8.15,1.317,12.2,-58.5,203.0,1.3,0.129,3.635,0.0,7.128,0.0,1.808,0.019,2.5,-0.41,0.05
EGS30836,F277W,1.116,8.15,1.317,35.7,37.6,130.3,0.4,0.07,1.458,0.019,11.134,0.82,1.132,0.005,1.22,0.5,0.0
EGS30836,F356W,1.116,8.15,1.684,17.5,-8.1,202.7,1.9,0.088,2.332,0.06,7.793,0.226,3.045,0.063,7.01,-0.48,0.02
EGS30836,F356W,1.116,8.15,1.684,15.6,-66.4,207.9,1.5,0.151,3.301,0.0,6.67,0.0,2.314,0.06,0.57,-0.21,0.05
EGS30836,F356W,1.116,8.15,1.684,38.2,32.4,131.0,0.5,0.075,1.38,0.029,11.511,0.0,1.122,0.033,1.04,0.46,0.03
EGS30836,F410M,1.116,8.15,1.934,13.6,-0.8,293.6,0.6,0.111,1.888,0.032,6.795,0.0,7.506,0.442,10.14,-0.07,0.05
EGS30836,F410M,1.116,8.15,1.934,14.9,-62.2,210.3,1.8,0.142,3.437,0.0,7.11,0.0,2.042,0.042,0.54,-0.5,0.05
EGS30836,F410M,1.116,8.15,1.934,38.1,41.7,135.8,0.4,0.089,1.519,0.021,12.24,0.0,1.092,0.004,0.62,0.5,0.0
EGS30836,F444W,1.116,8.15,2.089,21.2,12.5,215.6,3.0,0.079,1.03,0.033,7.54,0.168,2.807,0.06,1.22,0.5,0.0
EGS30836,F444W,1.116,8.15,2.089,16.1,-54.0,247.8,1.4,0.145,3.161,0.054,10.9,0.252,2.667,0.074,6.11,-0.21,0.09
EGS30836,F444W,1.116,8.15,2.089,34.0,53.8,140.7,0.6,0.071,1.512,0.025,12.879,0.0,1.417,0.044,0.38,0.5,0.0
EGS21891,F115W,1.126,8.18,0.543,22.0,20.6,152.4,2.6,0.107,2.246,0.053,7.336,0.0,12.59,0.986,10.11,0.12,0.05
EGS21891,F115W,1.126,8.18,0.543,18.3,39.8,96.9,0.5,0.079,0.917,0.014,7.665,0.059,15.243,1.181,7.8,-0.23,0.02
EGS21891,F115W,1.126,8.18,0.543,18.8,0.5,207.1,2.0,0.053,1.245,0.041,4.584,0.085,7.87,0.585,1.22,-0.5,0.0
EGS21891,F115W,1.126,8.18,0.543,40.0,63.2,62.1,0.8,0.041,1.206,0.036,10.042,0.149,2.82,0.079,3.06,-0.08,0.03
EGS21891,F115W,1.126,8.18,0.543,26.5,24.2,166.8,2.9,0.036,1.086,0.037,3.043,0.322,1.061,0.07,1.51,0.25,0.14
EGS21891,F150W,1.126,8.18,0.706,23.5,-2.4,146.2,1.9,0.107,2.227,0.044,7.301,0.0,12.472,0.709,10.78,0.02,0.06
EGS21891,F150W,1.126,8.18,0.706,19.0,39.4,97.6,0.7,0.079,0.911,0.017,8.018,0.066,14.437,1.31,6.46,-0.21,0.02
EGS21891,F150W,1.126,8.18,0.706,20.8,4.1,207.4,3.0,0.057,1.327,0.039,4.941,0.099,4.588,0.236,1.22,-0.5,0.0
EGS21891,F150W,1.126,8.18,0.706,35.6,59.9,70.2,1.0,0.042,1.592,0.029,10.246,0.186,2.666,0.061,5.2,-0.41,0.04
EGS21891,F150W,1.126,8.18,0.706,20.9,44.2,198.9,4.0,0.048,1.134,0.05,4.214,0.0,1.248,0.058,0.37,-0.49,0.03
EGS21891,F200W,1.126,8.18,0.936,23.7,7.9,164.5,2.3,0.125,2.146,0.041,7.428,0.212,14.697,0.877,12.83,-0.08,0.04
EGS21891,F200W,1.126,8.18,0.936,17.8,30.0,100.9,0.6,0.07,0.944,0.019,7.507,0.065,18.831,2.18,7.5,-0.23,0.02
EGS21891,F200W,1.126,8.18,0.936,19.0,1.3,195.8,1.8,0.064,1.77,0.055,4.248,0.0,4.706,0.207,1.05,-0.5,0.0
EGS21891,F200W,1.126,8.18,0.936,37.8,42.8,62.2,0.9,0.043,1.605,0.061,8.855,0.133,3.035,0.083,5.48,-0.44,0.05
EGS21891,F200W,1.126,8.18,0.936,28.0,27.6,183.4,3.4,0.037,1.052,0.024,3.905,0.174,1.156,0.045,1.12,0.04,0.16
EGS21891,F277W,1.126,8.18,1.31,14.5,24.5,197.0,1.2,0.183,3.204,0.0,7.317,0.0,18.941,2.357,6.52,-0.24,0.02
EGS21891,F277W,1.126,8.18,1.31,21.4,7.8,97.1,1.3,0.076,1.301,0.026,7.252,0.103,19.557,2.867,3.32,0.05,0.04
EGS21891,F277W,1.126,8.18,1.31,19.0,-21.0,234.5,5.4,0.089,2.065,0.073,4.205,0.0,5.675,0.298,1.84,-0.49,0.04
EGS21891,F277W,1.126,8.18,1.31,11.4,-1.8,103.3,1.1,0.076,3.244,0.0,7.26,0.0,1.928,0.104,17.04,-0.43,0.03
EGS21891,F277W,1.126,8.18,1.31,28.2,51.3,199.8,7.5,0.059,0.842,0.084,4.019,0.557,0.82,0.041,0.37,0.41,0.17
EGS21891,F356W,1.126,8.18,1.676,12.3,27.3,200.9,3.4,0.154,2.9,0.0,7.242,0.0,16.025,1.887,7.95,-0.27,0.03
EGS21891,F356W,1.126,8.18,1.676,18.7,21.5,118.4,1.8,0.079,1.147,0.026,7.373,0.08,20.288,2.61,3.71,-0.2,0.04
EGS21891,F356W,1.126,8.18,1.676,25.0,10.2,190.0,2.8,0.083,1.908,0.053,4.493,0.253,4.474,0.196,2.58,-0.18,0.07
EGS21891,F356W,1.126,8.18,1.676,37.7,21.1,73.2,2.2,0.047,1.822,0.128,9.316,0.27,2.979,0.1,6.06,-0.5,0.0
EGS21891,F356W,1.126,8.18,1.676,33.1,-21.9,182.5,5.2,0.099,1.237,0.22,3.238,0.402,0.601,0.035,0.52,0.1,0.21
EGS21891,F410M,1.126,8.18,1.925,-1.6,40.7,209.0,0.5,0.106,1.748,0.053,6.832,0.0,4.521,0.275,4.97,0.38,0.05
EGS21891,F410M,1.126,8.18,1.925,4.7,9.0,104.8,3.4,0.081,1.22,0.067,5.433,0.389,4.158,0.621,14.62,-0.2,0.17
EGS21891,F410M,1.126,8.18,1.925,22.1,26.3,190.4,4.4,0.039,0.523,0.052,5.439,0.102,4.321,0.396,0.37,-0.5,0.0
EGS21891,F410M,1.126,8.18,1.925,29.3,57.8,60.5,2.8,0.049,2.548,0.0,8.675,0.375,2.683,0.177,11.87,-0.5,0.0
EGS21891,F410M,1.126,8.18,1.925,28.8,49.6,157.8,4.2,0.069,0.764,0.178,3.778,0.0,2.384,0.757,0.37,0.06,0.24
EGS21891,F444W,1.126,8.18,2.08,1.5,49.3,175.0,3.3,0.081,2.176,0.041,7.091,0.0,3.565,0.309,6.08,0.5,0.0
EGS21891,F444W,1.126,8.18,2.08,4.4,15.6,101.1,5.3,0.073,1.269,0.078,5.723,0.174,4.025,0.447,12.12,-0.18,0.08
EGS21891,F444W,1.126,8.18,2.08,25.4,33.0,185.1,2.6,0.04,0.552,0.154,5.534,0.178,3.673,0.202,0.37,-0.28,0.42
EGS21891,F444W,1.126,8.18,2.08,35.5,63.8,58.0,0.7,0.046,2.328,0.175,10.122,0.331,2.783,0.144,9.54,-0.5,0.0
EGS21891,F444W,1.126,8.18,2.08,27.3,54.5,174.8,2.0,0.096,1.027,0.057,2.501,0.237,1.348,0.049,0.37,0.5,0.0
EGS24154,F115W,1.174,8.34,0.531,21.7,0.0,54.2,0.0,0.006,0.852,0.049,9.901,0.054,1.985,0.22,1.0,0.0,0.0
EGS24154,F115W,1.174,8.34,0.531,23.2,18.5,153.6,2.6,0.061,5.6,0.135,21.56,0.0,7.362,0.312,2.72,-0.5,0.0
EGS24154,F115W,1.174,8.34,0.531,16.1,-9.1,182.8,2.0,0.065,1.484,0.013,15.49,0.909,2.017,0.016,2.72,0.36,0.02
EGS24154,F115W,1.174,8.34,0.531,19.8,14.7,157.7,1.3,0.073,2.251,0.022,9.302,0.138,2.865,0.051,0.62,0.5,0.0
EGS24154,F150W,1.174,8.34,0.69,15.1,0.0,85.5,1.8,0.018,1.897,0.036,9.756,0.076,2.129,0.143,1.0,0.0,0.0
EGS24154,F150W,1.174,8.34,0.69,23.2,-13.2,243.9,3.1,0.051,2.491,0.036,21.646,0.0,4.274,0.078,2.72,-0.01,0.03
EGS24154,F150W,1.174,8.34,0.69,16.2,9.8,214.4,1.0,0.072,2.007,0.016,18.89,0.0,2.109,0.013,2.72,0.11,0.02
EGS24154,F150W,1.174,8.34,0.69,19.8,15.8,163.7,0.7,0.05,1.935,0.024,9.681,0.104,3.955,0.101,0.57,0.35,0.02
EGS24154,F200W,1.174,8.34,0.915,14.9,0.0,91.4,1.4,0.02,2.146,0.031,9.482,0.064,2.01,0.1,1.0,0.0,0.0
EGS24154,F200W,1.174,8.34,0.915,22.7,-6.7,230.3,2.5,0.084,3.298,0.058,22.022,0.0,3.215,0.028,1.02,-0.14,0.02
EGS24154,F200W,1.174,8.34,0.915,16.0,8.0,215.6,0.8,0.119,4.727,0.072,19.224,0.0,1.927,0.009,0.63,-0.5,0.01
EGS24154,F200W,1.174,8.34,0.915,16.4,48.6,171.7,1.0,0.032,1.75,0.028,12.172,0.146,7.732,0.32,1.09,-0.28,0.03
EGS24154,F277W,1.174,8.34,1.282,15.4,0.0,84.0,2.3,0.015,1.891,0.048,9.166,0.092,1.637,0.124,1.0,0.0,0.0
EGS24154,F277W,1.174,8.34,1.282,25.7,6.3,233.4,2.3,0.115,3.899,0.054,22.017,0.0,2.801,0.019,2.72,-0.3,0.01
EGS24154,F277W,1.174,8.34,1.282,19.0,-25.5,193.0,6.4,0.106,3.824,0.088,14.839,1.972,1.542,0.03,0.4,-0.5,0.0
EGS24154,F277W,1.174,8.34,1.282,15.9,33.8,176.6,1.0,0.068,3.121,0.03,8.757,0.221,23.42,2.832,2.72,0.5,0.0
EGS24154,F356W,1.174,8.34,1.639,17.2,0.0,89.1,2.1,0.02,2.182,0.048,9.345,0.092,2.172,0.15,1.0,0.0,0.0
EGS24154,F356W,1.174,8.34,1.639,21.9,-21.3,275.8,6.6,0.122,3.992,0.061,22.03,0.0,2.827,0.019,2.72,-0.26,0.02
EGS24154,F356W,1.174,8.34,1.639,20.5,-17.9,202.7,7.9,0.104,3.427,0.1,16.783,2.877,1.512,0.035,0.37,-0.5,0.0
EGS24154,F356W,1.174,8.34,1.639,16.7,37.1,177.3,1.0,0.072,3.07,0.029,9.268,0.227,33.244,6.01,2.72,0.5,0.0
EGS24154,F410M,1.174,8.34,1.882,20.2,0.0,91.9,1.3,0.024,2.239,0.044,9.685,0.069,3.147,0.218,1.0,0.0,0.0
EGS24154,F410M,1.174,8.34,1.882,22.6,-29.6,240.0,2.3,0.104,3.073,0.032,15.329,0.363,2.238,0.017,2.72,-0.29,0.01
EGS24154,F410M,1.174,8.34,1.882,17.0,-46.0,172.6,1.7,0.092,3.072,0.051,10.757,0.236,1.407,0.036,0.37,-0.5,0.0
EGS24154,F410M,1.174,8.34,1.882,16.4,36.0,179.8,0.8,0.071,2.952,0.024,8.874,0.186,34.043,0.0,2.72,0.5,0.0
EGS24154,F444W,1.174,8.34,2.034,20.3,0.0,90.7,1.9,0.022,2.159,0.048,9.854,0.096,2.836,0.204,1.0,0.0,0.0
EGS24154,F444W,1.174,8.34,2.034,20.9,-28.3,268.7,4.7,0.105,3.457,0.039,17.85,0.851,2.075,0.021,2.72,-0.36,0.01
EGS24154,F444W,1.174,8.34,2.034,17.7,-41.3,178.7,2.9,0.093,3.167,0.041,12.227,0.484,1.416,0.038,0.37,-0.5,0.0
EGS24154,F444W,1.174,8.34,2.034,15.2,29.2,181.8,1.1,0.069,2.776,0.028,8.323,0.191,33.918,0.0,2.72,0.5,0.0
EGS26748,F115W,1.204,8.44,0.524,23.7,-1.5,296.6,1.4,0.25,2.242,0.014,11.533,0.181,5.394,0.102,1.73,0.25,0.0
EGS26748,F115W,1.204,8.44,0.524,12.9,-35.6,376.7,2.6,0.202,1.949,0.019,8.546,0.062,6.763,0.12,2.57,0.04,0.02
EGS26748,F150W,1.204,8.44,0.681,23.4,-19.0,300.6,1.0,0.227,2.496,0.018,10.816,0.186,4.969,0.1,1.31,0.25,0.0
EGS26748,F150W,1.204,8.44,0.681,13.4,-38.0,353.8,1.0,0.176,2.083,0.018,8.345,0.054,11.022,0.288,2.54,0.04,0.02
EGS26748,F200W,1.204,8.44,0.903,23.2,-19.2,300.9,0.9,0.207,2.544,0.021,11.081,0.147,3.865,0.061,1.21,0.25,0.0
EGS26748,F200W,1.204,8.44,0.903,13.6,-36.1,349.7,2.2,0.134,1.772,0.021,8.33,0.072,6.318,0.129,2.29,0.11,0.02
EGS26748,F277W,1.204,8.44,1.264,23.6,-1.4,391.6,1.9,0.229,2.151,0.022,11.681,0.0,4.603,0.068,2.17,0.25,0.0
EGS26748,F277W,1.204,8.44,1.264,7.8,-29.2,354.0,1.1,0.235,3.281,0.0,6.822,0.0,1.079,0.015,10.28,0.5,0.0
EGS26748,F356W,1.204,8.44,1.617,22.0,-25.0,281.6,1.2,0.231,2.926,0.019,10.126,0.164,3.01,0.057,1.05,0.25,0.0
EGS26748,F356W,1.204,8.44,1.617,9.9,-26.3,360.5,2.7,0.168,2.513,0.072,6.829,0.0,10.821,0.56,1.19,-0.5,0.0
EGS26748,F410M,1.204,8.44,1.857,26.6,-8.8,356.5,4.1,0.3,2.689,0.0,11.851,0.0,3.406,0.034,2.78,0.2,0.01
EGS26748,F410M,1.204,8.44,1.857,8.6,-29.3,361.3,1.3,0.247,2.975,0.0,6.781,0.0,1.072,0.015,11.87,0.5,0.0
EGS26748,F444W,1.204,8.44,2.006,26.0,-28.1,359.9,0.8,0.266,2.55,0.025,11.824,0.0,4.43,0.055,1.74,0.25,0.0
EGS26748,F444W,1.204,8.44,2.006,8.0,-32.6,346.2,1.4,0.241,2.918,0.0,6.839,0.0,1.082,0.017,13.51,0.5,0.0
EGS10221,F115W,1.228,8.52,0.518,7.9,-64.6,84.5,0.4,0.26,2.123,0.028,6.164,0.071,2.089,0.013,0.37,0.38,0.02
EGS10221,F115W,1.228,8.52,0.518,18.0,-28.6,110.8,2.5,0.135,2.056,0.094,9.178,0.517,1.912,0.117,1.0,0.07,0.16
EGS10221,F150W,1.228,8.52,0.674,16.9,-49.1,106.0,2.4,0.213,1.835,0.046,6.712,0.171,2.537,0.088,0.37,0.32,0.04
EGS10221,F150W,1.228,8.52,0.674,19.3,-9.8,133.1,3.4,0.149,1.882,0.063,8.528,0.437,2.69,0.248,1.51,-0.5,0.0
EGS10221,F200W,1.228,8.52,0.893,12.3,-30.8,116.3,2.0,0.163,1.745,0.043,6.539,0.157,2.562,0.189,0.4,0.28,0.13
EGS10221,F200W,1.228,8.52,0.893,23.8,33.2,140.6,8.4,0.102,1.402,0.084,10.818,3.136,1.712,0.08,0.57,0.35,0.08
JADES131726,F182M,1.37,8.93,0.778,12.1,-38.9,96.6,2.4,0.032,2.412,0.058,8.008,0.111,1.23,0.072,1.0,0.0,0.0
JADES131726,F182M,1.37,8.93,0.778,17.3,-27.5,222.9,2.8,0.161,2.992,0.025,8.86,0.205,21.531,2.412,2.72,0.25,0.0
JADES131726,F182M,1.37,8.93,0.778,16.9,-50.4,280.4,3.1,0.128,2.372,0.038,4.299,0.227,2.852,0.033,2.72,-0.23,0.02
JADES131726,F210M,1.37,8.93,0.883,9.0,-48.7,93.5,1.6,0.026,1.994,0.053,7.19,0.1,1.333,0.104,1.0,0.0,0.0
JADES131726,F210M,1.37,8.93,0.883,16.7,-22.5,232.0,2.8,0.147,2.786,0.025,8.661,0.181,18.275,1.872,2.19,0.25,0.0
JADES131726,F210M,1.37,8.93,0.883,23.5,-6.5,255.4,2.0,0.124,2.039,0.026,7.912,0.193,2.84,0.031,2.72,-0.25,0.0
JADES131726,F444W,1.37,8.93,1.865,12.0,-15.7,87.4,2.2,0.015,1.978,0.081,8.392,0.126,1.192,0.091,1.0,0.0,0.0
JADES131726,F444W,1.37,8.93,1.865,16.4,-30.2,213.7,3.4,0.157,3.079,0.023,7.769,0.145,8.404,0.282,1.6,0.25,0.0
JADES131726,F444W,1.37,8.93,1.865,22.4,21.8,234.5,1.4,0.16,2.29,0.024,8.081,0.094,10.509,1.13,2.72,-0.25,0.0
EGS13670,F115W,1.416,9.06,0.478,43.0,63.5,121.6,0.6,0.026,0.858,0.034,7.483,0.087,4.017,0.27,1.0,0.0,0.0
EGS13670,F115W,1.416,9.06,0.478,33.7,-21.9,92.2,1.6,0.071,1.393,0.046,10.997,0.426,3.601,0.112,1.01,0.5,0.0
EGS13670,F115W,1.416,9.06,0.478,14.0,0.4,156.1,0.5,0.35,1.94,0.021,9.758,0.095,7.607,0.303,0.56,-0.27,0.01
EGS13670,F150W,1.416,9.06,0.621,41.9,57.4,119.3,1.2,0.025,0.872,0.034,7.233,0.129,4.282,0.233,1.0,0.0,0.0
EGS13670,F150W,1.416,9.06,0.621,33.4,-6.5,105.2,1.9,0.067,1.118,0.04,12.509,0.557,3.611,0.096,1.35,0.5,0.0
EGS13670,F150W,1.416,9.06,0.621,15.7,-10.0,166.9,0.6,0.306,2.16,0.032,10.378,0.107,6.587,0.206,0.37,-0.33,0.01
EGS13670,F200W,1.416,9.06,0.824,41.9,36.2,141.8,1.6,0.034,1.135,0.035,7.64,0.104,3.576,0.11,1.0,0.0,0.0
EGS13670,F200W,1.416,9.06,0.824,28.0,-12.5,132.5,1.1,0.076,1.95,0.034,14.372,0.0,2.414,0.031,4.59,-0.18,0.04
EGS13670,F200W,1.416,9.06,0.824,16.3,0.4,236.4,1.7,0.279,2.139,0.022,14.944,0.0,1.76,0.018,0.37,-0.39,0.02
EGS13670,F277W,1.416,9.06,1.153,14.1,67.7,151.4,7.2,0.067,2.668,0.164,6.395,0.768,6.735,5.937,1.0,0.0,0.0
EGS13670,F277W,1.416,9.06,1.153,18.4,-45.8,216.1,1.8,0.113,1.824,0.11,5.79,0.47,7.281,0.553,2.39,-0.04,0.07
EGS13670,F277W,1.416,9.06,1.153,18.0,13.4,211.0,4.1,0.263,2.207,0.079,14.954,0.0,1.716,0.037,0.38,-0.12,0.05
EGS13670,F356W,1.416,9.06,1.475,7.8,62.1,158.3,2.8,0.089,2.738,0.0,5.562,0.186,6.445,2.107,1.0,0.0,0.0
EGS13670,F356W,1.416,9.06,1.475,15.0,-58.4,226.8,2.3,0.111,1.93,0.068,4.793,0.337,4.385,0.101,2.96,-0.2,0.04
EGS13670,F356W,1.416,9.06,1.475,18.5,11.0,196.6,3.1,0.219,2.214,0.037,13.521,0.629,1.773,0.026,0.62,0.2,0.03
EGS13670,F410M,1.416,9.06,1.694,6.9,61.7,154.6,2.1,0.094,2.68,0.0,5.365,0.141,7.885,4.372,1.0,0.0,0.0
EGS13670,F410M,1.416,9.06,1.694,14.9,-58.7,224.5,1.7,0.105,1.856,0.029,4.785,0.0,3.941,0.059,4.17,-0.28,0.02
EGS13670,F410M,1.416,9.06,1.694,18.1,7.6,195.5,2.7,0.214,2.192,0.031,13.053,0.571,1.737,0.023,0.65,0.25,0.03
EGS13670,F444W,1.416,9.06,1.83,6.9,62.0,139.4,2.6,0.075,2.68,0.0,4.705,0.152,6.172,3.536,1.0,0.0,0.0
EGS13670,F444W,1.416,9.06,1.83,15.1,-57.7,221.2,1.7,0.105,1.834,0.032,4.805,0.0,4.1,0.071,4.39,-0.3,0.02
EGS13670,F444W,1.416,9.06,1.83,17.8,0.3,189.2,2.4,0.233,2.52,0.038,12.185,0.417,1.764,0.024,0.37,0.09,0.02
EGS25879,F115W,1.47,9.19,0.467,34.0,-66.2,182.0,4.0,0.089,2.951,0.137,14.744,0.0,7.021,0.126,11.83,-0.5,0.0
EGS25879,F115W,1.47,9.19,0.467,16.1,-46.5,175.1,1.7,0.111,1.948,0.041,10.251,0.347,2.174,0.027,8.64,0.5,0.0
EGS25879,F115W,1.47,9.19,0.467,31.8,-46.9,252.9,6.1,0.072,1.685,0.111,11.897,0.0,2.068,0.036,6.44,-0.5,0.0
EGS25879,F150W,1.47,9.19,0.608,33.5,-69.3,226.5,1.7,0.096,3.537,0.0,15.404,0.0,8.603,0.129,11.83,-0.5,0.0
EGS25879,F150W,1.47,9.19,0.608,21.8,-41.3,200.7,2.1,0.123,1.497,0.045,13.097,0.38,2.683,0.03,5.55,0.32,0.05
EGS25879,F150W,1.47,9.19,0.608,25.6,-58.1,264.2,3.6,0.096,1.886,0.06,11.934,0.0,3.159,0.031,6.62,-0.43,0.05
EGS25879,F200W,1.47,9.19,0.806,35.1,-76.7,228.3,1.4,0.09,3.308,0.0,15.38,0.0,6.674,0.066,10.59,-0.39,0.02
EGS25879,F200W,1.47,9.19,0.806,25.3,-28.1,248.1,1.2,0.192,2.437,0.047,17.342,0.0,3.172,0.019,8.53,-0.39,0.01
EGS25879,F200W,1.47,9.19,0.806,17.5,-42.3,346.7,0.0,0.158,3.617,0.054,14.743,0.531,3.031,0.021,12.28,-0.5,0.0
EGS25879,F277W,1.47,9.19,1.128,36.4,-70.3,147.5,1.7,0.064,3.106,0.0,16.246,0.0,5.367,0.065,4.94,0.43,0.03
EGS25879,F277W,1.47,9.19,1.128,26.1,-4.8,222.7,1.1,0.211,3.213,0.081,19.066,0.0,2.766,0.021,7.15,-0.46,0.01
EGS25879,F277W,1.47,9.19,1.128,27.6,-3.7,246.8,1.9,0.146,3.422,0.0,20.068,0.0,2.413,0.024,6.83,-0.36,0.04
EGS25879,F356W,1.47,9.19,1.442,38.3,-64.7,137.7,1.2,0.06,3.055,0.0,15.501,0.0,4.213,0.053,4.62,0.5,0.0
EGS25879,F356W,1.47,9.19,1.442,25.4,2.2,215.6,1.3,0.225,3.47,0.106,18.312,0.0,2.989,0.027,8.48,-0.5,0.01
EGS25879,F356W,1.47,9.19,1.442,25.9,-7.0,222.6,3.0,0.141,3.501,0.0,17.461,1.102,2.104,0.025,11.37,-0.47,0.04
EGS25879,F410M,1.47,9.19,1.657,42.7,-70.5,132.5,1.0,0.061,2.751,0.0,17.168,0.0,5.497,0.056,4.62,0.5,0.0
EGS25879,F410M,1.47,9.19,1.657,26.6,-1.9,217.1,1.2,0.221,3.316,0.037,20.383,0.0,2.542,0.02,7.31,-0.5,0.0
EGS25879,F410M,1.47,9.19,1.657,26.2,-10.3,241.2,5.1,0.142,3.36,0.0,20.269,2.749,1.88,0.028,0.89,-0.23,0.05
EGS25879,F444W,1.47,9.19,1.79,42.1,-70.9,132.2,1.3,0.058,2.749,0.0,16.963,0.0,5.243,0.068,4.62,0.5,0.0
EGS25879,F444W,1.47,9.19,1.79,25.4,-19.3,206.4,1.6,0.223,3.226,0.12,17.087,0.808,2.658,0.027,5.46,-0.5,0.02
EGS25879,F444W,1.47,9.19,1.79,26.0,-30.1,224.4,5.3,0.136,3.33,0.0,16.069,1.543,1.834,0.032,2.48,-0.07,0.06
JADES156224,F182M,1.52,9.31,0.732,13.8,-41.9,260.9,2.5,0.258,2.406,0.0,3.645,0.0,1.909,0.03,13.39,-0.39,0.01
JADES156224,F182M,1.52,9.31,0.732,15.4,2.1,316.2,1.3,0.074,1.216,0.024,5.542,0.121,2.671,0.111,1.29,0.47,0.04
JADES156224,F210M,1.52,9.31,0.831,15.0,-46.1,262.9,2.1,0.271,2.331,0.0,4.369,0.226,1.967,0.03,11.79,-0.37,0.01
JADES156224,F210M,1.52,9.31,0.831,14.2,12.1,311.7,3.2,0.059,0.974,0.026,5.56,0.083,3.727,0.283,0.37,0.5,0.0
JADES156224,F444W,1.52,9.31,1.754,15.1,-0.0,231.8,1.1,0.206,1.251,0.027,4.721,0.105,3.032,0.053,2.9,0.5,0.0
JADES156224,F444W,1.52,9.31,1.754,20.6,-49.2,104.3,2.8,0.046,0.869,0.098,2.659,0.0,2.117,0.715,1.17,0.5,0.0
EGS23259,F115W,1.533,9.34,0.456,9.9,20.3,127.2,2.4,0.031,0.97,0.029,5.627,0.23,3.216,0.514,1.0,0.0,0.0
EGS23259,F115W,1.533,9.34,0.456,36.1,-63.9,102.5,0.4,0.245,1.361,0.032,4.631,0.0,36.626,6.822,2.21,0.22,0.03
EGS23259,F115W,1.533,9.34,0.456,29.6,-48.5,150.4,3.3,0.099,1.859,0.047,12.32,0.0,2.039,0.026,2.8,0.5,0.0
EGS23259,F150W,1.533,9.34,0.593,14.5,6.3,124.4,1.5,0.025,0.981,0.034,5.781,0.153,4.708,0.712,1.0,0.0,0.0
EGS23259,F150W,1.533,9.34,0.593,34.4,-58.8,111.8,0.5,0.2,1.677,0.037,5.058,0.104,12.889,0.932,2.43,-0.1,0.02
EGS23259,F150W,1.533,9.34,0.593,31.5,-43.2,176.3,2.0,0.113,1.786,0.055,12.802,0.0,2.2,0.04,1.62,0.16,0.04
EGS23259,F200W,1.533,9.34,0.786,11.6,43.3,174.7,0.9,0.044,1.193,0.026,5.143,0.067,10.449,1.483,1.0,0.0,0.0
EGS23259,F200W,1.533,9.34,0.786,30.2,-45.8,129.9,0.5,0.214,2.371,0.024,5.632,0.161,3.265,0.043,4.73,-0.27,0.01
EGS23259,F200W,1.533,9.34,0.786,25.7,-45.7,216.6,1.0,0.13,2.321,0.042,8.881,0.286,1.334,0.024,4.54,0.5,0.0
EGS22339,F115W,1.543,9.37,0.454,20.8,-15.5,167.7,1.0,0.126,2.436,0.026,14.828,0.236,47.933,0.0,5.4,0.0,0.0
EGS22339,F115W,1.543,9.37,0.454,7.3,-21.6,359.2,3.4,0.151,3.183,0.039,10.163,0.12,16.825,1.774,1.75,0.0,0.0
EGS22339,F150W,1.543,9.37,0.59,21.7,-2.0,157.1,0.8,0.125,2.665,0.023,15.491,0.223,41.394,0.0,4.37,0.0,0.0
EGS22339,F150W,1.543,9.37,0.59,6.5,-15.6,375.5,2.7,0.18,4.113,0.0,9.749,0.105,23.411,2.81,1.1,0.0,0.0
EGS22339,F200W,1.543,9.37,0.782,21.5,-6.2,153.6,0.7,0.106,2.79,0.023,14.873,0.206,38.323,0.0,4.79,0.0,0.0
EGS22339,F200W,1.543,9.37,0.782,3.0,8.1,322.5,0.7,0.132,3.827,0.0,9.931,0.087,38.323,0.0,1.14,0.0,0.0
EGS22339,F277W,1.543,9.37,1.096,19.1,5.5,146.0,0.2,0.083,3.115,0.027,14.435,0.215,37.25,0.0,1.48,0.0,0.0
EGS22339,F277W,1.543,9.37,1.096,4.8,12.9,320.3,1.8,0.088,3.712,0.0,10.243,0.131,37.25,0.0,0.82,0.0,0.0
EGS22339,F356W,1.543,9.37,1.401,17.7,-4.1,143.5,0.2,0.078,2.668,0.025,12.641,0.265,35.965,0.0,3.46,0.0,0.0
EGS22339,F356W,1.543,9.37,1.401,4.2,9.2,324.7,0.7,0.086,3.587,0.0,10.174,0.119,35.965,0.0,0.98,0.0,0.0
EGS22339,F410M,1.543,9.37,1.609,17.0,8.8,144.7,0.2,0.077,2.979,0.026,13.276,0.241,35.223,0.0,2.85,0.0,0.0
EGS22339,F410M,1.543,9.37,1.609,4.0,12.4,321.0,1.2,0.084,3.514,0.0,10.331,0.107,35.223,0.0,0.98,0.0,0.0
EGS22339,F444W,1.543,9.37,1.738,18.8,15.9,144.3,0.3,0.077,2.856,0.032,14.079,0.292,35.846,0.0,2.93,0.0,0.0
EGS22339,F444W,1.543,9.37,1.738,4.4,11.8,324.8,1.4,0.083,3.574,0.0,10.276,0.131,35.846,0.0,0.83,0.0,0.0
EGS26831,F200W,1.543,9.37,0.782,20.1,-50.3,112.8,1.1,0.068,1.461,0.039,5.382,0.172,2.655,0.205,1.01,0.5,0.0
EGS26831,F200W,1.543,9.37,0.782,33.6,-79.2,111.5,0.9,0.111,4.552,0.0,6.037,0.0,4.424,0.148,0.44,-0.15,0.02
EGS26831,F277W,1.543,9.37,1.096,18.7,-39.8,211.2,8.6,0.057,0.88,0.031,7.087,0.116,14.0,4.283,20.09,-0.5,0.0
EGS26831,F277W,1.543,9.37,1.096,24.8,0.6,123.7,1.0,0.121,3.759,0.085,6.106,0.0,3.64,0.109,2.19,0.46,0.04
EGS26831,F356W,1.543,9.37,1.401,18.6,-32.3,187.6,3.3,0.05,0.789,0.019,7.525,0.143,7.106,1.677,20.09,-0.5,0.0
EGS26831,F356W,1.543,9.37,1.401,29.7,-46.4,120.4,0.9,0.119,3.481,0.075,6.084,0.0,3.546,0.078,1.95,0.46,0.05
EGS26831,F410M,1.543,9.37,1.609,19.5,-27.0,205.5,3.9,0.054,0.809,0.024,8.096,0.21,4.502,0.725,20.09,-0.5,0.0
EGS26831,F410M,1.543,9.37,1.609,30.7,-55.3,123.3,0.9,0.13,3.441,0.032,6.093,0.0,2.99,0.066,2.2,0.5,0.0
EGS26831,F444W,1.543,9.37,1.738,18.9,-26.8,196.4,3.8,0.052,0.733,0.024,8.125,0.171,10.447,3.87,20.09,-0.5,0.0
EGS26831,F444W,1.543,9.37,1.738,22.8,22.4,125.6,0.4,0.129,3.709,0.061,6.116,0.0,2.599,0.055,2.7,0.46,0.03
EGS31281,F115W,1.554,9.39,0.452,11.7,-56.9,108.9,1.3,0.057,1.853,0.039,7.413,0.095,2.783,0.077,1.0,0.0,0.0
EGS31281,F115W,1.554,9.39,0.452,36.9,0.0,139.0,2.2,0.056,1.712,0.041,9.093,0.117,37.75,0.0,1.0,0.0,0.0
EGS31281,F115W,1.554,9.39,0.452,14.6,-27.8,177.2,1.8,0.149,1.373,0.02,7.541,0.0,4.905,0.159,1.0,0.0,0.0
EGS31281,F115W,1.554,9.39,0.452,14.8,-8.3,243.0,4.4,0.169,2.117,0.05,9.282,0.77,3.403,0.314,0.37,0.5,0.0
EGS31281,F150W,1.554,9.39,0.588,9.3,-52.6,121.6,2.1,0.032,1.647,0.043,7.298,0.111,1.949,0.061,1.0,0.0,0.0
EGS31281,F150W,1.554,9.39,0.588,36.5,0.0,183.5,0.8,0.051,1.912,0.049,8.398,0.106,27.099,8.326,1.0,0.0,0.0
EGS31281,F150W,1.554,9.39,0.588,15.0,-38.8,187.4,1.7,0.116,1.396,0.034,7.583,0.0,2.557,0.076,1.0,0.0,0.0
EGS31281,F150W,1.554,9.39,0.588,14.5,36.9,266.7,3.1,0.123,1.664,0.067,13.157,0.0,2.764,0.241,0.37,0.47,0.08
EGS31281,F200W,1.554,9.39,0.779,14.7,-55.1,118.0,1.3,0.029,1.763,0.04,7.598,0.051,2.327,0.078,1.0,0.0,0.0
EGS31281,F200W,1.554,9.39,0.779,36.0,-0.0,189.1,0.6,0.058,2.239,0.042,8.857,0.087,20.621,3.757,1.0,0.0,0.0
EGS31281,F200W,1.554,9.39,0.779,21.1,-52.2,193.1,1.5,0.109,1.357,0.032,7.516,0.0,7.676,0.431,1.0,0.0,0.0
EGS31281,F200W,1.554,9.39,0.779,12.4,28.6,264.6,4.3,0.102,1.303,0.059,11.327,0.953,3.717,0.369,0.37,0.28,0.06
EGS31281,F277W,1.554,9.39,1.091,11.6,-58.7,120.4,5.3,0.024,1.947,0.051,7.103,0.144,6.53,0.56,1.0,0.0,0.0
EGS31281,F277W,1.554,9.39,1.091,34.9,0.0,68.0,1.3,0.029,2.263,0.0,9.163,0.136,1.812,0.087,1.0,0.0,0.0
EGS31281,F277W,1.554,9.39,1.091,20.0,-42.6,192.7,1.4,0.103,2.167,0.046,7.494,0.0,4.29,0.155,1.0,0.0,0.0
EGS31281,F277W,1.554,9.39,1.091,13.5,9.2,249.5,4.8,0.097,1.229,0.098,8.849,0.496,1.62,0.063,0.37,0.47,0.13
EGS31281,F356W,1.554,9.39,1.395,16.6,-58.3,104.8,2.6,0.017,1.626,0.057,7.755,0.132,4.775,0.279,1.0,0.0,0.0
EGS31281,F356W,1.554,9.39,1.395,32.5,0.0,67.2,1.4,0.023,2.21,0.0,9.447,0.0,1.325,0.063,1.0,0.0,0.0
EGS31281,F356W,1.554,9.39,1.395,23.7,-54.6,197.4,2.5,0.074,2.354,0.062,7.473,0.0,10.734,1.267,1.0,0.0,0.0
EGS31281,F356W,1.554,9.39,1.395,14.3,-36.1,243.9,3.4,0.069,1.44,0.047,5.969,0.163,1.773,0.051,0.37,0.5,0.0
EGS31281,F410M,1.554,9.39,1.602,12.9,-61.9,120.0,8.8,0.016,1.411,0.077,7.071,0.199,4.949,0.416,1.0,0.0,0.0
EGS31281,F410M,1.554,9.39,1.602,32.7,-0.0,67.2,1.5,0.025,2.212,0.0,8.917,0.128,1.844,0.118,1.0,0.0,0.0
EGS31281,F410M,1.554,9.39,1.602,18.7,-35.7,188.7,2.2,0.084,2.014,0.055,7.468,0.0,2.193,0.065,1.0,0.0,0.0
EGS31281,F410M,1.554,9.39,1.602,14.0,1.8,250.2,5.8,0.082,1.068,0.018,8.499,0.64,1.604,0.064,0.37,0.5,0.0
EGS31281,F444W,1.554,9.39,1.731,-1.4,-51.3,101.4,4.5,0.016,2.488,0.0,6.409,0.262,5.861,4.436,1.0,0.0,0.0
EGS31281,F444W,1.554,9.39,1.731,31.2,0.0,64.7,1.3,0.029,2.13,0.0,8.628,0.101,1.93,0.121,1.0,0.0,0.0
EGS31281,F444W,1.554,9.39,1.731,17.4,-40.1,254.9,0.7,0.102,2.375,0.0,7.454,0.0,1.548,0.034,1.0,0.0,0.0
EGS31281,F444W,1.554,9.39,1.731,16.2,10.7,332.7,6.3,0.11,1.072,0.041,11.87,0.0,1.336,0.045,0.37,0.5,0.0
EGS14565,F115W,1.661,9.63,0.434,9.7,42.3,126.1,3.1,0.047,2.116,0.073,9.935,0.137,36.202,34.655,1.47,0.5,0.0
EGS14565,F115W,1.661,9.63,0.434,19.9,-39.8,230.9,2.1,0.23,2.185,0.041,7.784,0.0,10.914,1.69,0.55,0.02,0.03
EGS14565,F115W,1.661,9.63,0.434,18.0,-15.0,377.7,5.3,0.306,2.822,0.069,14.586,0.393,13.939,0.774,1.99,0.21,0.04
EGS14565,F150W,1.661,9.63,0.564,14.0,48.9,100.0,2.0,0.021,0.592,0.084,9.969,0.183,8.665,2.441,14.31,0.13,0.16
EGS14565,F150W,1.661,9.63,0.564,17.2,-11.8,213.8,2.0,0.169,1.73,0.03,7.92,0.0,7.225,0.987,0.55,-0.07,0.07
EGS14565,F150W,1.661,9.63,0.564,14.5,-19.5,361.4,1.0,0.204,2.403,0.038,9.819,0.218,10.45,0.491,2.69,0.5,0.0
EGS14565,F200W,1.661,9.63,0.748,20.0,41.3,128.5,1.9,0.042,2.397,0.054,9.999,0.087,11.56,2.113,0.37,0.5,0.0
EGS14565,F200W,1.661,9.63,0.748,22.2,-44.6,231.0,4.0,0.128,1.913,0.036,7.727,0.0,25.139,13.206,0.45,-0.26,0.08
EGS14565,F200W,1.661,9.63,0.748,16.4,2.9,308.0,2.2,0.169,2.301,0.034,14.791,0.0,4.386,0.144,2.42,0.25,0.04
EGS14565,F277W,1.661,9.63,1.047,25.0,37.1,151.6,1.2,0.058,3.189,0.0,12.583,0.16,3.513,0.106,1.89,0.24,0.04
EGS14565,F277W,1.661,9.63,1.047,24.1,-48.1,238.7,3.0,0.127,2.266,0.035,7.959,0.0,10.064,1.37,0.37,-0.04,0.06
EGS14565,F277W,1.661,9.63,1.047,14.8,8.4,365.0,0.7,0.201,2.835,0.032,13.48,0.185,8.227,0.2,2.39,-0.08,0.02
EGS14565,F410M,1.661,9.63,1.538,8.2,-0.0,137.0,1.6,0.028,1.563,0.153,9.876,0.105,1.612,0.121,1.22,-0.5,0.0
EGS14565,F410M,1.661,9.63,1.538,22.3,-25.2,201.5,3.6,0.13,1.662,0.04,7.918,0.0,2.646,0.242,0.43,0.12,0.11
EGS14565,F410M,1.661,9.63,1.538,15.2,1.9,322.1,2.2,0.151,2.555,0.038,13.839,0.301,5.244,0.152,1.38,-0.02,0.04
EGS14565,F444W,1.661,9.63,1.661,12.8,38.0,144.9,0.8,0.026,0.851,0.128,12.489,0.168,3.472,0.385,1.22,-0.5,0.0
EGS14565,F444W,1.661,9.63,1.661,17.0,-31.3,190.7,1.9,0.124,2.025,0.026,7.815,0.0,5.177,0.686,0.52,-0.32,0.1
EGS14565,F444W,1.661,9.63,1.661,16.0,11.4,321.9,1.8,0.157,2.534,0.036,14.984,0.0,4.565,0.1,2.0,0.03,0.03
EGS25604,F115W,1.664,9.63,0.433,3.8,4.4,315.1,0.7,0.253,1.136,0.024,5.705,0.0,11.738,0.88,2.51,0.13,0.02
EGS25604,F150W,1.664,9.63,0.563,4.1,4.8,314.4,0.6,0.219,1.656,0.02,5.721,0.0,30.334,0.0,2.16,0.15,0.01
EGS25604,F200W,1.664,9.63,0.747,4.0,5.4,317.0,0.7,0.2,1.812,0.016,5.741,0.0,30.362,0.0,2.08,0.18,0.01
EGS25604,F277W,1.664,9.63,1.046,7.6,-13.9,350.1,2.7,0.225,2.189,0.026,5.877,0.0,27.423,0.0,1.92,0.23,0.01
EGS25604,F356W,1.664,9.63,1.338,9.4,-24.5,371.8,1.5,0.263,2.406,0.021,5.835,0.0,26.022,0.0,1.8,0.27,0.01
EGS25604,F410M,1.664,9.63,1.536,2.9,-23.9,368.3,5.2,0.191,2.356,0.023,5.763,0.0,23.972,5.921,1.41,-0.5,0.0
EGS25604,F444W,1.664,9.63,1.66,3.7,-28.6,373.8,7.7,0.186,2.205,0.027,5.784,0.0,23.431,5.899,1.3,-0.46,0.01
JADES188429,F200W,1.69,9.69,0.74,9.9,-64.9,203.8,0.3,0.166,2.187,0.068,4.738,0.121,2.103,0.021,0.39,-0.45,0.04
JADES188429,F200W,1.69,9.69,0.74,9.7,-41.8,204.7,2.4,0.135,1.83,0.043,4.959,0.107,4.523,0.241,1.57,0.22,0.04
JADES188429,F210M,1.69,9.69,0.778,10.1,-65.0,209.9,2.5,0.19,2.329,0.151,4.731,0.217,2.028,0.033,0.47,-0.47,0.06
JADES188429,F210M,1.69,9.69,0.778,11.4,-52.8,204.6,3.0,0.159,1.961,0.103,5.147,0.238,4.983,0.374,1.96,-0.12,0.1
JADES188429,F277W,1.69,9.69,1.036,17.8,-69.3,234.1,1.4,0.141,2.554,0.0,4.653,0.0,1.956,0.027,0.37,0.06,0.04
JADES188429,F277W,1.69,9.69,1.036,9.5,-42.0,216.1,1.8,0.107,2.123,0.056,5.183,0.212,2.832,0.127,0.76,0.08,0.14
JADES188429,F335M,1.69,9.69,1.251,12.5,-60.0,250.2,1.9,0.133,2.458,0.0,4.374,0.0,1.366,0.019,0.73,-0.2,0.04
JADES188429,F335M,1.69,9.69,1.251,14.9,-50.9,204.6,1.6,0.082,1.561,0.045,4.789,0.159,3.419,0.167,2.09,0.31,0.07
JADES188429,F356W,1.69,9.69,1.324,18.1,-68.0,235.6,1.4,0.131,2.463,0.0,4.568,0.0,1.542,0.024,0.37,-0.02,0.04
JADES188429,F356W,1.69,9.69,1.324,15.4,-47.6,213.5,1.7,0.094,1.838,0.044,5.413,0.208,2.857,0.096,1.24,0.49,0.04
JADES188429,F410M,1.69,9.69,1.521,16.9,-67.0,232.7,2.2,0.115,2.422,0.0,4.486,0.0,1.558,0.033,0.4,-0.17,0.09
JADES188429,F410M,1.69,9.69,1.521,14.3,-40.9,202.8,0.7,0.083,1.891,0.051,5.71,0.242,3.34,0.143,1.52,0.37,0.05
JADES188429,F444W,1.69,9.69,1.644,13.9,-60.9,245.0,2.8,0.122,2.437,0.0,4.46,0.0,1.291,0.026,0.96,-0.2,0.07
JADES188429,F444W,1.69,9.69,1.644,14.1,-53.7,206.9,1.6,0.084,1.705,0.076,4.685,0.272,2.257,0.115,2.04,0.5,0.0
EGS22922,F115W,1.905,10.08,0.397,35.5,-75.8,159.1,0.2,0.214,2.826,0.064,10.19,0.0,7.442,0.165,0.37,-0.34,0.02
EGS22922,F115W,1.905,10.08,0.397,8.9,-53.8,175.6,1.8,0.177,1.504,0.027,5.175,0.071,2.659,0.144,3.39,0.29,0.05
EGS22922,F150W,1.905,10.08,0.517,30.0,-75.7,124.9,1.2,0.238,3.2,0.062,10.088,0.0,4.987,0.044,0.38,-0.46,0.01
EGS22922,F150W,1.905,10.08,0.517,15.4,-11.6,168.4,0.7,0.15,1.501,0.023,6.552,0.084,45.356,0.0,3.04,0.1,0.03
EGS22922,F200W,1.905,10.08,0.685,30.6,-76.0,132.2,1.1,0.239,3.01,0.065,9.5,0.201,5.873,0.068,0.37,0.06,0.04
EGS22922,F200W,1.905,10.08,0.685,14.8,-11.2,162.3,0.6,0.141,1.854,0.034,6.29,0.088,43.205,0.0,1.84,0.21,0.07
EGS22922,F277W,1.905,10.08,0.959,16.0,-34.8,121.9,0.8,0.169,4.035,0.047,8.773,0.148,2.555,0.148,0.37,0.5,0.0
EGS22922,F277W,1.905,10.08,0.959,14.6,-24.3,119.1,1.0,0.111,2.031,0.057,5.015,0.0,43.341,0.0,1.13,0.2,0.04
EGS22922,F356W,1.905,10.08,1.226,14.5,-24.4,122.2,0.7,0.167,4.233,0.045,8.837,0.163,1.981,0.008,0.37,0.5,0.0
EGS22922,F356W,1.905,10.08,1.226,9.6,13.7,106.3,0.3,0.113,2.544,0.084,5.406,0.118,42.552,0.0,0.6,-0.15,0.06
EGS22922,F410M,1.905,10.08,1.409,18.0,-6.2,144.7,0.8,0.17,3.747,0.045,10.952,0.0,2.087,0.041,0.37,0.5,0.0
EGS22922,F410M,1.905,10.08,1.409,6.5,22.6,114.7,0.3,0.117,2.161,0.044,5.222,0.088,41.173,0.0,0.8,-0.5,0.0
EGS22922,F444W,1.905,10.08,1.522,29.4,-59.8,177.9,1.4,0.242,3.502,0.055,11.056,0.0,5.108,0.05,0.37,-0.5,0.0
EGS22922,F444W,1.905,10.08,1.522,38.5,-61.7,167.8,1.3,0.184,2.271,0.129,5.307,0.108,21.348,1.636,0.39,0.01,0.06
JADES158906,F090W,1.92,10.11,0.309,16.5,34.5,153.2,2.6,0.286,1.853,0.048,5.661,0.312,2.064,0.169,1.62,0.38,0.04
JADES158906,F090W,1.92,10.11,0.309,0.8,-57.6,126.8,0.7,0.153,1.256,0.081,3.886,0.253,12.477,5.625,0.37,0.36,0.06
JADES158906,F115W,1.92,10.11,0.395,10.9,-35.6,159.9,1.4,0.324,2.556,0.025,3.793,0.0,1.31,0.084,0.37,0.44,0.05
JADES158906,F115W,1.92,10.11,0.395,10.8,-59.9,170.4,1.1,0.208,2.805,0.048,5.206,0.0,1.706,0.094,3.5,-0.16,0.04
JADES158906,F150W,1.92,10.11,0.514,8.8,-19.8,170.5,1.5,0.293,2.276,0.023,3.774,0.0,1.152,0.058,0.37,0.45,0.04
JADES158906,F150W,1.92,10.11,0.514,8.8,-53.2,172.1,1.2,0.171,2.443,0.039,5.18,0.0,1.533,0.077,3.53,-0.08,0.04
JADES158906,F200W,1.92,10.11,0.682,4.4,-8.2,161.6,1.0,0.306,2.049,0.023,3.872,0.0,1.277,0.009,0.58,-0.1,0.03
JADES158906,F200W,1.92,10.11,0.682,6.3,-40.5,172.6,1.4,0.188,2.687,0.04,5.453,0.0,1.659,0.062,5.13,-0.14,0.04
JADES158906,F277W,1.92,10.11,0.954,12.6,-14.7,207.2,1.9,0.345,2.397,0.021,4.332,0.108,1.206,0.039,0.38,0.5,0.0
JADES158906,F277W,1.92,10.11,0.954,11.1,-44.1,188.2,2.4,0.2,2.658,0.073,5.479,0.0,2.144,0.066,2.42,0.0,0.05
JADES158906,F356W,1.92,10.11,1.22,7.4,-13.3,224.6,0.9,0.348,2.278,0.028,3.832,0.083,1.084,0.011,0.52,0.18,0.04
JADES158906,F356W,1.92,10.11,1.22,9.4,-27.6,178.3,2.2,0.167,2.305,0.07,5.498,0.0,1.716,0.069,2.26,0.03,0.05
JADES158906,F410M,1.92,10.11,1.401,9.3,-16.6,190.6,2.7,0.315,2.291,0.044,3.679,0.147,1.188,0.071,0.66,0.5,0.0
JADES158906,F410M,1.92,10.11,1.401,9.4,-40.6,178.8,4.1,0.179,2.46,0.097,5.458,0.227,1.681,0.089,3.21,-0.11,0.08
JADES158906,F444W,1.92,10.11,1.514,10.0,23.0,206.1,0.8,0.321,2.081,0.027,5.625,0.163,1.1,0.036,0.54,0.37,0.02
JADES158906,F444W,1.92,10.11,1.514,5.4,-24.6,186.2,1.2,0.187,2.834,0.0,5.575,0.0,1.444,0.048,3.74,-0.22,0.09
JADES160443,F150W,1.97,10.19,0.505,13.2,-68.7,127.8,2.1,0.142,3.673,0.104,6.389,0.337,5.854,0.622,0.37,-0.5,0.0
JADES160443,F150W,1.97,10.19,0.505,8.7,-28.5,276.7,3.2,0.092,1.414,0.032,10.883,0.664,3.369,0.175,6.57,0.5,0.0
JADES160443,F200W,1.97,10.19,0.67,14.8,-63.9,139.2,0.7,0.103,1.779,0.054,4.995,0.0,3.585,0.128,0.37,-0.42,0.02
JADES160443,F200W,1.97,10.19,0.67,10.1,-29.8,271.6,4.6,0.08,1.776,0.061,10.362,0.0,2.2,0.095,2.8,0.02,0.04
JADES160443,F277W,1.97,10.19,0.938,21.0,-64.3,152.2,0.8,0.105,2.255,0.052,5.411,0.187,2.358,0.053,5.38,-0.5,0.0
JADES160443,F277W,1.97,10.19,0.938,10.4,-26.3,262.3,2.5,0.109,2.824,0.0,9.632,0.0,1.076,0.055,1.36,-0.37,0.07
JADES160443,F356W,1.97,10.19,1.2,21.3,-51.4,181.1,1.2,0.122,1.833,0.047,5.754,0.184,2.624,0.052,6.29,-0.5,0.0
JADES160443,F356W,1.97,10.19,1.2,10.5,-19.0,264.6,2.1,0.112,2.589,0.0,9.234,0.0,0.995,0.008,1.41,-0.42,0.03
JADES160443,F410M,1.97,10.19,1.378,21.2,-38.2,187.5,1.3,0.126,1.559,0.037,5.732,0.164,2.428,0.04,7.62,-0.36,0.1
JADES160443,F410M,1.97,10.19,1.378,11.7,-4.4,274.0,2.0,0.112,2.334,0.0,8.936,0.0,0.794,0.014,3.05,0.25,0.07
JADES160443,F444W,1.97,10.19,1.489,21.4,-44.0,187.0,1.0,0.124,1.503,0.038,5.894,0.178,2.233,0.036,9.87,-0.4,0.08
JADES160443,F444W,1.97,10.19,1.489,12.2,-9.9,266.3,1.2,0.109,2.555,0.0,8.5,0.275,0.79,0.017,2.95,0.49,0.08
JADES164258,F150W,2.01,10.25,0.499,21.5,-16.8,140.7,7.7,0.034,2.165,0.147,7.819,0.396,2.1,0.237,0.37,-0.3,0.3
JADES164258,F150W,2.01,10.25,0.499,10.8,20.7,230.6,6.4,0.044,0.43,0.033,6.634,0.241,5.498,1.699,16.87,0.03,0.19
JADES164258,F150W,2.01,10.25,0.499,12.8,-27.9,201.2,2.2,0.282,2.323,0.077,6.173,0.243,4.949,0.222,0.66,-0.5,0.0
JADES164258,F200W,2.01,10.25,0.661,-1.5,78.1,106.8,2.2,0.036,1.916,0.234,4.155,0.0,7.673,5.41,1.29,0.5,0.0
JADES164258,F200W,2.01,10.25,0.661,14.8,11.8,243.8,3.7,0.073,1.23,0.075,6.455,0.18,17.909,6.621,6.06,-0.5,0.0
JADES164258,F200W,2.01,10.25,0.661,14.5,-33.3,211.1,2.9,0.209,3.097,0.0,6.401,0.187,2.421,0.046,0.37,-0.5,0.0
JADES164258,F277W,2.01,10.25,0.926,24.6,8.3,138.0,7.5,0.02,1.663,0.304,10.067,1.002,1.921,0.282,4.18,-0.26,0.45
JADES164258,F277W,2.01,10.25,0.926,13.4,26.0,244.5,25.1,0.035,0.537,0.07,6.745,0.633,2.466,0.722,20.09,0.5,0.0
JADES164258,F277W,2.01,10.25,0.926,13.1,-25.8,246.8,5.7,0.181,2.405,0.0,7.972,0.368,1.925,0.068,0.63,-0.5,0.0
JADES164258,F335M,2.01,10.25,1.118,18.4,12.5,164.2,9.7,0.028,2.091,0.0,9.67,0.443,1.938,0.11,2.72,0.25,0.0
JADES164258,F335M,2.01,10.25,1.118,13.1,38.3,229.7,3.9,0.034,0.246,0.025,6.532,0.344,2.302,0.272,6.06,0.5,0.0
JADES164258,F335M,2.01,10.25,1.118,13.9,-23.2,274.6,5.0,0.177,2.139,0.0,8.799,0.437,1.677,0.037,0.87,-0.1,0.02
JADES164258,F356W,2.01,10.25,1.184,21.0,22.5,162.9,22.7,0.023,2.023,0.0,10.986,1.055,2.144,0.211,2.72,0.25,0.0
JADES164258,F356W,2.01,10.25,1.184,14.3,37.0,224.9,11.1,0.03,0.361,0.094,6.741,0.585,2.369,0.482,19.32,0.5,0.0
JADES164258,F356W,2.01,10.25,1.184,13.9,-23.9,277.5,9.0,0.164,2.104,0.0,8.816,0.765,1.547,0.056,0.85,-0.12,0.03
EGS31125,F200W,2.06,10.33,0.65,28.2,-41.3,111.4,1.1,0.102,1.228,0.03,9.665,0.0,4.26,0.137,2.8,-0.14,0.02
EGS31125,F200W,2.06,10.33,0.65,27.2,-67.6,189.9,1.6,0.186,3.042,0.0,6.761,0.241,3.588,0.067,0.37,-0.42,0.04
EGS31125,F277W,2.06,10.33,0.91,30.7,-27.1,104.3,0.5,0.118,2.669,0.0,10.124,0.0,3.285,0.053,0.79,-0.5,0.0
EGS31125,F277W,2.06,10.33,0.91,37.9,-64.5,267.5,0.0,0.243,2.45,0.0,9.477,0.0,5.395,0.089,5.76,-0.31,0.02
EGS31125,F356W,2.06,10.33,1.164,38.7,-68.7,228.1,0.4,0.182,2.422,0.0,9.855,0.0,5.429,0.125,9.77,-0.5,0.0
EGS31125,F356W,2.06,10.33,1.164,36.5,-67.2,254.8,0.0,0.247,2.495,0.0,8.517,0.146,6.285,0.138,8.48,-0.5,0.0
EGS31125,F410M,2.06,10.33,1.337,38.8,-75.8,259.0,0.4,0.224,1.964,0.0,9.08,0.0,4.05,0.064,6.06,-0.5,0.0
EGS31125,F410M,2.06,10.33,1.337,36.0,-59.6,166.2,1.4,0.19,1.581,0.06,7.971,0.155,4.796,0.096,7.54,-0.42,0.02
EGS31125,F444W,2.06,10.33,1.445,39.3,-70.3,251.1,0.0,0.196,1.785,0.0,10.734,0.0,4.564,0.057,7.31,-0.5,0.0
EGS31125,F444W,2.06,10.33,1.445,36.9,-60.9,231.1,0.0,0.214,1.681,0.078,9.065,0.184,6.935,0.181,10.13,-0.5,0.0
EGS23205,F200W,2.136,10.44,0.635,6.5,-42.0,202.3,0.4,0.17,3.519,0.039,7.567,0.0,4.077,0.042,4.91,-0.38,0.01
EGS23205,F200W,2.136,10.44,0.635,9.8,1.3,208.4,2.1,0.162,1.436,0.021,7.906,0.119,19.609,1.744,6.08,-0.14,0.01
EGS23205,F277W,2.136,10.44,0.888,9.3,-21.2,180.3,1.7,0.134,3.125,0.021,7.509,0.0,4.295,0.051,2.9,-0.4,0.0
EGS23205,F277W,2.136,10.44,0.888,11.3,7.8,202.9,2.4,0.121,1.933,0.026,7.818,0.0,29.956,3.584,4.99,0.18,0.03
EGS23205,F356W,2.136,10.44,1.136,8.3,20.2,181.8,1.0,0.128,2.874,0.026,8.541,0.169,4.59,0.072,1.9,-0.43,0.01
EGS23205,F356W,2.136,10.44,1.136,11.3,-9.4,194.0,1.1,0.113,1.696,0.026,7.581,0.0,21.235,2.473,5.14,0.11,0.03
EGS23205,F410M,2.136,10.44,1.305,6.0,18.6,178.2,0.9,0.128,2.81,0.036,7.211,0.0,3.889,0.059,1.26,-0.4,0.01
EGS23205,F410M,2.136,10.44,1.305,11.2,-12.3,192.6,2.1,0.113,1.623,0.03,8.062,0.097,14.484,1.45,3.73,0.12,0.04
EGS23205,F444W,2.136,10.44,1.41,7.2,16.7,179.0,0.6,0.13,2.901,0.042,7.551,0.135,4.438,0.077,1.3,-0.4,0.01
EGS23205,F444W,2.136,10.44,1.41,11.2,-21.2,190.1,2.6,0.112,1.816,0.036,7.731,0.119,21.404,3.21,3.42,0.23,0.04
EGS24268,F200W,2.305,10.67,0.602,39.5,-82.6,195.0,4.8,0.133,1.27,0.033,10.212,0.0,1.016,0.023,2.36,0.5,0.0
EGS24268,F200W,2.305,10.67,0.602,31.4,10.1,144.9,1.7,0.11,2.288,0.0,7.305,0.166,3.297,0.109,0.79,-0.25,0.0
EGS24268,F277W,2.305,10.67,0.843,29.9,-68.9,190.0,4.9,0.115,1.85,0.048,5.946,0.0,0.748,0.014,3.83,-0.02,0.06
EGS24268,F277W,2.305,10.67,0.843,25.2,-13.0,175.2,1.0,0.097,2.352,0.0,4.992,0.0,3.163,0.059,1.3,-0.25,0.0
EGS24268,F356W,2.305,10.67,1.078,38.6,41.8,135.2,4.5,0.101,1.812,0.0,5.765,0.0,0.611,0.03,4.57,0.41,0.03
EGS24268,F356W,2.305,10.67,1.078,30.4,10.3,161.6,2.2,0.085,2.001,0.0,6.186,0.157,2.814,0.058,1.49,0.12,0.08
EGS24268,F410M,2.305,10.67,1.238,25.0,-63.7,191.8,1.1,0.094,1.789,0.0,6.286,0.0,1.561,0.025,6.06,-0.5,0.0
EGS24268,F410M,2.305,10.67,1.238,37.4,-73.7,160.6,8.2,0.086,1.346,0.176,5.874,0.388,4.811,0.398,2.69,0.23,0.15
EGS24268,F444W,2.305,10.67,1.338,42.2,73.9,131.1,1.2,0.086,1.727,0.0,10.135,0.0,0.599,0.037,4.88,0.23,0.12
EGS24268,F444W,2.305,10.67,1.338,25.1,4.7,168.3,2.9,0.071,2.113,0.0,5.199,0.0,2.955,0.068,0.86,-0.25,0.0
EGS30172,F150W,3.29,11.56,0.35,7.8,0.6,49.2,5.0,0.069,0.763,0.042,2.252,0.104,7.329,0.0,1.0,0.0,0.0
EGS30172,F150W,3.29,11.56,0.35,23.8,-61.7,89.8,1.8,0.127,0.804,0.0,3.55,0.081,1.002,0.05,1.0,0.0,0.0
EGS30172,F200W,3.29,11.56,0.464,16.3,-62.2,50.1,2.3,0.062,0.807,0.0,2.472,0.106,0.564,0.07,1.0,0.0,0.0
EGS30172,F200W,3.29,11.56,0.464,32.3,-61.0,83.6,3.5,0.104,0.711,0.0,4.171,0.104,1.41,0.072,1.0,0.0,0.0
EGS30172,F277W,3.29,11.56,0.649,-1.1,-63.2,44.8,6.7,0.061,1.116,0.045,1.859,0.081,3.175,6.76,1.0,0.0,0.0
EGS30172,F277W,3.29,11.56,0.649,32.0,-34.9,77.4,1.6,0.115,1.182,0.0,3.978,0.084,1.359,0.062,1.0,0.0,0.0
EGS21378,F150W,3.301,11.57,0.349,6.8,1.5,263.5,3.7,0.317,1.773,0.063,5.722,0.254,7.958,3.656,1.0,0.0,0.0
EGS21378,F200W,3.301,11.57,0.463,8.1,-1.7,364.4,1.6,0.322,2.134,0.023,5.817,0.1,25.974,0.0,1.0,0.0,0.0
EGS21378,F277W,3.301,11.57,0.648,6.5,18.6,378.8,0.0,0.272,2.515,0.022,5.956,0.0,24.998,0.0,1.0,0.0,0.0
