Galaxy,Filter,μ (deg),μ std,Δμ (deg),Δμ std,l_ψ (deg),l_ψ std,S/T,w (kpc),w std,r_end (kpc),r_end err,h_s (kpc),h_s std,W_i,W_i std,S,S std,A_sp
g1,F814W,10.8,3.3,-1.6,2.7,415.9,36.3,0.371,1.693,0.248,12.821,0.0,6.955,3.829,1.76,0.66,0.18,0.19,0.257
g2,F814W,23.4,7.1,-17.3,27.7,143.8,46.9,0.11,0.785,0.033,5.031,0.481,1.614,0.023,1.15,0.14,0.06,0.01,0.749
g4,F814W,17.4,4.1,-5.0,9.2,205.3,44.1,0.41,2.555,0.648,16.233,0.0,5.755,4.764,3.94,5.59,-0.05,0.38,0.291
g5,F814W,21.2,3.6,-2.2,0.5,185.6,23.7,0.226,0.996,0.052,7.817,0.0,11.001,8.025,2.1,1.06,-0.1,0.43,0.452
g7,F814W,12.6,3.1,0.3,8.2,173.6,3.1,0.049,2.767,0.344,9.639,0.0,2.542,1.241,7.8,6.67,0.02,0.36,0.318
g8,F814W,15.2,1.5,1.6,1.4,243.8,5.4,0.265,1.567,0.015,9.86,0.0,1.926,0.378,1.09,0.19,0.07,0.19,0.205
g9,F814W,20.9,7.7,-16.1,14.7,200.7,31.4,0.24,2.213,0.608,12.734,0.407,14.397,5.825,4.38,6.86,-0.04,0.24,0.447
g11,F814W,11.0,3.0,-2.5,5.3,314.2,15.2,0.38,3.098,0.051,12.295,0.258,6.232,1.889,1.0,0.0,0.0,0.0,0.338
g12,F814W,15.7,3.9,-9.7,14.8,225.7,30.8,0.259,2.249,0.127,8.278,0.157,4.474,0.765,1.18,0.04,0.25,0.31,0.179
g13,F814W,15.6,3.5,-8.7,11.8,227.9,33.2,0.128,1.341,0.096,16.087,2.367,1.527,0.373,1.58,1.13,0.2,0.24,0.355
g14,F814W,16.3,2.7,-2.4,5.8,331.8,107.9,0.188,1.47,0.294,15.64,0.96,13.688,7.074,4.54,1.28,0.36,0.09,0.602
g15,F814W,8.9,3.8,-13.0,5.8,186.4,35.7,0.151,0.848,0.069,6.679,0.786,2.615,0.07,4.57,4.04,0.33,0.09,0.961
g16,F814W,13.8,5.0,-0.3,0.5,376.6,39.4,0.126,0.91,0.301,10.531,0.169,5.25,0.006,6.4,1.18,0.15,0.19,0.599
g17,F814W,14.2,0.1,-11.8,4.1,204.0,4.0,0.186,2.305,0.696,8.582,0.0,3.341,0.282,4.12,2.62,-0.24,0.16,0.349
g18,F814W,14.0,4.5,-7.9,3.1,246.8,20.7,0.272,2.957,0.885,12.172,0.328,4.017,1.034,6.28,6.05,0.25,0.07,0.571
g19,F814W,15.8,0.7,-4.5,2.2,392.6,25.2,0.26,2.942,0.149,15.587,0.144,5.945,0.572,0.66,0.2,0.28,0.3,0.255
g20,F814W,23.8,1.9,-15.4,28.8,145.4,57.8,0.147,1.394,0.289,11.926,0.252,19.588,14.437,4.97,2.19,0.14,0.27,0.727
g21,F814W,19.5,4.5,-30.6,2.4,176.5,40.6,0.137,1.529,0.084,8.292,0.381,2.972,0.416,4.01,1.31,-0.22,0.21,0.751
g22,F814W,14.6,7.3,-1.4,13.0,250.6,105.6,0.281,1.92,0.717,12.273,0.32,11.714,7.464,4.6,2.72,0.04,0.17,0.303
g23,F814W,15.1,1.4,1.0,0.4,158.8,36.3,0.148,1.633,0.431,11.344,0.616,2.536,0.362,0.59,0.2,0.46,0.04,0.937
g26,F814W,14.5,2.2,-0.2,0.4,441.2,110.7,0.343,1.729,0.253,10.474,0.044,3.417,0.39,1.93,0.28,-0.29,0.04,0.512
g27,F814W,6.8,2.3,-5.7,15.2,155.5,18.8,0.083,2.083,0.013,7.264,0.0,9.804,7.605,0.79,0.25,-0.25,0.25,0.575
g29,F814W,16.9,1.9,-5.7,11.2,213.0,40.7,0.352,2.1,1.192,13.348,0.0,16.255,8.043,3.38,2.94,-0.16,0.14,0.721
g31,F814W,12.3,2.9,-6.6,6.6,273.5,15.7,0.174,1.203,0.0,5.212,0.0,1.043,0.565,4.51,2.94,0.38,0.1,0.303
g32,F814W,15.6,4.5,-18.3,4.6,187.4,32.4,0.247,1.403,0.288,6.984,0.127,1.645,0.795,1.11,0.41,-0.14,0.24,0.407
g35,F814W,16.0,10.1,6.2,3.8,207.5,24.8,0.254,2.444,0.208,12.737,0.308,37.488,1.39,1.42,0.82,0.29,0.24,0.393
g36,F814W,13.9,1.2,-4.0,4.8,303.1,9.5,0.311,3.035,0.494,11.965,0.153,2.758,0.445,7.54,4.93,-0.28,0.26,0.338
g37,F814W,10.2,3.6,-1.9,8.7,226.8,48.9,0.265,2.687,0.162,6.881,0.769,18.51,13.263,1.07,0.73,0.17,0.38,0.222
g38,F814W,19.4,0.5,-10.7,3.9,249.3,56.1,0.371,1.513,0.315,5.982,0.139,13.734,9.678,5.77,4.37,-0.02,0.32,0.428
g39,F814W,13.0,2.9,-6.4,3.1,284.0,40.2,0.332,1.566,0.247,4.854,0.0,11.105,8.041,4.37,2.76,-0.21,0.09,0.221
g43,F814W,19.5,9.6,-23.2,9.1,160.6,28.6,0.24,2.262,0.768,10.689,0.21,4.979,1.654,1.76,1.0,-0.07,0.19,0.424
g44,F814W,12.7,1.3,-8.3,5.1,274.5,25.4,0.282,3.973,0.674,16.77,0.414,7.878,0.884,2.18,1.04,-0.07,0.17,0.259
g46,F814W,18.8,6.9,0.1,5.1,302.5,27.2,0.128,1.826,0.46,10.729,0.0,18.775,10.44,1.29,0.75,0.01,0.12,0.377
g47,F814W,3.2,0.2,-2.0,5.4,346.3,16.9,0.165,2.36,0.681,6.201,0.0,1.722,0.987,2.33,0.14,0.33,0.25,0.532
g49,F814W,20.1,5.7,-0.9,3.5,270.1,78.2,0.308,1.411,0.512,7.96,0.0,4.178,2.047,5.69,6.95,0.25,0.31,0.468
g50,F814W,15.8,5.6,2.0,11.2,150.1,58.4,0.174,2.025,0.328,16.082,0.942,4.033,0.183,2.09,0.85,0.05,0.06,0.618
g51,F814W,17.2,2.6,-6.2,0.6,191.4,30.4,0.21,1.548,0.082,8.907,0.32,6.304,3.036,2.32,1.16,0.13,0.27,0.679
g53,F814W,14.3,4.7,3.3,5.6,335.9,110.8,0.451,3.212,0.281,16.314,0.153,3.247,0.75,4.38,3.06,-0.25,0.3,0.161
g56,F814W,30.1,12.7,12.7,9.9,111.0,10.3,0.073,1.032,0.434,3.978,0.0,0.859,0.088,5.79,3.64,-0.01,0.04,0.599
g57,F814W,14.0,4.1,-3.3,5.9,207.3,67.5,0.361,2.04,0.27,17.768,0.0,10.078,6.382,3.36,1.77,-0.03,0.26,0.381
g59,F814W,9.6,0.6,0.9,0.7,399.5,26.4,0.41,3.132,0.0,7.914,0.143,3.973,0.68,0.58,0.08,-0.45,0.04,0.169
g60,F814W,9.9,5.6,-7.2,8.7,311.4,119.4,0.231,2.252,0.448,12.136,0.364,13.701,6.864,3.3,2.02,-0.31,0.09,0.444
g62,F814W,14.5,3.2,-1.5,5.4,226.7,75.6,0.388,2.463,0.377,10.877,0.0,2.176,0.307,3.69,4.4,-0.14,0.24,0.453
g63,F814W,13.6,5.5,-10.4,1.9,252.4,61.4,0.283,4.453,0.0,17.183,0.0,3.572,0.239,2.23,0.51,-0.46,0.04,0.387
g64,F814W,2.8,0.7,-0.0,6.3,208.9,23.2,0.315,2.109,0.3,5.209,0.091,3.932,3.601,1.69,0.34,-0.04,0.01,0.164
g65,F814W,16.6,3.5,-2.9,12.4,235.1,43.5,0.23,1.346,0.529,17.57,0.0,15.414,2.034,3.18,2.35,0.39,0.17,0.487
g66,F814W,18.7,7.6,3.1,24.6,338.3,129.4,0.417,2.787,0.875,22.84,0.0,32.869,7.697,3.05,1.54,-0.19,0.35,0.399
g68,F814W,18.0,5.1,-14.9,4.5,211.0,2.3,0.19,3.411,0.0,10.114,0.5,2.978,0.132,0.64,0.0,-0.0,0.44,0.275
g69,F814W,15.4,3.4,-3.7,10.4,242.9,73.0,0.24,1.965,0.693,25.209,0.0,8.075,3.31,6.7,3.39,0.11,0.31,0.637
g71,F814W,13.0,2.2,-24.5,2.3,248.3,7.8,0.308,3.306,0.133,10.293,0.694,6.888,3.196,1.0,0.0,0.0,0.0,0.337
g73,F814W,14.6,7.1,-22.5,9.6,185.7,14.8,0.299,3.901,0.701,12.064,0.298,4.658,1.066,0.5,0.21,-0.5,0.0,0.599
g74,F814W,17.8,3.2,-8.5,8.1,236.1,44.5,0.277,1.874,0.5,17.796,0.271,36.072,22.913,2.15,0.7,0.26,0.19,0.622
g75,F814W,15.1,4.1,0.0,1.5,352.5,7.2,0.369,2.248,0.79,10.016,0.0,26.823,5.636,2.22,1.22,-0.0,0.5,0.305
g76,F814W,12.7,5.7,0.0,10.2,235.6,45.9,0.541,3.159,0.797,13.642,0.0,10.657,8.038,2.19,0.98,0.32,0.05,0.158
g77,F814W,16.4,1.8,-6.3,6.0,213.0,17.7,0.181,1.306,0.038,6.317,0.254,6.995,4.151,1.0,0.0,0.0,0.0,0.46
g79,F814W,13.3,0.0,-26.1,0.8,181.5,0.5,0.209,3.073,0.55,8.552,0.193,2.531,0.269,0.6,0.08,-0.35,0.12,0.17
g81,F814W,19.3,4.8,-6.5,2.7,336.5,40.4,0.409,2.329,0.51,12.841,0.713,6.208,3.039,1.0,0.0,-0.34,0.18,0.499
g82,F814W,5.7,0.6,3.3,4.9,165.5,23.4,0.038,2.218,0.259,12.841,0.0,4.313,1.453,1.4,1.12,-0.07,0.48,0.555
g84,F814W,24.2,0.9,-10.4,4.8,240.7,1.8,0.328,1.275,0.085,5.65,0.0,12.186,1.458,1.97,0.39,0.22,0.13,0.14
g85,F814W,16.0,4.4,1.9,2.6,204.7,62.3,0.311,1.906,0.706,9.768,0.0,8.58,9.015,5.87,4.67,0.11,0.23,0.318
g87,F814W,9.1,10.8,2.6,8.2,286.9,103.3,0.244,2.237,0.703,10.553,0.169,13.389,2.161,2.21,0.63,0.01,0.03,0.358
g89,F814W,15.7,0.2,4.8,0.4,315.2,13.1,0.359,3.434,0.868,9.82,0.227,30.593,1.436,0.71,0.0,-0.5,0.0,0.317
g93,F814W,10.0,2.1,-2.7,0.4,338.9,27.4,0.241,1.622,0.505,12.239,0.2,10.556,7.745,3.01,1.19,-0.19,0.07,0.565
g95,F814W,15.2,6.0,-27.0,23.0,158.8,54.7,0.256,1.801,0.137,7.666,0.112,4.867,1.219,1.31,0.35,-0.08,0.16,0.517
g96,F814W,11.6,4.6,-6.2,8.9,231.4,80.1,0.29,3.551,0.827,14.563,0.102,19.368,21.116,3.03,3.67,-0.07,0.2,0.169
g98,F814W,12.5,5.6,4.7,24.4,374.4,92.8,0.204,2.034,0.125,9.375,0.571,6.376,2.261,1.08,0.35,-0.18,0.29,0.314
g99,F814W,23.3,1.2,-14.5,15.7,194.2,8.1,0.269,2.269,0.427,13.893,0.0,23.683,16.735,0.85,0.27,-0.2,0.25,0.518
g100,F814W,10.1,0.8,-3.7,3.7,385.7,8.3,0.342,1.815,0.348,6.006,0.123,10.968,1.666,3.5,1.6,-0.22,0.27,0.375
g102,F814W,8.9,4.0,-4.5,5.9,268.1,31.7,0.208,3.212,0.0,11.424,0.0,17.202,12.963,1.0,0.0,0.0,0.0,0.238
g103,F814W,15.4,3.4,-11.8,4.0,221.1,50.0,0.361,3.133,0.851,10.975,0.189,5.653,3.485,2.32,1.15,-0.12,0.07,0.306
g104,F814W,21.3,1.3,-9.5,4.7,289.6,38.4,0.592,1.676,0.294,8.795,0.109,6.307,3.395,2.77,2.51,0.07,0.27,0.424
g107,F814W,22.1,11.3,-10.0,21.3,110.9,24.9,0.159,0.745,0.225,2.778,0.119,1.305,0.061,1.92,2.92,0.32,0.25,0.442
g108,F814W,5.2,2.1,-10.4,11.8,389.9,133.6,0.11,3.028,0.549,11.162,0.0,6.241,1.43,0.83,0.26,-0.38,0.07,0.474
g111,F814W,12.7,0.6,-1.4,3.4,297.8,26.9,0.217,1.889,0.185,13.109,0.919,3.524,0.129,3.13,2.38,0.12,0.01,0.454
g112,F814W,25.7,10.9,-14.7,11.8,227.2,80.1,0.22,3.078,0.657,14.626,0.0,18.895,15.482,1.0,0.0,0.0,0.0,0.497
g113,F814W,12.2,0.0,7.6,0.0,199.3,0.0,0.172,3.393,0.0,11.748,0.191,2.529,0.0,2.47,0.0,0.5,0.0,1.0
g114,F814W,20.9,2.0,-8.1,4.4,233.5,3.9,0.412,2.499,0.011,15.227,0.322,2.729,0.146,0.78,0.27,-0.41,0.09,0.153
g116,F814W,16.2,9.8,-12.9,8.5,190.9,34.1,0.122,2.093,0.081,9.763,0.0,2.159,0.578,3.62,2.18,-0.22,0.24,0.495
g118,F814W,12.5,2.3,-2.5,4.7,322.2,70.6,0.339,1.148,0.379,8.188,0.0,2.278,1.688,2.74,1.09,0.02,0.22,0.301
g119,F814W,15.9,0.5,-18.6,8.1,226.1,8.9,0.41,2.974,0.213,12.941,0.247,3.405,0.204,3.48,1.32,-0.12,0.34,0.62
g120,F814W,18.8,4.0,-14.5,8.6,208.9,33.8,0.419,2.414,0.633,12.418,0.0,4.789,3.125,7.54,7.91,-0.45,0.04,0.47
g121,F814W,25.6,5.7,-5.2,11.0,157.8,53.0,0.247,1.447,0.621,14.516,0.568,12.71,2.488,8.28,6.94,0.21,0.33,0.593
g123,F814W,16.4,6.6,-14.5,17.5,227.5,10.9,0.106,1.357,0.292,5.278,0.0,6.267,4.108,2.23,0.33,0.37,0.12,0.317
g124,F814W,18.3,6.0,-9.8,5.5,227.6,31.4,0.288,1.995,0.248,8.72,0.16,4.282,0.733,0.95,0.05,-0.06,0.38,0.45
g125,F814W,25.6,4.1,-18.6,26.1,170.3,53.3,0.34,0.913,0.165,5.066,0.139,1.767,0.919,2.58,1.59,-0.13,0.29,0.339
g128,F814W,14.3,0.1,-11.8,5.3,225.6,11.5,0.405,2.383,0.895,14.949,0.182,6.598,2.68,2.23,1.58,0.18,0.07,0.534
g130,F814W,12.0,1.4,-16.9,3.0,234.0,19.8,0.263,2.27,0.129,6.4,0.0,1.977,0.459,1.0,0.0,0.0,0.0,0.247
g131,F814W,19.4,2.8,6.5,1.1,267.7,8.1,0.229,1.494,0.109,9.257,0.0,3.309,0.425,2.98,0.81,0.18,0.17,0.358
g132,F814W,16.4,1.1,-55.5,0.8,114.4,7.2,0.183,1.616,0.0,3.292,0.067,0.822,0.01,0.65,0.01,-0.22,0.11,0.109
g134,F814W,21.0,9.0,11.5,9.9,224.9,31.5,0.237,1.141,0.175,19.766,0.0,16.433,6.741,4.88,2.63,0.07,0.31,0.502
g135,F814W,13.3,3.8,-4.6,6.3,274.9,44.6,0.309,1.921,0.349,13.252,0.0,5.38,1.382,2.76,0.25,0.03,0.47,0.444
g136,F814W,21.5,2.9,-6.5,0.7,169.3,42.2,0.165,0.801,0.05,5.776,0.583,11.928,8.65,4.46,1.0,-0.25,0.11,0.55
g137,F814W,6.6,6.5,-4.3,5.8,274.4,73.7,0.191,2.026,0.483,11.585,0.321,9.093,8.656,0.9,0.96,0.07,0.29,0.638
g138,F814W,14.5,2.2,-13.4,8.4,297.4,25.7,0.298,5.161,0.046,17.514,0.618,37.659,23.297,1.0,0.0,0.0,0.0,0.231
g139,F814W,15.7,4.0,0.2,7.4,329.8,62.3,0.424,1.634,0.245,9.295,0.111,24.953,5.511,1.0,0.0,0.0,0.0,0.245
g141,F814W,10.7,1.1,-4.1,6.7,270.2,39.1,0.241,1.3,0.006,8.574,0.227,6.238,4.7,11.06,9.69,-0.24,0.24,0.62
g143,F814W,18.4,5.4,-21.7,4.3,214.1,26.8,0.223,2.448,0.0,8.103,0.0,2.786,0.611,1.52,0.66,-0.21,0.26,0.276
g144,F814W,18.2,2.5,13.2,3.7,192.2,12.3,0.166,1.65,0.035,15.529,0.0,4.37,0.645,11.37,9.41,0.18,0.29,0.783
g145,F814W,10.8,7.3,7.9,5.1,277.6,62.5,0.319,2.311,0.806,17.392,0.541,11.478,9.789,9.29,8.71,0.03,0.46,0.307
g146,F814W,21.4,0.3,-4.7,5.9,236.3,11.8,0.276,1.127,0.146,5.395,0.0,4.518,0.423,1.5,0.02,0.44,0.07,0.335
g147,F814W,7.4,0.8,0.6,3.3,354.8,6.0,0.085,2.536,0.663,6.541,0.025,7.904,2.2,1.03,0.35,0.25,0.37,0.252
g148,F814W,6.6,1.4,4.6,6.5,401.9,191.4,0.152,1.738,0.182,13.524,0.323,17.922,16.102,1.51,0.14,0.09,0.47,0.503
g152,F814W,13.8,2.1,-11.3,5.3,307.0,24.9,0.285,4.129,0.514,12.592,0.0,15.084,12.03,1.0,0.0,0.0,0.0,0.396
g153,F814W,17.2,0.8,-0.3,4.2,284.7,4.4,0.35,3.096,0.416,20.763,0.177,6.621,0.793,0.79,0.15,-0.29,0.19,0.2
g154,F814W,19.9,4.0,-6.5,0.9,193.5,29.3,0.255,2.154,0.188,11.395,0.222,6.666,4.08,1.65,1.21,-0.08,0.43,0.338
g156,F814W,13.1,1.0,-9.3,2.2,239.9,51.4,0.216,4.804,1.505,13.871,0.086,38.596,29.497,1.26,0.4,-0.21,0.05,0.348
g157,F814W,9.0,5.7,2.5,7.7,291.3,28.8,0.338,1.605,0.236,6.332,0.514,1.892,1.11,4.56,2.99,-0.18,0.16,0.426
g160,F814W,13.6,1.3,1.9,0.1,465.3,62.8,0.31,1.712,0.126,11.875,0.24,6.552,0.946,5.73,0.99,0.05,0.17,0.181
g161,F814W,17.1,2.4,-10.9,6.9,261.7,44.9,0.258,2.106,0.159,7.317,0.0,2.853,1.425,1.26,0.85,-0.49,0.01,0.324
g163,F814W,12.1,3.6,-14.3,0.6,200.0,0.7,0.197,4.598,0.878,15.99,0.307,3.787,0.791,1.28,0.6,-0.37,0.07,0.241
g164,F814W,14.4,2.4,-4.6,4.3,279.6,75.5,0.341,2.52,0.491,11.985,0.496,3.609,4.058,2.38,0.82,-0.19,0.27,0.349
g166,F814W,13.8,2.7,-0.8,5.2,332.6,119.5,0.445,2.776,0.39,17.984,0.728,3.659,0.825,2.78,2.3,-0.38,0.2,0.255
g167,F814W,14.1,1.0,-4.5,11.2,312.0,102.1,0.401,2.183,0.342,12.997,0.0,10.375,9.507,1.97,0.93,0.17,0.14,0.362
g168,F814W,12.5,1.0,-5.4,6.2,255.7,37.7,0.271,2.03,0.115,10.646,0.391,12.78,3.374,0.71,0.42,-0.05,0.37,0.421
g170,F814W,25.2,12.6,-24.4,21.7,223.6,55.8,0.486,3.45,1.024,19.067,0.0,22.972,19.27,1.39,0.95,-0.04,0.28,0.428
g171,F814W,21.3,5.0,-8.1,9.4,193.4,52.2,0.366,2.179,0.917,15.66,0.284,7.06,2.958,3.04,5.06,-0.12,0.2,0.407
g172,F814W,10.8,1.5,-2.1,4.4,281.7,83.7,0.302,1.129,0.337,7.476,0.159,2.335,0.339,5.59,2.21,0.04,0.12,0.619
g173,F814W,8.7,12.8,-0.9,1.8,191.0,42.6,0.132,1.338,0.102,6.705,0.0,1.988,0.09,3.77,4.6,-0.05,0.0,0.59
g174,F814W,16.3,3.7,1.4,0.3,325.5,8.4,0.312,2.449,0.112,15.948,0.0,11.69,4.404,0.69,0.09,-0.08,0.48,0.415
g175,F814W,19.6,6.5,-11.1,19.0,165.3,32.8,0.354,2.635,1.087,16.541,0.409,6.849,3.718,0.88,0.38,-0.21,0.24,0.611
g177,F814W,20.7,3.9,-0.7,9.3,239.8,55.9,0.463,3.444,0.819,22.484,0.287,5.913,2.08,1.96,1.43,-0.07,0.22,0.302
g178,F814W,19.0,1.7,0.0,2.9,322.3,78.9,0.338,1.468,0.42,8.054,0.29,4.567,1.132,5.83,1.84,0.27,0.06,0.408
g179,F814W,18.8,7.3,-9.1,14.2,174.3,14.6,0.068,2.031,0.347,14.069,0.0,45.515,3.221,6.66,0.71,0.06,0.15,0.714
g180,F814W,15.4,1.8,-27.2,10.7,206.0,19.9,0.208,2.267,0.547,7.693,0.118,2.79,0.673,0.48,0.12,-0.4,0.1,0.353
g181,F814W,19.9,3.6,-16.0,1.5,328.4,95.2,0.56,2.036,0.008,8.282,0.378,4.123,3.201,0.43,0.06,-0.02,0.44,0.258
g182,F814W,16.7,4.2,1.1,1.6,195.9,11.9,0.424,2.94,0.07,10.809,0.586,3.119,0.178,3.49,2.27,-0.43,0.06,0.351
EGS10221,F115W,11.1,3.8,-50.3,31.6,95.4,13.1,0.427,1.892,0.096,9.933,0.0,2.096,0.107,0.46,0.13,0.24,0.26,0.563
EGS10221,F150W,18.0,2.4,-21.2,14.1,115.0,13.6,0.372,1.695,0.018,8.783,0.461,2.672,0.105,0.95,0.68,-0.0,0.43,0.554
EGS10221,F200W,16.7,6.6,0.1,12.1,127.7,9.1,0.269,1.593,0.011,10.837,0.0,2.14,0.404,0.92,0.63,0.29,0.01,0.51
EGS13670,F115W,19.4,10.5,-0.1,13.9,141.2,23.9,0.471,1.581,0.178,11.151,0.438,7.851,2.539,0.66,0.3,-0.1,0.28,0.832
EGS13670,F150W,21.4,9.1,-3.7,11.8,151.7,28.3,0.416,1.676,0.343,11.227,0.385,5.935,1.675,0.61,0.45,-0.12,0.29,0.838
EGS13670,F200W,21.7,9.7,-0.8,8.7,161.5,30.4,0.378,1.957,0.336,12.162,0.682,3.337,0.634,0.82,0.86,-0.25,0.26,0.809
EGS13670,F277W,17.1,2.8,4.6,26.4,189.5,19.6,0.415,2.123,0.068,14.272,1.283,2.255,0.852,1.48,1.81,-0.16,0.11,0.72
EGS13670,F356W,16.4,1.5,5.9,21.5,195.0,19.3,0.404,2.015,0.363,12.88,0.578,2.85,1.288,0.77,0.51,0.2,0.11,0.723
EGS13670,F410M,14.2,3.5,3.1,23.5,193.2,24.4,0.426,2.135,0.082,13.243,0.617,3.741,3.635,1.45,1.71,-0.21,0.12,0.706
EGS13670,F444W,16.9,2.0,3.9,26.5,186.9,17.6,0.416,2.056,0.174,12.951,0.601,2.203,0.753,1.71,2.15,-0.09,0.09,0.724
EGS14565,F115W,16.1,1.7,-1.8,7.7,270.3,98.3,0.49,1.873,0.464,12.74,0.367,9.875,0.023,1.27,0.68,0.34,0.16,0.638
EGS14565,F150W,17.9,5.1,-1.2,9.8,294.9,83.4,0.433,1.843,0.412,14.014,0.0,13.387,4.298,1.22,0.72,0.31,0.23,0.622
EGS14565,F200W,17.1,3.8,-3.9,11.8,250.3,58.7,0.364,1.886,0.351,14.791,0.0,14.959,12.067,1.59,1.03,-0.07,0.43,0.739
EGS14565,F277W,19.4,4.3,-2.8,11.4,294.2,73.0,0.403,2.575,0.171,14.258,0.219,9.59,4.03,1.85,1.22,-0.05,0.23,0.602
EGS14565,F410M,19.0,6.2,-7.0,10.4,251.0,60.5,0.33,2.227,0.318,14.769,0.363,11.72,9.07,1.0,0.49,0.18,0.31,0.701
EGS14565,F444W,19.9,4.3,-3.0,8.5,260.5,57.9,0.328,2.391,0.251,14.984,0.0,5.243,2.404,1.07,0.44,0.06,0.2,0.666
EGS21378,F150W,12.0,0.0,1.5,0.0,269.3,0.0,0.379,1.476,0.0,6.213,0.481,16.342,0.0,0.74,0.0,0.5,0.0,0.642
EGS21378,F200W,9.2,0.0,0.7,0.0,278.7,0.0,0.227,1.547,0.0,5.218,0.11,25.974,0.0,0.78,0.0,0.5,0.0,0.563
EGS21378,F277W,13.6,0.0,-6.7,0.0,303.4,0.0,0.202,2.146,0.0,3.573,0.0,1.548,0.0,0.42,0.0,0.5,0.0,0.6
EGS21891,F115W,18.4,11.3,22.8,27.1,144.1,47.4,0.382,1.656,0.891,9.357,0.159,6.752,2.601,6.52,7.05,-0.04,0.15,0.549
EGS21891,F150W,23.7,7.2,23.2,29.1,123.6,39.4,0.305,1.351,0.586,10.028,0.201,4.831,1.366,10.04,7.14,0.02,0.32,0.62
EGS21891,F200W,21.2,7.2,17.5,15.9,146.4,43.7,0.371,1.507,0.537,8.552,0.132,6.528,2.957,8.04,5.0,-0.04,0.33,0.52
EGS21891,F277W,19.0,6.2,12.7,10.4,164.5,46.3,0.457,1.948,0.718,10.624,0.836,8.355,4.911,7.51,5.37,-0.07,0.23,0.384
EGS21891,F356W,18.2,11.3,12.3,14.7,153.3,42.3,0.382,1.845,0.543,9.481,0.162,7.493,2.859,7.93,5.59,-0.16,0.15,0.441
EGS21891,F410M,15.4,14.6,18.4,21.6,155.1,53.4,0.363,1.327,0.586,8.652,0.317,3.737,1.457,6.12,4.13,0.03,0.33,0.538
EGS21891,F444W,16.2,14.4,21.7,25.8,148.4,44.4,0.36,1.475,0.639,9.953,0.287,3.576,1.82,5.3,4.87,0.12,0.4,0.521
EGS22339,F115W,14.2,4.8,-4.7,2.0,314.5,113.7,0.301,2.506,0.628,14.076,0.25,29.357,16.471,7.16,6.44,0.0,0.0,0.681
EGS22339,F150W,14.7,5.2,-3.8,3.1,320.3,129.8,0.323,3.355,0.784,15.205,0.252,33.562,6.494,3.9,3.43,0.0,0.0,0.592
EGS22339,F200W,12.2,6.8,-3.5,1.2,278.9,105.9,0.253,3.279,0.529,13.745,0.225,38.323,0.0,3.09,2.23,0.0,0.0,0.615
EGS22339,F277W,15.5,4.6,-3.1,1.9,294.2,137.8,0.186,3.487,0.107,14.436,0.241,25.731,11.087,1.04,0.2,0.0,0.0,0.659
EGS22339,F356W,12.6,2.7,-4.3,0.3,294.2,138.1,0.184,3.327,0.195,11.643,0.0,23.227,11.99,1.59,0.6,0.0,0.0,0.671
EGS22339,F410M,13.4,3.2,-1.3,3.1,295.8,140.0,0.18,3.426,0.0,13.024,0.26,21.554,12.754,1.37,0.34,0.0,0.0,0.673
EGS22339,F444W,14.4,4.2,0.9,5.3,294.7,138.0,0.184,3.472,0.0,14.156,0.287,20.576,14.222,1.17,0.3,0.0,0.0,0.664
EGS22922,F115W,25.1,11.1,-49.6,22.2,169.8,11.2,0.394,1.947,0.982,10.19,0.0,7.076,0.441,3.04,2.84,0.03,0.44,0.754
EGS22922,F150W,23.2,9.4,-52.4,41.5,142.6,25.9,0.405,1.873,0.674,10.088,0.0,21.038,19.782,2.14,2.18,-0.2,0.13,0.716
EGS22922,F200W,23.1,6.8,-48.6,36.5,138.4,21.4,0.386,2.163,0.553,10.075,0.216,20.408,18.094,1.02,0.82,0.13,0.09,0.713
EGS22922,F277W,16.6,2.4,-6.4,2.5,118.0,0.7,0.272,2.982,1.125,9.827,0.185,17.703,18.73,0.88,0.64,0.5,0.0,0.804
EGS22922,F356W,12.9,0.1,6.5,2.0,114.4,6.7,0.263,3.319,1.033,10.119,0.238,17.902,19.793,0.62,0.31,0.46,0.05,0.825
EGS22922,F410M,12.9,5.8,5.7,8.3,124.0,13.3,0.264,2.844,1.209,10.952,0.0,17.107,18.269,0.71,0.42,0.1,0.49,0.872
EGS22922,F444W,35.6,4.0,-33.0,4.6,164.3,6.2,0.406,2.323,0.548,11.056,0.0,17.195,12.822,0.51,0.16,0.23,0.24,0.651
EGS23205,F200W,12.0,1.6,0.6,0.1,208.0,1.7,0.323,2.084,0.971,12.612,0.0,11.998,8.371,6.59,2.48,-0.11,0.11,0.422
EGS23205,F277W,9.7,2.0,5.3,4.7,184.8,3.8,0.324,2.427,0.561,9.932,0.182,18.87,14.604,2.13,0.11,-0.34,0.16,0.417
EGS23205,F356W,10.1,1.0,3.3,6.1,186.1,5.4,0.248,2.201,0.507,9.184,0.157,10.331,5.86,3.72,2.2,-0.17,0.21,0.438
EGS23205,F410M,5.9,2.4,0.7,4.7,181.6,8.6,0.269,2.19,0.502,8.324,0.124,4.113,0.382,1.86,1.02,-0.2,0.24,0.404
EGS23205,F444W,9.6,0.9,0.3,7.3,182.7,7.8,0.254,2.289,0.497,8.634,0.138,8.495,3.62,2.71,1.64,-0.13,0.27,0.429
EGS23259,F115W,30.7,6.6,-37.4,15.3,113.4,14.9,0.383,1.149,0.288,10.902,0.319,22.641,15.513,2.88,0.95,0.19,0.2,0.654
EGS23259,F150W,29.3,6.1,-29.2,16.9,135.2,33.6,0.333,1.51,0.447,12.261,0.594,4.002,1.362,3.6,0.96,0.12,0.26,0.535
EGS23259,F200W,24.2,4.6,-21.1,14.1,157.1,29.8,0.387,2.039,0.373,8.175,0.0,2.773,2.53,7.21,4.35,0.06,0.32,0.479
EGS24154,F115W,20.4,5.4,-5.4,8.5,143.9,18.9,0.225,1.93,0.931,21.56,0.0,3.513,0.851,1.24,0.31,0.41,0.16,0.605
EGS24154,F150W,21.5,4.1,1.0,9.2,176.5,25.3,0.275,2.773,1.364,16.493,0.605,4.089,1.421,4.93,5.62,-0.21,0.44,0.443
EGS24154,F200W,18.9,2.5,4.2,9.7,205.0,30.5,0.304,3.009,1.052,19.224,0.0,5.228,4.561,5.49,6.51,-0.41,0.14,0.371
EGS24154,F277W,18.0,5.9,2.2,7.7,208.2,38.7,0.406,4.073,0.866,22.017,0.0,3.542,2.573,5.28,5.56,-0.45,0.07,0.287
EGS24154,F356W,19.7,6.7,0.5,9.8,199.8,32.7,0.402,3.949,0.76,22.03,0.0,4.586,4.221,5.65,6.05,-0.47,0.08,0.291
EGS24154,F410M,19.0,6.6,-1.0,8.2,205.1,39.9,0.377,3.667,0.753,20.446,1.061,5.285,5.265,4.7,5.03,-0.31,0.26,0.316
EGS24154,F444W,16.1,5.7,-4.7,12.4,217.8,62.7,0.35,2.978,0.713,17.489,0.756,6.744,8.382,1.13,0.61,-0.25,0.19,0.357
EGS24268,F200W,37.2,1.5,-74.2,49.0,163.7,35.9,0.265,1.454,0.312,10.212,0.0,2.112,1.128,1.34,0.79,0.03,0.49,0.659
EGS24268,F277W,38.3,1.4,-64.4,31.6,188.0,7.5,0.249,1.611,0.095,9.806,18.023,1.959,1.089,2.97,0.54,0.03,0.2,0.517
EGS24268,F356W,34.4,9.6,-19.8,21.8,164.2,5.4,0.223,1.595,0.0,9.608,0.0,1.615,0.567,2.16,0.01,-0.06,0.44,0.558
EGS24268,F410M,32.2,1.4,-36.3,11.8,190.8,1.5,0.222,1.391,0.0,6.286,0.0,2.162,0.681,12.88,8.64,-0.3,0.17,0.537
EGS24268,F444W,32.7,0.1,-8.5,12.1,182.7,8.7,0.201,1.635,0.0,10.135,0.0,1.743,0.882,3.13,2.7,-0.33,0.03,0.503
EGS25604,F115W,4.0,0.0,0.9,0.0,310.1,0.0,0.238,1.05,0.0,5.924,0.065,9.603,0.0,2.97,0.0,-0.05,0.0,0.435
EGS25604,F150W,3.5,0.0,1.1,0.0,312.3,0.0,0.233,1.216,0.0,5.721,0.0,29.125,0.0,2.51,0.0,0.18,0.0,0.414
EGS25604,F200W,3.6,0.0,1.2,0.0,314.4,0.0,0.206,1.644,0.0,5.754,0.048,30.362,0.0,2.37,0.0,0.18,0.0,0.382
EGS25604,F277W,5.6,0.0,0.4,0.0,319.1,0.0,0.217,2.073,0.0,5.877,0.0,27.423,0.0,2.1,0.0,0.17,0.0,0.358
EGS25604,F356W,5.6,0.0,0.2,0.0,320.8,0.0,0.223,2.07,0.0,5.835,0.0,26.022,0.0,2.06,0.0,0.21,0.0,0.344
EGS25604,F410M,4.8,0.0,0.7,0.0,324.0,0.0,0.221,2.025,0.0,5.763,0.0,25.567,0.0,2.2,0.0,0.32,0.0,0.332
EGS25604,F444W,5.4,0.0,0.1,0.0,325.1,0.0,0.214,1.949,0.0,5.784,0.051,25.64,0.0,2.17,0.0,0.25,0.0,0.339
EGS25879,F115W,25.5,6.7,-25.0,13.7,169.1,24.3,0.223,1.372,0.395,11.641,0.0,3.915,0.847,3.57,1.83,-0.17,0.35,0.872
EGS25879,F150W,25.8,6.4,-21.2,10.2,180.9,15.5,0.274,2.042,0.29,14.229,0.0,4.301,2.556,9.57,5.0,-0.37,0.1,0.735
EGS25879,F200W,27.2,7.7,-17.6,9.1,216.5,32.9,0.356,2.33,0.958,11.799,0.0,4.053,1.78,7.54,0.96,-0.16,0.16,0.547
EGS25879,F277W,24.7,5.5,-16.2,7.5,197.5,7.5,0.424,3.264,0.194,12.481,0.0,3.507,1.988,8.34,6.74,-0.28,0.36,0.418
EGS25879,F356W,24.5,5.4,-24.5,15.2,198.1,4.9,0.424,3.058,0.508,12.553,0.887,3.508,1.683,7.46,6.43,-0.24,0.32,0.394
EGS25879,F410M,23.9,5.5,-22.5,10.9,193.9,5.2,0.421,3.166,0.516,12.053,0.586,3.531,1.766,8.16,6.57,-0.33,0.35,0.4
EGS25879,F444W,23.3,1.6,-23.2,23.4,184.8,7.3,0.4,3.145,0.517,12.395,0.635,3.706,1.914,8.19,6.13,-0.26,0.34,0.428
EGS26748,F115W,19.0,5.3,-3.5,2.7,324.7,33.1,0.494,2.081,0.133,11.341,0.185,6.334,1.331,2.02,0.31,0.18,0.08,0.551
EGS26748,F150W,18.8,4.8,-4.7,1.8,319.3,33.2,0.431,2.28,0.259,10.967,0.201,7.606,3.244,1.94,0.49,0.16,0.1,0.575
EGS26748,F200W,19.4,4.7,-5.0,1.1,316.8,29.1,0.361,2.239,0.485,10.965,0.158,4.87,1.426,1.68,0.41,0.21,0.05,0.552
EGS26748,F277W,15.0,7.8,-4.2,3.0,323.9,15.1,0.382,2.464,0.202,11.163,0.176,2.39,1.059,5.86,3.82,0.37,0.12,0.61
EGS26748,F356W,17.6,7.0,-3.9,3.0,296.3,33.8,0.355,2.08,0.545,12.049,0.191,3.236,0.213,3.35,2.26,0.35,0.12,0.602
EGS26748,F410M,17.7,8.9,-3.2,2.4,367.9,5.4,0.505,2.389,0.0,11.851,0.0,2.481,1.233,7.22,4.27,0.37,0.12,0.523
EGS26748,F444W,15.3,8.4,-5.1,2.8,321.2,10.9,0.407,2.339,0.029,11.824,0.0,2.347,0.985,5.45,2.21,0.37,0.12,0.583
EGS26831,F200W,23.0,2.9,-58.0,19.3,101.9,4.2,0.185,3.105,1.38,6.037,0.0,2.908,0.915,1.1,0.09,0.16,0.27,0.532
EGS26831,F277W,22.8,2.6,18.8,0.2,121.9,1.9,0.171,2.73,0.798,7.914,0.412,3.247,1.002,2.42,0.13,0.39,0.17,0.579
EGS26831,F356W,25.8,3.1,-5.8,0.5,227.1,15.8,0.235,2.405,0.979,8.483,0.0,5.068,1.114,7.03,7.52,0.13,0.36,0.676
EGS26831,F410M,23.1,3.0,-8.4,0.6,171.3,36.4,0.21,2.524,0.877,8.471,0.0,5.935,4.701,8.17,8.02,0.21,0.43,0.614
EGS26831,F444W,20.9,0.5,6.5,12.1,167.6,26.3,0.208,2.587,0.907,8.914,0.0,4.17,2.8,8.42,7.7,0.2,0.46,0.654
EGS27059,F115W,19.6,4.1,-0.7,3.6,243.6,61.1,0.251,1.141,0.504,16.25,3.812,7.784,4.051,4.03,1.49,0.04,0.3,0.611
EGS27059,F150W,19.4,3.4,2.8,1.7,242.9,57.5,0.215,1.55,0.493,14.515,1.148,9.487,5.051,3.59,3.18,0.04,0.48,0.626
EGS27059,F200W,24.4,8.7,-1.1,7.2,231.1,57.8,0.175,1.679,0.82,11.024,0.0,11.18,5.181,6.05,8.65,0.24,0.21,0.613
EGS27059,F277W,22.7,3.8,-1.5,10.2,200.5,70.9,0.154,1.602,0.503,14.251,0.823,6.162,2.346,6.15,7.94,0.08,0.46,0.539
EGS27059,F356W,21.8,6.6,7.9,1.8,244.7,73.9,0.2,1.954,0.455,18.856,0.0,9.027,4.197,5.56,6.47,0.42,0.1,0.52
EGS27059,F410M,23.9,6.4,4.7,2.4,231.1,58.5,0.222,1.838,0.699,14.329,0.516,5.409,1.969,8.44,7.51,0.12,0.43,0.479
EGS27059,F444W,21.5,6.6,5.6,6.2,249.4,51.1,0.28,2.0,0.436,12.409,0.458,7.239,3.213,4.51,2.59,-0.19,0.24,0.41
EGS27976,F115W,16.7,7.9,-32.0,31.7,145.1,28.0,0.411,2.084,0.383,11.162,0.0,18.554,8.397,2.85,4.89,-0.25,0.16,0.822
EGS27976,F150W,15.8,10.3,-25.3,18.9,143.4,36.3,0.381,2.015,0.262,10.749,0.0,10.005,4.249,2.53,3.47,-0.24,0.26,0.816
EGS27976,F200W,20.0,7.9,-30.5,21.7,168.0,40.6,0.373,2.041,0.316,11.529,0.0,14.815,6.522,2.91,4.7,-0.16,0.16,0.792
EGS27976,F277W,15.0,8.2,-37.3,24.2,136.0,34.8,0.313,1.932,0.2,10.892,0.0,15.384,8.123,1.79,2.91,-0.2,0.08,0.84
EGS27976,F356W,16.6,8.9,-33.8,26.2,144.8,29.1,0.329,1.845,0.168,12.743,0.0,14.487,7.804,2.86,5.01,-0.15,0.13,0.831
EGS27976,F410M,9.8,8.7,-25.6,25.0,122.2,29.8,0.35,2.11,0.223,10.839,0.0,7.792,3.322,2.58,4.41,-0.22,0.1,0.823
EGS27976,F444W,12.8,10.0,-33.0,29.9,139.2,28.5,0.331,1.919,0.245,12.954,0.0,12.225,5.785,2.86,5.2,-0.19,0.13,0.836
EGS30172,F150W,20.3,4.6,-24.3,60.3,76.9,17.4,0.22,0.628,0.082,3.465,0.077,1.275,0.441,1.0,0.0,0.0,0.0,0.973
EGS30172,F200W,26.6,8.6,-78.5,16.2,70.0,15.6,0.184,0.627,0.0,4.222,0.11,1.079,0.294,1.0,0.0,0.0,0.0,0.964
EGS30172,F277W,26.7,7.4,-74.0,41.2,80.7,2.3,0.221,1.037,0.0,3.966,0.086,3.155,2.155,1.0,0.0,0.0,0.0,0.625
EGS30836,F115W,18.7,5.3,-10.5,16.0,222.5,42.8,0.366,1.815,0.314,9.324,0.341,3.471,0.634,4.02,1.82,0.09,0.34,0.634
EGS30836,F150W,19.7,3.7,-1.7,14.2,222.1,38.1,0.354,1.873,0.295,11.782,0.0,3.347,1.207,4.06,2.72,-0.11,0.16,0.601
EGS30836,F200W,20.8,4.3,-2.2,15.0,224.1,44.0,0.324,2.002,0.304,11.612,0.0,2.897,0.901,3.88,2.25,-0.23,0.17,0.565
EGS30836,F277W,21.7,7.2,-2.1,17.2,227.4,51.2,0.342,2.236,0.404,12.137,0.0,2.579,0.862,3.69,1.89,-0.17,0.23,0.523
EGS30836,F356W,23.5,7.5,-8.8,20.2,240.0,61.0,0.34,2.2,0.401,11.511,0.0,2.759,1.003,3.07,1.26,-0.02,0.28,0.538
EGS30836,F410M,23.6,5.7,-2.0,18.5,235.1,57.3,0.342,2.173,0.441,12.24,0.0,3.327,1.385,2.58,1.4,0.05,0.23,0.548
EGS30836,F444W,22.2,6.0,-1.3,18.5,243.9,63.2,0.303,1.981,0.66,12.879,0.0,2.954,0.753,2.74,1.97,0.2,0.3,0.606
EGS31125,F200W,28.3,0.5,-31.3,2.9,168.0,40.4,0.282,1.963,0.783,9.665,0.0,3.34,0.084,1.35,1.41,-0.11,0.15,0.736
EGS31125,F277W,34.4,3.1,-20.8,3.9,213.4,76.7,0.34,2.134,0.0,10.001,0.382,4.908,1.195,5.63,3.38,-0.45,0.02,0.537
EGS31125,F356W,37.0,0.6,-31.2,1.4,243.4,12.9,0.433,2.068,0.0,9.855,0.0,5.746,0.427,7.38,2.47,-0.5,0.0,0.393
EGS31125,F410M,37.2,1.5,-38.9,6.7,218.7,42.9,0.43,1.59,0.092,9.08,0.0,4.136,0.431,7.11,1.17,-0.47,0.03,0.502
EGS31125,F444W,37.8,1.3,-30.4,6.9,241.0,10.0,0.427,1.495,0.025,10.388,0.186,5.194,0.902,8.79,2.69,-0.5,0.0,0.422
EGS31281,F115W,14.4,9.3,-19.6,14.4,181.0,41.9,0.43,1.42,0.239,9.558,0.158,5.963,6.524,0.77,0.3,0.18,0.24,0.348
EGS31281,F150W,16.7,9.1,-13.6,17.6,205.7,41.7,0.335,1.484,0.367,12.368,3.139,3.547,2.194,0.79,0.3,0.03,0.04,0.381
EGS31281,F200W,18.1,9.2,-17.1,19.4,201.1,41.7,0.284,1.42,0.409,11.399,1.44,3.28,0.772,0.82,0.28,0.06,0.09,0.44
EGS31281,F277W,16.7,7.7,-16.2,18.7,203.5,65.7,0.238,1.742,0.595,11.988,0.0,2.6,1.033,0.8,0.3,0.16,0.23,0.335
EGS31281,F356W,15.1,6.7,-16.0,18.2,197.7,63.9,0.209,1.689,0.573,10.219,0.974,2.442,0.708,0.8,0.29,0.16,0.23,0.367
EGS31281,F410M,14.9,7.6,-16.9,17.1,193.1,58.1,0.202,1.658,0.601,9.358,0.251,2.11,0.722,0.81,0.29,0.15,0.23,0.4
EGS31281,F444W,14.7,6.4,-12.4,15.7,221.0,69.5,0.236,1.618,0.601,11.87,0.0,2.053,0.997,0.85,0.23,0.15,0.23,0.384
EGS31720,F115W,9.5,1.4,17.7,1.4,191.1,10.7,0.362,2.431,0.018,8.484,0.18,14.068,9.797,0.65,0.31,-0.5,0.0,0.503
EGS31720,F150W,11.8,2.1,8.0,7.4,188.8,3.2,0.318,2.381,0.0,7.714,0.247,4.029,0.019,0.69,0.32,-0.49,0.01,0.537
EGS31720,F200W,11.9,2.6,17.2,0.3,186.1,7.3,0.331,2.266,0.0,8.267,0.0,6.463,2.415,0.69,0.32,-0.45,0.05,0.513
EGS31720,F277W,13.0,2.7,3.1,14.3,182.1,15.4,0.34,2.05,0.0,5.991,0.125,3.552,0.294,0.68,0.32,-0.16,0.09,0.513
EGS31720,F356W,12.9,1.7,1.5,15.5,178.0,20.7,0.34,1.96,0.0,6.149,0.131,3.483,0.052,0.69,0.32,-0.34,0.08,0.536
EGS31720,F410M,13.8,2.7,14.8,0.2,190.9,22.9,0.376,1.957,0.0,8.484,0.0,6.992,0.751,0.68,0.32,-0.27,0.05,0.495
EGS31720,F444W,14.7,4.2,4.2,12.6,180.6,20.4,0.363,1.941,0.0,6.64,0.194,5.85,0.586,0.68,0.32,-0.41,0.02,0.556
JADES131726,F182M,17.5,2.2,-9.8,5.0,236.4,48.9,0.296,2.31,0.302,8.325,0.185,10.639,7.911,2.22,0.52,0.03,0.23,0.554
JADES131726,F210M,18.6,4.2,-7.7,11.1,235.7,46.2,0.283,2.18,0.28,8.212,0.165,8.406,5.747,2.03,0.6,0.02,0.24,0.542
JADES131726,F444W,19.6,2.9,1.2,9.2,209.9,28.7,0.298,2.416,0.23,8.589,0.109,7.631,1.55,2.3,0.46,-0.01,0.24,0.51
JADES156224,F182M,13.8,0.0,-8.6,5.0,268.8,30.9,0.348,1.757,0.479,5.839,0.084,2.118,0.541,9.14,4.53,-0.06,0.29,0.679
JADES156224,F210M,14.1,0.5,-12.0,5.7,266.3,21.5,0.352,1.73,0.471,4.861,0.119,2.09,0.328,8.17,3.66,-0.08,0.27,0.681
JADES156224,F444W,16.4,1.7,-13.0,6.2,217.5,50.7,0.294,1.223,0.177,4.036,0.124,2.639,0.205,4.69,1.44,0.36,0.07,0.685
JADES158887,F090W,19.4,3.5,-9.4,12.0,196.8,39.6,0.42,1.678,0.689,9.601,0.779,3.467,1.462,3.21,1.48,-0.02,0.24,0.729
JADES158887,F115W,22.4,4.1,-10.6,11.3,230.5,29.9,0.525,1.87,0.405,8.061,0.0,2.923,0.584,2.62,1.51,-0.28,0.19,0.658
JADES158887,F150W,30.5,6.9,-12.0,26.1,187.6,42.2,0.461,1.323,0.166,6.943,0.0,2.994,0.597,4.54,3.3,-0.22,0.18,0.605
JADES158887,F200W,29.8,6.5,-16.4,31.6,191.7,51.2,0.417,1.266,0.157,6.83,0.0,3.025,1.158,6.95,6.24,-0.06,0.05,0.61
JADES158887,F277W,32.6,8.9,-41.1,27.5,179.2,15.7,0.388,1.728,0.156,9.11,0.379,2.76,1.133,1.88,0.2,0.25,0.21,0.618
JADES158887,F335M,33.4,9.1,-38.7,21.9,176.2,18.2,0.388,1.691,0.122,9.929,0.282,2.713,1.102,1.79,0.45,0.24,0.25,0.608
JADES158887,F356W,32.7,9.1,-37.1,22.2,176.2,19.6,0.391,1.67,0.071,9.86,0.348,2.695,1.135,1.78,0.54,0.21,0.28,0.602
JADES158887,F410M,33.1,9.1,-40.3,21.3,174.5,21.6,0.401,1.618,0.082,9.692,0.28,2.704,1.247,1.76,0.67,0.26,0.37,0.609
JADES158887,F444W,32.8,9.4,-38.5,19.7,175.1,20.2,0.404,1.672,0.14,9.847,0.302,2.692,1.257,1.88,1.14,0.2,0.34,0.599
JADES158906,F090W,8.2,7.3,-2.2,14.8,145.0,11.1,0.55,1.664,0.43,5.2,0.152,8.627,10.822,0.85,0.33,0.25,0.17,0.868
JADES158906,F115W,10.6,0.1,-21.1,9.1,162.2,3.2,0.557,2.459,0.006,5.206,0.0,1.299,0.151,1.73,1.7,0.2,0.34,0.621
JADES158906,F150W,7.1,1.3,-9.3,13.7,170.7,0.4,0.478,2.309,0.113,5.18,0.0,1.813,0.057,1.36,1.28,0.26,0.25,0.64
JADES158906,F200W,6.1,1.5,-7.9,8.6,170.9,7.6,0.507,2.153,0.244,5.453,0.0,1.461,0.199,2.14,1.97,-0.17,0.01,0.584
JADES158906,F277W,10.8,0.0,-9.3,6.5,199.6,12.4,0.552,2.331,0.016,5.479,0.0,1.398,0.444,1.32,1.24,0.21,0.24,0.519
JADES158906,F356W,7.9,0.7,-5.8,3.3,210.3,22.5,0.529,2.281,0.034,5.498,0.0,1.307,0.287,1.21,1.01,0.02,0.13,0.501
JADES158906,F410M,9.5,0.7,-6.2,3.0,211.7,17.3,0.579,2.268,0.141,5.538,0.0,1.466,0.428,1.38,0.93,0.16,0.45,0.476
JADES158906,F444W,8.8,1.5,-1.9,5.5,202.0,14.9,0.53,2.205,0.109,5.575,0.0,1.309,0.175,2.06,1.99,0.14,0.21,0.5
JADES159476,F115W,19.9,8.0,-19.4,27.1,230.9,92.9,0.507,1.707,0.872,11.946,0.604,6.132,4.354,10.22,6.46,0.17,0.27,0.63
JADES159476,F150W,19.8,9.1,-14.7,18.4,231.8,92.2,0.445,1.787,0.939,14.915,0.0,5.777,3.245,10.6,6.15,0.13,0.28,0.62
JADES159476,F200W,16.9,8.9,-13.7,16.4,250.4,105.3,0.416,1.928,0.759,13.709,0.474,4.593,2.356,10.05,5.34,0.18,0.32,0.605
JADES159476,F277W,17.7,13.3,-23.7,21.6,247.7,74.5,0.4,1.86,0.574,12.695,0.48,5.728,4.032,9.24,6.94,0.18,0.25,0.586
JADES159476,F356W,18.9,13.2,-27.2,22.7,242.8,73.4,0.418,1.773,0.495,12.091,0.441,5.745,3.996,8.44,5.95,0.04,0.27,0.567
JADES159476,F410M,17.4,11.9,-20.5,24.5,270.1,110.1,0.401,1.713,0.554,12.543,0.496,4.019,1.314,10.63,6.0,0.28,0.26,0.518
JADES159476,F444W,18.0,13.3,-23.8,26.4,254.4,90.8,0.403,1.657,0.502,12.351,0.455,4.101,1.551,9.82,4.93,0.28,0.3,0.534
JADES160443,F150W,9.1,2.2,-43.8,26.9,186.1,87.6,0.238,2.763,1.04,7.277,0.328,3.079,0.975,4.94,4.91,-0.04,0.5,0.838
JADES160443,F200W,12.2,4.3,-37.0,20.0,191.7,69.6,0.186,2.15,0.121,6.217,0.0,1.403,0.262,5.68,2.42,-0.18,0.07,0.69
JADES160443,F277W,15.6,5.3,-24.1,19.0,208.3,54.3,0.214,2.257,0.051,9.632,0.0,1.671,0.546,4.55,3.57,-0.48,0.02,0.504
JADES160443,F356W,16.4,5.7,-15.7,11.2,218.1,41.5,0.224,1.903,0.205,9.234,0.0,1.716,0.685,5.21,4.09,-0.49,0.01,0.478
JADES160443,F410M,17.4,4.9,-9.3,8.1,225.4,42.2,0.222,1.679,0.21,8.936,0.0,1.621,0.75,5.99,2.78,0.02,0.36,0.476
JADES160443,F444W,17.6,4.2,-11.3,9.0,221.7,39.3,0.22,1.77,0.296,9.202,0.0,1.547,0.63,6.94,3.76,-0.02,0.5,0.478
JADES164258,F150W,14.4,3.0,-5.6,4.3,198.1,24.8,0.378,1.99,0.616,7.804,0.519,4.903,0.922,2.18,3.92,-0.4,0.19,0.639
JADES164258,F200W,17.2,1.4,-4.8,5.6,208.9,21.0,0.233,1.853,0.654,7.997,0.891,3.601,0.286,1.25,1.66,-0.1,0.13,0.695
JADES164258,F277W,14.8,2.9,-3.8,7.9,241.1,36.3,0.267,1.721,0.402,7.819,0.354,2.247,1.077,1.01,0.38,-0.2,0.42,0.669
JADES164258,F335M,13.9,0.6,-1.9,6.2,241.0,25.5,0.224,1.52,0.543,8.493,0.359,1.813,0.217,1.39,0.84,0.04,0.07,0.645
JADES164258,F356W,15.6,2.3,1.4,9.5,270.6,28.2,0.309,1.739,0.0,12.475,0.0,2.725,1.39,1.02,0.55,-0.09,0.27,0.544
JADES168076,F090W,22.1,3.9,-7.0,11.9,153.4,21.3,0.31,0.775,0.236,8.034,0.297,5.075,1.667,6.01,2.75,0.39,0.07,0.75
JADES168076,F115W,23.8,3.4,-0.7,5.7,170.8,14.2,0.263,1.065,0.581,8.157,0.0,3.441,0.731,6.9,6.11,0.19,0.32,0.628
JADES168076,F150W,23.5,4.0,-0.2,3.5,193.9,15.6,0.293,1.233,0.566,8.078,0.0,5.625,2.072,3.87,2.07,0.05,0.22,0.528
JADES168076,F200W,23.5,3.1,3.0,2.7,177.9,7.2,0.256,1.065,0.358,8.006,0.0,3.214,0.649,6.33,5.75,0.16,0.14,0.523
JADES168076,F277W,24.2,6.7,-3.9,13.0,193.1,30.6,0.307,1.85,0.0,9.621,0.0,4.132,3.121,3.22,0.81,0.32,0.32,0.515
JADES168076,F356W,20.0,5.7,2.5,19.3,191.2,27.9,0.306,1.846,0.002,9.519,0.668,3.628,2.765,6.32,6.66,0.28,0.38,0.515
JADES168076,F410M,19.0,6.2,-1.7,21.8,185.7,29.9,0.32,1.645,0.239,9.597,0.0,2.915,1.847,6.08,6.6,0.04,0.34,0.531
JADES168076,F444W,19.6,7.3,0.1,19.3,184.6,31.1,0.307,1.679,0.184,9.608,0.0,2.916,2.057,6.05,6.1,0.09,0.34,0.535
JADES169951,F090W,13.9,6.9,-4.7,3.7,257.4,50.8,0.395,1.632,0.742,9.396,0.401,3.485,0.712,4.16,1.7,-0.23,0.32,0.588
JADES169951,F115W,14.5,6.3,-3.9,1.5,276.7,50.7,0.364,1.683,0.799,8.958,0.198,4.575,1.109,4.8,1.75,-0.28,0.25,0.519
JADES169951,F150W,15.3,7.4,-2.7,3.2,264.0,58.1,0.314,1.522,0.735,8.914,0.146,4.594,0.755,3.31,0.98,-0.11,0.22,0.519
JADES169951,F200W,16.2,6.0,-0.9,4.9,269.4,60.1,0.292,1.623,0.678,9.597,0.215,4.662,1.868,2.91,0.47,-0.01,0.1,0.492
JADES169951,F277W,16.8,6.4,-4.3,3.4,274.2,57.8,0.303,1.602,0.464,9.531,0.363,3.742,1.033,2.33,0.22,0.11,0.06,0.459
JADES169951,F356W,17.4,7.2,-3.4,2.2,267.6,62.8,0.29,1.622,0.404,8.906,0.301,3.63,0.958,2.03,0.53,0.21,0.18,0.475
JADES169951,F410M,17.2,7.1,-3.8,2.2,260.6,61.6,0.3,1.467,0.568,8.435,0.196,3.599,0.939,2.81,0.53,-0.01,0.13,0.506
JADES169951,F444W,18.0,7.5,-3.4,1.8,259.4,60.7,0.316,1.514,0.476,8.453,0.129,3.374,0.753,2.01,0.53,0.22,0.18,0.462
JADES188157,F090W,7.5,3.8,-1.9,1.5,418.0,71.7,0.29,2.007,0.992,8.224,0.443,1.665,0.449,8.45,4.77,0.01,0.31,0.746
JADES188157,F115W,14.0,6.1,-1.5,1.9,431.9,44.2,0.306,2.516,0.0,10.621,0.744,1.38,0.558,7.61,7.52,-0.24,0.23,0.551
JADES188157,F150W,11.4,4.1,-2.3,2.2,436.5,47.3,0.293,2.465,0.0,9.369,0.367,1.419,0.428,7.59,7.6,-0.49,0.02,0.514
JADES188157,F182M,11.8,4.3,-2.8,2.2,428.3,59.8,0.228,1.871,0.365,7.999,0.0,1.289,0.238,4.25,4.17,-0.04,0.37,0.6
JADES188157,F200W,11.6,3.9,-2.2,2.0,442.9,52.7,0.29,2.444,0.0,10.406,0.354,1.439,0.375,9.25,3.3,-0.5,0.0,0.468
JADES188157,F210M,9.9,2.3,-4.0,0.3,472.7,34.5,0.266,1.792,0.227,9.108,0.196,1.297,0.334,3.52,3.19,-0.19,0.04,0.527
JADES188157,F277W,11.0,4.0,-2.4,3.2,441.9,70.3,0.273,2.237,0.0,8.795,0.342,1.306,0.463,6.25,0.03,-0.11,0.16,0.443
JADES188157,F356W,11.7,4.3,-2.7,3.1,458.2,66.6,0.323,2.205,0.008,8.57,0.389,1.295,0.328,4.14,0.01,0.09,0.23,0.388
JADES188157,F410M,10.2,2.7,-0.4,4.7,446.9,66.8,0.344,2.168,0.027,8.171,0.208,1.086,0.279,5.81,0.41,-0.08,0.06,0.361
JADES188157,F444W,7.6,1.3,1.1,4.9,401.6,16.0,0.431,2.227,0.0,8.063,0.0,1.018,0.155,7.35,3.74,-0.31,0.19,0.325
JADES188429,F200W,9.6,1.8,-24.7,9.9,206.5,3.9,0.275,2.052,0.259,4.652,0.0,3.251,1.354,0.84,0.37,0.02,0.24,0.365
JADES188429,F210M,9.7,0.3,-26.7,3.6,202.3,3.2,0.325,2.197,0.335,4.636,0.0,3.381,1.751,1.01,0.3,-0.28,0.23,0.331
JADES188429,F277W,12.1,1.3,-24.1,8.6,209.1,0.8,0.258,2.074,0.118,5.141,0.199,2.23,0.444,0.63,0.23,0.03,0.21,0.324
JADES188429,F335M,10.7,1.2,-17.0,1.7,223.9,17.5,0.237,1.92,0.16,5.011,0.164,1.932,0.673,1.06,0.29,-0.2,0.14,0.345
JADES188429,F356W,12.8,0.8,-20.5,6.6,206.8,0.2,0.263,2.106,0.0,5.953,0.239,1.839,0.523,1.29,0.53,-0.28,0.2,0.32
JADES188429,F410M,12.8,0.7,-19.6,6.4,208.6,2.6,0.245,2.057,0.0,5.969,0.272,1.957,0.635,2.1,1.23,-0.33,0.17,0.346
JADES188429,F444W,13.1,1.0,-19.7,5.4,209.1,0.0,0.239,2.038,0.0,5.893,0.326,1.776,0.533,2.45,1.48,-0.36,0.13,0.353
